run,agent,week,type,no_response,partial_week_record,primary_chars,primary_exact_duplicate,primary_near_duplicate,primary_max_prior_jaccard,reflection_chars,reflection_exact_duplicate,reflection_near_duplicate,reflection_max_prior_jaccard
Run 1,Aaron Whitfield,1,joint,0,0,365,0,0,0.0,488,0,0,0.0
Run 1,Aaron Whitfield,1,solo,0,0,427,0,0,0.0,549,0,0,0.0
Run 1,Aaron Whitfield,1,solo,0,0,386,0,0,0.0,511,0,0,0.0
Run 1,Aaron Whitfield,1,solo,0,0,330,0,0,0.0,503,0,0,0.0
Run 1,Aaron Whitfield,1,solo,0,0,368,0,0,0.0,524,0,0,0.057143
Run 1,Aaron Whitfield,1,solo,0,0,430,0,0,0.024793,477,0,0,0.006098
Run 1,Aaron Whitfield,1,solo,0,0,425,0,0,0.006803,735,0,0,0.004717
Run 1,Aaron Whitfield,1,solo,0,0,466,0,0,0.0,643,0,0,0.009524
Run 1,Aaron Whitfield,1,solo,0,0,301,0,0,0.02,582,0,0,0.032864
Run 1,Aaron Whitfield,1,solo,0,0,399,0,0,0.046296,583,0,0,0.028249
Run 1,Aaron Whitfield,1,joint,0,0,329,0,0,0.0,568,0,0,0.0
Run 1,Aaron Whitfield,1,solo,0,0,327,0,0,0.034247,512,0,0,0.021164
Run 1,Aaron Whitfield,1,solo,0,0,458,0,0,0.040541,618,0,0,0.108225
Run 1,Aaron Whitfield,1,solo,0,0,270,0,0,0.0,467,0,0,0.011834
Run 1,Aaron Whitfield,1,solo,0,0,334,0,0,0.112,546,0,0,0.010929
Run 1,Aaron Whitfield,1,solo,0,0,337,0,0,0.067308,609,0,0,0.013953
Run 1,Aaron Whitfield,2,solo,0,0,391,0,0,0.608108,604,0,0,0.697842
Run 1,Aaron Whitfield,2,solo,0,0,278,0,0,0.009009,545,0,0,0.0
Run 1,Aaron Whitfield,2,solo,0,0,434,0,0,0.009346,581,0,0,0.015707
Run 1,Aaron Whitfield,2,solo,0,0,269,0,0,0.018018,477,0,0,0.041916
Run 1,Aaron Whitfield,2,solo,0,0,397,0,0,0.434783,604,1,0,1.0
Run 1,Aaron Whitfield,2,solo,0,0,340,0,0,0.016667,511,0,0,0.017857
Run 1,Aaron Whitfield,2,solo,0,0,360,0,0,0.138889,463,0,0,0.010989
Run 1,Aaron Whitfield,2,solo,0,0,440,0,0,0.008197,665,0,0,0.0
Run 1,Aaron Whitfield,2,solo,0,0,386,0,0,0.305882,526,0,0,0.63964
Run 1,Aaron Whitfield,2,solo,0,0,366,0,0,0.014085,612,0,0,0.005025
Run 1,Aaron Whitfield,2,solo,0,0,327,0,0,0.055556,544,0,0,0.034314
Run 1,Aaron Whitfield,2,solo,0,0,352,0,0,0.0,676,0,0,0.010256
Run 1,Aaron Whitfield,2,joint,1,0,11,0,0,0.0,0,0,0,0.0
Run 1,Aaron Whitfield,2,solo,0,0,327,1,0,1.0,701,0,0,0.430464
Run 1,Aaron Whitfield,2,solo,0,0,409,0,0,0.077586,624,0,0,0.024691
Run 1,Aaron Whitfield,2,solo,0,0,341,0,0,0.037037,561,0,0,0.040816
Run 1,Aaron Whitfield,2,solo,0,0,411,0,0,0.009524,659,0,0,0.030457
Run 1,Aaron Whitfield,2,solo,0,0,422,0,0,0.026144,615,0,0,0.015464
Run 1,Aaron Whitfield,3,joint,0,0,346,0,0,0.009901,542,0,0,0.005952
Run 1,Aaron Whitfield,3,solo,0,0,294,0,0,0.684211,769,0,0,0.048035
Run 1,Aaron Whitfield,3,solo,0,0,421,0,0,0.057971,612,0,0,0.013393
Run 1,Aaron Whitfield,3,solo,0,0,308,0,0,0.019048,507,0,0,0.021505
Run 1,Aaron Whitfield,3,solo,0,0,405,0,0,0.035211,623,0,0,0.028571
Run 1,Aaron Whitfield,3,solo,0,0,510,0,0,0.038462,510,0,0,0.058824
Run 1,Aaron Whitfield,3,solo,0,0,399,0,0,0.055556,727,0,0,0.220657
Run 1,Aaron Whitfield,3,solo,0,0,290,0,0,0.065421,567,0,0,0.010811
Run 1,Aaron Whitfield,3,solo,0,0,295,0,0,0.017094,614,0,0,0.011111
Run 1,Aaron Whitfield,3,solo,0,0,421,0,0,0.008696,619,0,0,0.009346
Run 1,Aaron Whitfield,3,solo,0,0,397,0,1,0.853659,612,1,0,1.0
Run 1,Aaron Whitfield,3,solo,0,0,312,0,0,0.051546,668,0,0,0.022222
Run 1,Aaron Whitfield,3,solo,0,0,550,0,0,0.053333,655,0,0,0.028571
Run 1,Aaron Whitfield,3,solo,0,0,506,0,0,0.006944,616,0,0,0.034653
Run 1,Aaron Whitfield,3,solo,0,0,386,0,1,0.84507,589,0,0,0.734848
Run 1,Aaron Whitfield,3,solo,0,0,239,0,0,0.060976,510,0,0,0.027624
Run 1,Aaron Whitfield,3,solo,0,0,443,0,0,0.061947,658,0,0,0.016461
Run 1,Aaron Whitfield,3,solo,0,0,340,0,0,0.030534,630,0,0,0.042453
Run 1,Aaron Whitfield,4,solo,0,0,397,1,0,1.0,569,0,0,0.766129
Run 1,Aaron Whitfield,4,solo,0,0,453,0,0,0.015625,714,0,0,0.014354
Run 1,Aaron Whitfield,4,solo,0,0,341,0,0,0.017699,633,0,0,0.015625
Run 1,Aaron Whitfield,4,solo,0,0,399,0,0,0.05036,598,0,0,0.029557
Run 1,Aaron Whitfield,4,solo,0,0,381,0,0,0.726027,633,0,0,0.563636
Run 1,Aaron Whitfield,4,solo,0,0,423,0,0,0.016393,532,0,0,0.054645
Run 1,Aaron Whitfield,4,solo,0,0,539,0,0,0.038462,546,0,0,0.024038
Run 1,Aaron Whitfield,4,solo,0,0,352,0,0,0.0,594,0,0,0.0
Run 1,Aaron Whitfield,4,joint,1,0,11,1,0,0.0,0,0,0,0.0
Run 1,Aaron Whitfield,4,solo,0,0,313,0,0,0.293478,635,0,1,0.919355
Run 1,Aaron Whitfield,4,solo,0,0,399,0,1,0.82716,601,0,0,0.00995
Run 1,Aaron Whitfield,4,solo,0,0,292,0,0,0.037879,573,0,0,0.015075
Run 1,Aaron Whitfield,4,solo,0,0,407,0,0,0.048077,489,0,0,0.016393
Run 1,Aaron Whitfield,4,solo,0,0,286,0,0,0.116071,572,0,0,0.061538
Run 1,Aaron Whitfield,4,solo,1,0,11,0,0,0.0,11,0,0,0.0
Run 1,Aaron Whitfield,4,solo,0,0,358,0,0,0.051546,498,0,0,0.065217
Run 1,Aaron Whitfield,4,solo,0,0,630,0,0,0.044025,514,0,0,0.014423
Run 1,Aaron Whitfield,4,solo,0,0,439,0,0,0.025773,487,0,0,0.029268
Run 1,Aaron Whitfield,5,joint,1,0,11,1,0,0.0,0,0,0,0.0
Run 1,Aaron Whitfield,5,solo,0,0,383,0,1,0.848485,697,0,0,0.606452
Run 1,Aaron Whitfield,5,solo,0,0,416,0,0,0.132812,692,0,1,0.857143
Run 1,Aaron Whitfield,5,solo,0,0,354,0,0,0.009259,789,0,0,0.017167
Run 1,Aaron Whitfield,5,solo,0,0,442,0,0,0.069444,458,0,0,0.022472
Run 1,Aaron Whitfield,5,solo,0,0,356,0,0,0.027027,552,0,0,0.014423
Run 1,Aaron Whitfield,5,solo,0,0,448,0,0,0.65,695,0,1,0.925926
Run 1,Aaron Whitfield,5,solo,0,0,378,0,0,0.017699,485,0,0,0.030457
Run 1,Aaron Whitfield,5,solo,0,0,384,0,0,0.041379,653,0,0,0.068182
Run 1,Aaron Whitfield,5,solo,0,0,287,0,0,0.041667,595,0,0,0.025907
Run 1,Aaron Whitfield,5,joint,1,0,11,1,0,0.0,0,0,0,0.0
Run 1,Aaron Whitfield,5,solo,0,0,450,0,1,0.868421,697,1,0,1.0
Run 1,Aaron Whitfield,5,solo,0,0,381,1,0,1.0,728,0,1,0.893617
Run 1,Aaron Whitfield,5,solo,0,0,265,0,0,0.109756,552,0,0,0.044554
Run 1,Aaron Whitfield,5,solo,0,0,396,0,0,0.117021,637,0,0,0.024155
Run 1,Aaron Whitfield,5,solo,0,0,372,0,0,0.026316,616,0,0,0.029851
Run 1,Aaron Whitfield,6,solo,0,0,381,1,0,1.0,967,0,0,0.55102
Run 1,Aaron Whitfield,6,solo,0,0,412,0,0,0.008475,511,0,0,0.017857
Run 1,Aaron Whitfield,6,solo,0,0,302,0,0,0.037037,527,0,0,0.031088
Run 1,Aaron Whitfield,6,solo,0,0,300,0,0,0.028571,630,0,0,0.010471
Run 1,Aaron Whitfield,6,solo,0,0,448,1,0,1.0,967,1,0,1.0
Run 1,Aaron Whitfield,6,solo,0,0,355,0,0,0.072581,516,0,0,0.052083
Run 1,Aaron Whitfield,6,solo,0,0,353,0,0,0.051724,510,0,0,0.020101
Run 1,Aaron Whitfield,6,solo,0,0,382,0,0,0.099099,610,0,0,0.027523
Run 1,Aaron Whitfield,6,joint,1,0,11,1,0,0.0,0,0,0,0.0
Run 1,Aaron Whitfield,6,solo,0,0,428,0,0,0.236842,1145,0,0,0.299674
Run 1,Aaron Whitfield,6,solo,0,0,448,1,0,1.0,967,1,0,1.0
Run 1,Aaron Whitfield,6,solo,0,0,467,0,0,0.043796,631,0,0,0.055276
Run 1,Aaron Whitfield,6,solo,0,0,366,0,0,0.088,494,0,0,0.022346
Run 1,Aaron Whitfield,6,solo,0,0,602,0,0,0.017241,532,0,0,0.013393
Run 1,Aaron Whitfield,6,solo,0,0,448,1,0,1.0,967,1,0,1.0
Run 1,Aaron Whitfield,6,solo,0,0,312,0,0,0.022901,599,0,0,0.015873
Run 1,Aaron Whitfield,6,solo,0,0,378,0,0,0.080357,523,0,0,0.046392
Run 1,Aaron Whitfield,6,solo,0,0,335,0,0,0.018868,480,0,0,0.016949
Run 1,Aaron Whitfield,7,solo,0,0,423,0,0,0.628205,735,0,0,0.568345
Run 1,Aaron Whitfield,7,solo,0,0,368,0,0,0.043478,649,0,0,0.023256
Run 1,Aaron Whitfield,7,solo,0,0,442,0,0,0.016129,609,0,0,0.05102
Run 1,Aaron Whitfield,7,solo,0,0,425,0,0,0.04065,549,0,0,0.035714
Run 1,Aaron Whitfield,7,solo,0,0,448,1,0,1.0,674,0,0,0.646259
Run 1,Aaron Whitfield,7,solo,0,0,385,0,0,0.053571,510,0,0,0.032787
Run 1,Aaron Whitfield,7,solo,0,0,404,0,0,0.074627,612,0,0,0.049751
Run 1,Aaron Whitfield,7,solo,0,0,488,0,0,0.03252,585,0,0,0.028302
Run 1,Aaron Whitfield,7,solo,0,0,448,1,0,1.0,664,0,1,0.898438
Run 1,Aaron Whitfield,7,solo,0,0,421,0,0,0.051724,544,0,0,0.005848
Run 1,Aaron Whitfield,7,solo,0,0,263,0,0,0.066667,555,0,0,0.027778
Run 1,Aaron Whitfield,7,solo,0,0,303,0,0,0.008696,512,0,0,0.048128
Run 1,Aaron Whitfield,7,joint,1,0,11,1,0,0.0,0,0,0,0.0
Run 1,Aaron Whitfield,7,solo,1,0,376,0,1,0.857143,11,1,0,0.0
Run 1,Aaron Whitfield,7,solo,1,0,11,1,0,0.0,11,1,0,0.0
Run 1,Aaron Whitfield,7,solo,0,0,423,0,0,0.05036,585,0,0,0.036866
Run 1,Aaron Whitfield,7,solo,0,0,268,0,0,0.045455,574,0,0,0.039604
Run 1,Aaron Whitfield,7,solo,0,0,316,0,0,0.008,492,0,0,0.023392
Run 1,Aaron Whitfield,8,solo,0,0,423,1,0,1.0,762,0,0,0.544379
Run 1,Aaron Whitfield,8,solo,0,0,387,0,0,0.052632,614,0,0,0.07619
Run 1,Aaron Whitfield,8,solo,0,0,401,0,0,0.055118,516,0,0,0.072917
Run 1,Aaron Whitfield,8,solo,0,0,593,0,0,0.018868,581,0,0,0.042328
Run 1,Aaron Whitfield,8,solo,0,0,423,1,0,1.0,762,1,0,1.0
Run 1,Aaron Whitfield,8,solo,0,0,328,0,0,0.062016,619,0,0,0.010152
Run 1,Aaron Whitfield,8,solo,0,0,337,0,0,0.068376,642,0,0,0.028037
Run 1,Aaron Whitfield,8,solo,0,0,392,0,0,0.040323,567,0,0,0.011236
Run 1,Aaron Whitfield,8,solo,0,0,353,0,0,0.470588,691,0,0,0.192661
Run 1,Aaron Whitfield,8,solo,0,0,315,0,0,0.198113,623,0,0,0.065728
Run 1,Aaron Whitfield,8,solo,0,0,390,0,0,0.045455,482,0,0,0.015957
Run 1,Aaron Whitfield,8,solo,0,0,437,0,0,0.084746,615,0,0,0.032086
Run 1,Aaron Whitfield,8,solo,0,0,434,0,0,0.779221,672,0,0,0.467532
Run 1,Aaron Whitfield,8,solo,0,0,463,0,0,0.071429,531,0,0,0.034483
Run 1,Aaron Whitfield,8,solo,0,0,456,0,0,0.072581,518,0,0,0.033654
Run 1,Aaron Whitfield,8,solo,0,0,367,0,0,0.084746,674,0,0,0.031111
Run 1,Aaron Whitfield,8,solo,1,0,11,1,0,0.0,11,1,0,0.0
Run 1,Aaron Whitfield,8,solo,0,0,438,0,0,0.023438,691,0,0,0.039474
Run 1,Aaron Whitfield,8,solo,0,0,531,0,0,0.104575,555,0,0,0.030928
Run 1,Aaron Whitfield,8,solo,0,0,263,0,0,0.098901,447,0,0,0.045714
Run 1,Aaron Whitfield,9,joint,1,0,11,1,0,0.0,0,0,0,0.0
Run 1,Aaron Whitfield,9,solo,0,0,424,0,0,0.755814,1099,0,0,0.46875
Run 1,Aaron Whitfield,9,solo,0,0,422,0,1,0.873418,1097,0,1,0.952153
Run 1,Aaron Whitfield,9,solo,0,0,379,0,0,0.11215,604,0,0,0.016304
Run 1,Aaron Whitfield,9,solo,0,0,418,0,0,0.053435,723,0,0,0.0181
Run 1,Aaron Whitfield,9,solo,0,0,420,0,0,0.078125,630,0,0,0.034783
Run 1,Aaron Whitfield,9,solo,0,0,546,0,0,0.68,1099,1,0,1.0
Run 1,Aaron Whitfield,9,solo,0,0,516,0,0,0.077465,569,0,0,0.104651
Run 1,Aaron Whitfield,9,solo,0,0,279,0,0,0.225,549,0,0,0.03352
Run 1,Aaron Whitfield,9,solo,0,0,323,0,0,0.040404,679,0,0,0.044554
Run 1,Aaron Whitfield,9,solo,0,0,406,0,1,0.883117,1099,1,0,1.0
Run 1,Aaron Whitfield,9,solo,0,0,337,0,0,0.017857,658,0,0,0.038647
Run 1,Aaron Whitfield,9,solo,0,0,431,0,0,0.131148,676,0,0,0.029126
Run 1,Aaron Whitfield,9,solo,0,0,353,0,0,0.021898,456,0,0,0.035714
Run 1,Aaron Whitfield,9,joint,1,0,11,1,0,0.0,0,0,0,0.0
Run 1,Aaron Whitfield,9,solo,1,0,11,1,0,0.0,11,1,0,0.0
Run 1,Aaron Whitfield,10,solo,0,0,406,1,0,1.0,773,0,0,0.480663
Run 1,Aaron Whitfield,10,solo,0,0,484,0,0,0.105634,557,0,0,0.025253
Run 1,Aaron Whitfield,10,solo,0,0,389,0,0,0.188679,549,0,0,0.04186
Run 1,Aaron Whitfield,10,solo,0,0,334,0,0,0.150943,627,0,0,0.06422
Run 1,Aaron Whitfield,10,solo,0,0,423,0,1,0.848101,537,0,0,0.77
Run 1,Aaron Whitfield,10,solo,0,0,395,0,0,0.204545,585,0,0,0.03125
Run 1,Aaron Whitfield,10,solo,0,0,505,0,0,0.034965,718,0,0,0.027027
Run 1,Aaron Whitfield,10,solo,0,0,430,0,0,0.082569,567,0,0,0.010582
Run 1,Aaron Whitfield,10,solo,0,0,406,1,0,1.0,773,1,0,1.0
Run 1,Aaron Whitfield,10,solo,0,0,365,0,0,0.18,540,0,0,0.022472
Run 1,Aaron Whitfield,10,solo,0,0,361,0,0,0.164948,706,0,0,0.059113
Run 1,Aaron Whitfield,10,solo,0,0,561,0,0,0.06993,560,0,0,0.027174
Run 1,Aaron Whitfield,10,joint,1,0,11,1,0,0.0,0,0,0,0.0
Run 1,Aaron Whitfield,10,solo,1,0,367,0,0,0.033898,11,1,0,0.0
Run 1,Aaron Whitfield,10,solo,1,0,406,1,0,1.0,11,1,0,0.0
Run 1,Aaron Whitfield,10,solo,0,0,368,0,0,0.045455,631,0,0,0.046218
Run 1,Aaron Whitfield,10,solo,0,0,399,0,0,0.15625,549,0,0,0.020942
Run 1,Aaron Whitfield,10,solo,0,0,365,0,0,0.067308,545,0,0,0.060773
Run 1,Aaron Whitfield,11,solo,0,0,406,1,0,1.0,579,0,0,0.735849
Run 1,Aaron Whitfield,11,solo,0,0,318,0,0,0.12381,586,0,0,0.022472
Run 1,Aaron Whitfield,11,solo,0,0,363,0,0,0.184466,696,0,0,0.038835
Run 1,Aaron Whitfield,11,solo,0,0,452,0,0,0.061538,571,0,0,0.014493
Run 1,Aaron Whitfield,11,solo,0,0,552,0,0,0.731959,572,0,0,0.586207
Run 1,Aaron Whitfield,11,solo,0,0,389,0,0,0.090909,508,0,0,0.026455
Run 1,Aaron Whitfield,11,solo,0,0,396,0,0,0.12844,527,0,0,0.061798
Run 1,Aaron Whitfield,11,solo,0,0,461,0,0,0.067797,848,0,0,0.034091
Run 1,Aaron Whitfield,11,solo,0,0,489,0,1,0.816092,692,0,1,0.806723
Run 1,Aaron Whitfield,11,solo,0,0,487,0,0,0.046875,549,0,0,0.038462
Run 1,Aaron Whitfield,11,solo,0,0,327,0,0,0.083333,610,0,0,0.043478
Run 1,Aaron Whitfield,11,solo,0,0,408,0,0,0.064815,613,0,0,0.033981
Run 1,Aaron Whitfield,11,solo,0,0,489,1,0,1.0,692,1,0,1.0
Run 1,Aaron Whitfield,11,solo,0,0,356,0,0,0.15625,606,0,0,0.068966
Run 1,Aaron Whitfield,11,solo,0,0,396,0,0,0.148515,639,0,0,0.02439
Run 1,Aaron Whitfield,11,solo,0,0,713,0,0,0.01087,628,0,0,0.028302
Run 1,Aaron Whitfield,11,solo,1,0,11,1,0,0.0,11,1,0,0.0
Run 1,Aaron Whitfield,11,solo,0,0,386,0,0,0.078947,471,0,0,0.015544
Run 1,Aaron Whitfield,11,solo,0,0,509,0,0,0.049645,739,0,0,0.024242
Run 1,Aaron Whitfield,11,solo,0,0,279,0,0,0.076923,592,0,0,0.010309
Run 1,Aaron Whitfield,12,solo,0,0,406,1,0,1.0,672,0,0,0.638889
Run 1,Aaron Whitfield,12,solo,0,0,304,0,0,0.084211,681,0,0,0.034146
Run 1,Aaron Whitfield,12,solo,0,0,357,0,0,0.18,625,0,0,0.03125
Run 1,Aaron Whitfield,12,solo,0,0,259,0,0,0.029703,574,0,0,0.083799
Run 1,Aaron Whitfield,12,solo,0,0,406,1,0,1.0,672,1,0,1.0
Run 1,Aaron Whitfield,12,solo,0,0,387,0,0,0.150943,564,0,0,0.041475
Run 1,Aaron Whitfield,12,solo,0,0,323,0,0,0.202247,539,0,0,0.047619
Run 1,Aaron Whitfield,12,solo,0,0,433,0,0,0.071429,646,0,0,0.031111
Run 1,Aaron Whitfield,12,joint,1,0,11,1,0,0.0,0,0,0,0.0
Run 1,Aaron Whitfield,12,solo,0,0,574,0,0,0.673267,672,1,0,1.0
Run 1,Aaron Whitfield,12,solo,0,0,406,1,0,1.0,672,1,0,1.0
Run 1,Aaron Whitfield,12,solo,0,0,355,0,0,0.148936,555,0,0,0.064516
Run 1,Aaron Whitfield,12,solo,0,0,339,0,0,0.142857,657,0,0,0.056701
Run 1,Aaron Whitfield,12,solo,0,0,414,0,0,0.063636,593,0,0,0.030973
Run 1,Aaron Whitfield,12,joint,1,0,11,1,0,0.0,0,0,0,0.0
Run 1,Aaron Whitfield,12,solo,1,0,11,1,0,0.0,11,1,0,0.0
Run 1,Aaron Whitfield,13,solo,0,0,406,1,0,1.0,533,0,1,0.852632
Run 1,Aaron Whitfield,13,solo,0,0,336,0,0,0.151515,563,0,0,0.065
Run 1,Aaron Whitfield,13,solo,0,0,431,0,0,0.109091,590,0,0,0.026316
Run 1,Aaron Whitfield,13,solo,0,0,381,0,0,0.084746,649,0,0,0.034826
Run 1,Aaron Whitfield,13,solo,0,0,406,1,0,1.0,670,0,0,0.778761
Run 1,Aaron Whitfield,13,solo,0,0,339,0,0,0.008547,727,0,0,0.04721
Run 1,Aaron Whitfield,13,solo,0,0,346,0,0,0.17757,529,0,0,0.023392
Run 1,Aaron Whitfield,13,solo,0,0,459,0,0,0.051095,645,0,0,0.026316
Run 1,Aaron Whitfield,13,joint,1,0,11,1,0,0.0,0,0,0,0.0
Run 1,Aaron Whitfield,13,solo,0,0,408,0,1,0.883117,533,1,0,1.0
Run 1,Aaron Whitfield,13,solo,0,0,406,1,0,1.0,533,1,0,1.0
Run 1,Aaron Whitfield,13,solo,0,0,409,0,0,0.04386,566,0,0,0.062147
Run 1,Aaron Whitfield,13,solo,0,0,318,0,0,0.088235,548,0,0,0.085227
Run 1,Aaron Whitfield,13,solo,0,0,358,0,0,0.030864,527,0,0,0.05625
Run 1,Aaron Whitfield,13,solo,0,0,406,1,0,1.0,670,1,0,1.0
Run 1,Aaron Whitfield,13,solo,0,0,370,0,0,0.072165,573,0,0,0.041885
Run 1,Aaron Whitfield,13,solo,0,0,321,0,0,0.202532,496,0,0,0.063492
Run 1,Aaron Whitfield,13,solo,0,0,300,0,0,0.2,571,0,0,0.048309
Run 1,Aaron Whitfield,14,joint,1,0,11,1,0,0.0,0,0,0,0.0
Run 1,Aaron Whitfield,14,solo,0,0,520,0,0,0.78022,687,0,0,0.674797
Run 1,Aaron Whitfield,14,solo,0,0,485,0,1,0.816092,687,1,0,1.0
Run 1,Aaron Whitfield,14,solo,0,0,293,0,0,0.230769,584,0,0,0.034091
Run 1,Aaron Whitfield,14,solo,0,0,442,0,0,0.075472,672,0,0,0.02008
Run 1,Aaron Whitfield,14,solo,0,0,362,0,0,0.0,653,0,0,0.03653
Run 1,Aaron Whitfield,14,solo,0,0,406,1,0,1.0,687,1,0,1.0
Run 1,Aaron Whitfield,14,solo,0,0,362,0,0,0.075472,678,0,0,0.037559
Run 1,Aaron Whitfield,14,solo,0,0,392,0,0,0.193182,504,0,0,0.028736
Run 1,Aaron Whitfield,14,solo,0,0,390,0,0,0.098214,525,0,0,0.044944
Run 1,Aaron Whitfield,14,solo,0,0,406,1,0,1.0,687,1,0,1.0
Run 1,Aaron Whitfield,14,solo,0,0,306,0,0,0.027523,699,0,0,0.049774
Run 1,Aaron Whitfield,14,solo,0,0,436,0,0,0.190476,518,0,0,0.022472
Run 1,Aaron Whitfield,14,solo,0,0,403,0,0,0.056604,646,0,0,0.039216
Run 1,Aaron Whitfield,14,solo,1,0,11,1,0,0.0,11,1,0,0.0
Run 1,Aaron Whitfield,14,solo,0,0,391,0,0,0.041322,642,0,0,0.029126
Run 1,Aaron Whitfield,14,solo,0,0,384,0,0,0.136364,591,0,0,0.041026
Run 1,Aaron Whitfield,14,solo,0,0,364,0,0,0.063063,609,0,0,0.024631
Run 1,Aaron Whitfield,15,solo,0,0,485,1,0,1.0,666,0,0,0.68595
Run 1,Aaron Whitfield,15,solo,0,0,508,0,0,0.078125,560,0,0,0.056818
Run 1,Aaron Whitfield,15,solo,0,0,388,0,0,0.02439,676,0,0,0.060914
Run 1,Aaron Whitfield,15,solo,0,0,360,0,0,0.186047,563,0,0,0.059172
Run 1,Aaron Whitfield,15,joint,1,0,11,1,0,0.0,0,0,0,0.0
Run 1,Aaron Whitfield,15,solo,0,0,487,0,1,0.891304,666,1,0,1.0
Run 1,Aaron Whitfield,15,solo,0,0,470,0,1,0.89011,666,1,0,1.0
Run 1,Aaron Whitfield,15,solo,0,0,379,0,0,0.177083,750,0,0,0.026906
Run 1,Aaron Whitfield,15,solo,0,0,394,0,0,0.182796,729,0,0,0.072816
Run 1,Aaron Whitfield,15,solo,0,0,485,0,0,0.080882,616,0,0,0.057592
Run 1,Aaron Whitfield,15,solo,0,0,547,0,0,0.028571,643,0,0,0.042373
Run 1,Aaron Whitfield,15,solo,0,0,398,0,0,0.182692,473,0,0,0.029586
Run 1,Aaron Whitfield,15,solo,0,0,405,0,0,0.047619,625,0,0,0.022523
Run 1,Aaron Whitfield,15,solo,0,0,352,0,0,0.140351,515,0,0,0.032787
Run 1,Aaron Whitfield,15,solo,1,0,11,1,0,0.0,11,1,0,0.0
Run 1,Aaron Whitfield,15,solo,0,0,330,0,0,0.089431,497,0,0,0.060109
Run 1,Aaron Whitfield,15,solo,0,0,272,0,0,0.07,567,0,0,0.041667
Run 1,Aaron Whitfield,15,solo,0,0,404,0,0,0.084746,532,0,0,0.051136
Run 1,Aaron Whitfield,16,solo,0,0,485,1,0,1.0,626,0,0,0.684211
Run 1,Aaron Whitfield,16,solo,0,0,354,0,0,0.020408,575,0,0,0.040609
Run 1,Aaron Whitfield,16,solo,0,0,376,0,0,0.13,504,0,0,0.057143
Run 1,Aaron Whitfield,16,solo,0,0,382,0,0,0.054054,557,0,0,0.010471
Run 1,Aaron Whitfield,16,solo,0,0,406,1,0,1.0,626,1,0,1.0
Run 1,Aaron Whitfield,16,solo,0,0,259,0,0,0.044944,511,0,0,0.031847
Run 1,Aaron Whitfield,16,solo,0,0,373,0,0,0.023438,676,0,0,0.028436
Run 1,Aaron Whitfield,16,solo,0,0,371,0,0,0.116505,743,0,0,0.031915
Run 1,Aaron Whitfield,16,joint,1,0,11,1,0,0.0,0,0,0,0.0
Run 1,Aaron Whitfield,16,solo,0,0,408,1,0,1.0,626,1,0,1.0
Run 1,Aaron Whitfield,16,solo,0,0,485,1,0,1.0,717,0,0,0.594406
Run 1,Aaron Whitfield,16,solo,0,0,412,0,0,0.195652,668,0,0,0.058824
Run 1,Aaron Whitfield,16,solo,0,0,373,0,0,0.179775,620,0,0,0.056075
Run 1,Aaron Whitfield,16,solo,0,0,379,0,0,0.191011,680,0,0,0.058091
Run 1,Aaron Whitfield,16,solo,1,0,11,1,0,0.0,11,1,0,0.0
Run 1,Aaron Whitfield,16,solo,0,0,433,0,0,0.022901,542,0,0,0.023529
Run 1,Aaron Whitfield,16,solo,0,0,235,0,0,0.180723,569,0,0,0.03125
Run 1,Aaron Whitfield,16,solo,0,0,308,0,0,0.026786,487,0,0,0.065089
Run 1,Aaron Whitfield,17,solo,0,0,406,1,0,1.0,543,0,0,0.787879
Run 1,Aaron Whitfield,17,solo,0,0,417,0,0,0.077586,531,0,0,0.150943
Run 1,Aaron Whitfield,17,solo,0,0,383,0,0,0.053571,536,0,0,0.086957
Run 1,Aaron Whitfield,17,solo,0,0,320,0,0,0.045455,556,0,0,0.032086
Run 1,Aaron Whitfield,17,solo,0,0,485,1,0,1.0,543,1,0,1.0
Run 1,Aaron Whitfield,17,solo,0,0,325,0,0,0.130841,517,0,0,0.05988
Run 1,Aaron Whitfield,17,solo,0,0,362,0,0,0.117647,575,0,0,0.119565
Run 1,Aaron Whitfield,17,solo,0,0,492,0,0,0.042017,714,0,0,0.018433
Run 1,Aaron Whitfield,17,solo,0,0,406,1,0,1.0,543,1,0,1.0
Run 1,Aaron Whitfield,17,solo,0,0,448,0,0,0.037313,557,0,0,0.102273
Run 1,Aaron Whitfield,17,solo,0,0,432,0,0,0.23,577,0,0,0.055838
Run 1,Aaron Whitfield,17,solo,0,0,381,0,0,0.043103,646,0,0,0.049261
Run 1,Aaron Whitfield,17,solo,0,0,406,1,0,1.0,543,1,0,1.0
Run 1,Aaron Whitfield,17,solo,0,0,283,0,0,0.1,532,0,0,0.045977
Run 1,Aaron Whitfield,17,solo,0,0,408,0,0,0.171429,572,0,0,0.093567
Run 1,Aaron Whitfield,17,solo,0,0,367,0,0,0.070423,671,0,0,0.064039
Run 1,Aaron Whitfield,17,solo,1,0,11,1,0,0.0,11,1,0,0.0
Run 1,Aaron Whitfield,17,solo,0,0,389,0,0,0.078261,495,0,0,0.052083
Run 1,Aaron Whitfield,17,solo,0,0,302,0,0,0.017857,622,0,0,0.061538
Run 1,Aaron Whitfield,17,solo,0,0,307,0,0,0.091743,482,0,0,0.034884
Run 1,Aaron Whitfield,18,solo,0,0,406,1,0,1.0,570,0,1,0.858586
Run 1,Aaron Whitfield,18,solo,0,0,469,0,0,0.146789,649,0,0,0.069307
Run 1,Aaron Whitfield,18,solo,0,0,260,0,0,0.136842,582,0,0,0.06044
Run 1,Aaron Whitfield,18,solo,0,0,326,0,0,0.102041,697,0,0,0.028986
Run 1,Aaron Whitfield,18,solo,0,0,406,1,0,1.0,570,1,0,1.0
Run 1,Aaron Whitfield,18,solo,0,0,369,0,0,0.035461,671,0,0,0.029412
Run 1,Aaron Whitfield,18,solo,0,0,416,0,0,0.197917,701,0,0,0.05
Run 1,Aaron Whitfield,18,solo,0,0,367,0,0,0.188235,583,0,0,0.046632
Run 1,Aaron Whitfield,18,solo,0,0,406,1,0,1.0,704,0,0,0.791667
Run 1,Aaron Whitfield,18,solo,0,0,261,0,0,0.043956,384,0,0,0.026846
Run 1,Aaron Whitfield,18,solo,0,0,343,0,0,0.186047,635,0,0,0.025773
Run 1,Aaron Whitfield,18,solo,0,0,366,0,0,0.067961,634,0,0,0.048673
Run 1,Aaron Whitfield,18,joint,1,0,11,1,0,0.0,0,0,0,0.0
Run 1,Aaron Whitfield,18,solo,1,0,11,1,0,0.0,11,1,0,0.0
Run 1,Aaron Whitfield,18,solo,1,0,11,1,0,0.0,11,1,0,0.0
Run 1,Aaron Whitfield,18,solo,0,0,177,0,0,0.05,497,0,0,0.027273
Run 1,Aaron Whitfield,18,solo,0,0,437,0,0,0.095238,660,0,0,0.050505
Run 1,Aaron Whitfield,18,solo,0,0,407,0,0,0.044118,551,0,0,0.054348
Run 1,Aaron Whitfield,19,joint,1,0,11,1,0,0.0,0,0,0,0.0
Run 1,Aaron Whitfield,19,solo,0,0,312,0,0,0.247525,536,0,1,0.882979
Run 1,Aaron Whitfield,19,joint,0,0,342,0,0,0.0,549,0,0,0.0
Run 1,Aaron Whitfield,19,solo,0,0,321,0,0,0.329268,536,1,0,1.0
Run 1,Aaron Whitfield,19,solo,0,0,406,1,0,1.0,536,1,0,1.0
Run 1,Aaron Whitfield,19,solo,0,0,357,0,0,0.041322,509,0,0,0.029557
Run 1,Aaron Whitfield,19,solo,0,0,356,0,0,0.255814,605,0,0,0.057522
Run 1,Aaron Whitfield,19,solo,0,0,412,0,0,0.161616,645,0,0,0.020202
Run 1,Aaron Whitfield,19,solo,0,0,406,1,0,1.0,536,1,0,1.0
Run 1,Aaron Whitfield,19,solo,0,0,374,0,0,0.110092,675,0,0,0.031579
Run 1,Aaron Whitfield,19,solo,0,0,360,0,0,0.180851,631,0,0,0.041237
Run 1,Aaron Whitfield,19,solo,0,0,307,0,0,0.044248,602,0,0,0.065
Run 1,Aaron Whitfield,19,solo,0,0,406,1,0,1.0,536,1,0,1.0
Run 1,Aaron Whitfield,19,solo,0,0,288,0,0,0.165049,749,0,0,0.061611
Run 1,Aaron Whitfield,19,solo,0,0,491,0,0,0.09322,629,0,0,0.044444
Run 1,Aaron Whitfield,19,solo,0,0,320,0,0,0.098039,492,0,0,0.100592
Run 1,Aaron Whitfield,20,joint,1,0,11,1,0,0.0,0,0,0,0.0
Run 1,Aaron Whitfield,20,solo,0,0,481,0,1,0.8875,647,0,0,0.709402
Run 1,Aaron Whitfield,20,solo,0,0,335,0,0,0.3125,647,1,0,1.0
Run 1,Aaron Whitfield,20,solo,0,0,328,0,0,0.06422,660,0,0,0.041667
Run 1,Aaron Whitfield,20,solo,0,0,321,0,0,0.197531,702,0,0,0.075377
Run 1,Aaron Whitfield,20,solo,0,0,378,0,0,0.175824,567,0,0,0.042553
Run 1,Aaron Whitfield,20,solo,0,0,343,0,1,0.944444,682,0,0,0.055046
Run 1,Aaron Whitfield,20,solo,0,0,257,0,0,0.338028,503,0,0,0.076471
Run 1,Aaron Whitfield,20,solo,0,0,381,0,0,0.059322,594,0,0,0.020513
Run 1,Aaron Whitfield,20,solo,0,0,307,0,0,0.223684,502,0,0,0.030457
Run 1,Aaron Whitfield,20,joint,1,0,11,1,0,0.0,0,0,0,0.0
Run 1,Aaron Whitfield,20,solo,0,0,457,0,0,0.466667,647,1,0,1.0
Run 1,Aaron Whitfield,20,solo,0,0,304,0,0,0.017699,683,0,0,0.026906
Run 1,Aaron Whitfield,20,solo,0,0,322,0,0,0.078431,625,0,0,0.030612
Run 1,Aaron Whitfield,20,solo,0,0,358,0,0,0.028571,580,0,0,0.069892
Run 1,Aaron Whitfield,20,solo,0,0,401,0,0,0.013889,622,0,0,0.009662
Run 1,Aaron Whitfield,21,joint,1,0,11,1,0,0.0,0,0,0,0.0
Run 1,Aaron Whitfield,21,solo,0,0,457,1,0,1.0,573,0,1,0.868687
Run 1,Aaron Whitfield,21,solo,0,0,460,0,1,0.910256,573,1,0,1.0
Run 1,Aaron Whitfield,21,solo,0,0,390,0,0,0.108911,606,0,0,0.036458
Run 1,Aaron Whitfield,21,solo,0,0,336,0,0,0.209302,538,0,0,0.165644
Run 1,Aaron Whitfield,21,solo,0,0,635,0,0,0.137405,560,0,0,0.069149
Run 1,Aaron Whitfield,21,solo,0,0,460,0,1,0.833333,705,0,1,0.808333
Run 1,Aaron Whitfield,21,solo,0,0,395,0,0,0.22093,580,0,0,0.058824
Run 1,Aaron Whitfield,21,solo,0,0,411,0,0,0.27907,538,0,0,0.050562
Run 1,Aaron Whitfield,21,solo,0,0,305,0,0,0.168675,526,0,0,0.141104
Run 1,Aaron Whitfield,21,solo,0,0,455,0,1,0.878049,705,1,0,1.0
Run 1,Aaron Whitfield,21,solo,0,0,307,0,0,0.061069,592,0,0,0.037838
Run 1,Aaron Whitfield,21,solo,0,0,447,0,0,0.129032,734,0,0,0.036866
Run 1,Aaron Whitfield,21,solo,0,0,454,0,0,0.05042,638,0,0,0.044053
Run 1,Aaron Whitfield,21,solo,1,0,11,1,0,0.0,11,1,0,0.0
Run 1,Aaron Whitfield,21,solo,0,0,280,0,0,0.020619,627,0,0,0.037037
Run 1,Aaron Whitfield,21,solo,0,0,390,0,0,0.057377,508,0,0,0.083799
Run 1,Aaron Whitfield,21,solo,0,0,275,0,0,0.021739,459,0,0,0.035503
Run 1,Aaron Whitfield,22,solo,0,0,457,1,0,1.0,621,0,0,0.768519
Run 1,Aaron Whitfield,22,solo,0,0,378,0,0,0.06087,602,0,0,0.030973
Run 1,Aaron Whitfield,22,solo,0,0,346,0,0,0.078947,702,0,0,0.024155
Run 1,Aaron Whitfield,22,solo,0,0,471,0,0,0.157895,567,0,0,0.048128
Run 1,Aaron Whitfield,22,solo,0,0,457,1,0,1.0,621,1,0,1.0
Run 1,Aaron Whitfield,22,solo,0,0,361,0,0,0.095238,640,0,0,0.064516
Run 1,Aaron Whitfield,22,solo,0,0,359,0,0,0.102804,585,0,0,0.065217
Run 1,Aaron Whitfield,22,solo,0,0,396,0,0,0.071429,702,0,0,0.026667
Run 1,Aaron Whitfield,22,joint,1,0,11,1,0,0.0,0,0,0,0.0
Run 1,Aaron Whitfield,22,solo,0,0,457,1,0,1.0,621,1,0,1.0
Run 1,Aaron Whitfield,22,solo,0,0,457,1,0,1.0,621,1,0,1.0
Run 1,Aaron Whitfield,22,solo,0,0,438,0,0,0.045113,550,0,0,0.020942
Run 1,Aaron Whitfield,22,solo,0,0,400,0,0,0.052632,575,0,0,0.049751
Run 1,Aaron Whitfield,22,solo,0,0,439,0,0,0.159292,471,0,0,0.034091
Run 1,Aaron Whitfield,22,solo,1,0,11,1,0,0.0,11,1,0,0.0
Run 1,Aaron Whitfield,22,solo,0,0,383,0,0,0.022727,678,0,0,0.044843
Run 1,Aaron Whitfield,22,solo,0,0,349,0,0,0.050505,577,0,0,0.04186
Run 1,Aaron Whitfield,22,solo,0,0,473,0,0,0.025478,585,0,0,0.020942
Run 1,Aaron Whitfield,23,solo,0,0,458,0,1,0.878049,559,0,1,0.945652
Run 1,Aaron Whitfield,23,solo,0,0,305,0,0,0.029126,504,0,0,0.037234
Run 1,Aaron Whitfield,23,solo,0,0,380,0,0,0.142857,536,0,0,0.071856
Run 1,Aaron Whitfield,23,solo,0,0,436,0,0,0.152381,651,0,0,0.038278
Run 1,Aaron Whitfield,23,solo,0,0,458,1,0,1.0,559,1,0,1.0
Run 1,Aaron Whitfield,23,solo,0,0,421,0,0,0.112069,678,0,0,0.028436
Run 1,Aaron Whitfield,23,solo,0,0,425,0,0,0.07377,518,0,0,0.093168
Run 1,Aaron Whitfield,23,solo,0,0,429,0,0,0.173077,536,0,0,0.037634
Run 1,Aaron Whitfield,23,solo,0,0,448,0,0,0.733333,536,0,1,0.833333
Run 1,Aaron Whitfield,23,solo,0,0,220,0,0,0.016667,643,0,0,0.04918
Run 1,Aaron Whitfield,23,solo,0,0,464,0,0,0.110294,703,0,0,0.055556
Run 1,Aaron Whitfield,23,solo,0,0,352,0,0,0.202128,544,0,0,0.01676
Run 1,Aaron Whitfield,23,joint,1,0,11,1,0,0.0,0,0,0,0.0
Run 1,Aaron Whitfield,23,solo,1,0,420,0,0,0.04717,11,1,0,0.0
Run 1,Aaron Whitfield,23,solo,1,0,416,0,0,0.45098,11,1,0,0.0
Run 1,Aaron Whitfield,23,solo,0,0,373,0,0,0.07619,553,0,0,0.039216
Run 1,Aaron Whitfield,23,solo,0,0,272,0,0,0.010753,573,0,0,0.024272
Run 1,Aaron Whitfield,23,solo,0,0,337,0,0,0.235955,538,0,0,0.082873
Run 1,Aaron Whitfield,24,solo,0,0,376,0,0,0.266055,646,0,0,0.3125
Run 1,Aaron Whitfield,24,solo,0,0,473,0,0,0.153846,614,0,0,0.035556
Run 1,Aaron Whitfield,24,solo,0,0,372,0,0,0.152542,622,0,0,0.049751
Run 1,Aaron Whitfield,24,solo,0,0,374,0,0,0.126214,535,0,0,0.02139
Run 1,Aaron Whitfield,24,solo,0,0,395,0,0,0.703704,539,0,1,0.854167
Run 1,Aaron Whitfield,24,solo,0,0,369,0,0,0.03125,482,0,0,0.031088
Run 1,Aaron Whitfield,24,solo,0,0,481,0,0,0.055046,703,0,0,0.038095
Run 1,Aaron Whitfield,24,solo,0,0,479,0,0,0.172727,616,0,0,0.094737
Run 1,Aaron Whitfield,24,solo,0,0,392,0,0,0.55,652,0,0,0.443662
Run 1,Aaron Whitfield,24,solo,0,0,252,0,0,0.057471,438,0,0,0.059211
Run 1,Aaron Whitfield,24,solo,0,0,291,0,0,0.22093,714,0,0,0.030457
Run 1,Aaron Whitfield,24,solo,0,0,388,0,0,0.101852,614,0,0,0.057292
Run 1,Aaron Whitfield,24,solo,1,0,11,1,0,0.0,11,1,0,0.0
Run 1,Aaron Whitfield,24,solo,0,0,437,0,0,0.048387,554,0,0,0.018692
Run 1,Aaron Whitfield,24,solo,0,0,445,0,0,0.057377,610,0,0,0.062201
Run 1,Aaron Whitfield,24,solo,0,0,328,0,0,0.009524,697,0,0,0.016807
Run 1,Aaron Whitfield,24,solo,1,0,11,1,0,0.0,11,1,0,0.0
Run 1,Aaron Whitfield,24,solo,0,0,337,0,0,0.05042,597,0,0,0.022727
Run 1,Aaron Whitfield,24,solo,0,0,363,0,0,0.16,559,0,0,0.041026
Run 1,Aaron Whitfield,24,solo,0,0,274,0,0,0.038095,563,0,0,0.035176
Run 1,Aaron Whitfield,25,solo,0,0,357,0,1,0.904762,645,0,0,0.391304
Run 1,Aaron Whitfield,25,solo,0,0,247,0,0,0.009009,591,0,0,0.021164
Run 1,Aaron Whitfield,25,solo,0,0,435,0,0,0.181818,563,0,0,0.10929
Run 1,Aaron Whitfield,25,solo,0,0,391,0,0,0.070866,642,0,0,0.018349
Run 1,Aaron Whitfield,25,solo,0,0,444,0,0,0.730769,674,0,0,0.521429
Run 1,Aaron Whitfield,25,solo,0,0,471,0,0,0.060606,590,0,0,0.034314
Run 1,Aaron Whitfield,25,solo,0,0,468,0,0,0.12931,597,0,0,0.049724
Run 1,Aaron Whitfield,25,solo,0,0,233,0,0,0.0,532,0,0,0.022989
Run 1,Aaron Whitfield,25,solo,0,0,444,1,0,1.0,643,0,1,0.883333
Run 1,Aaron Whitfield,25,solo,0,0,267,0,0,0.053333,399,0,0,0.034247
Run 1,Aaron Whitfield,25,solo,0,0,538,0,0,0.140625,615,0,0,0.082126
Run 1,Aaron Whitfield,25,solo,0,0,355,0,0,0.1875,590,0,0,0.057971
Run 1,Aaron Whitfield,25,solo,1,0,357,1,0,1.0,11,1,0,0.0
Run 1,Aaron Whitfield,25,solo,0,0,333,0,0,0.106383,726,0,0,0.035088
Run 1,Aaron Whitfield,25,solo,0,0,394,0,0,0.2375,692,0,0,0.063415
Run 1,Aaron Whitfield,25,solo,0,0,486,0,0,0.022901,727,0,0,0.027322
Run 1,Aaron Whitfield,25,solo,1,0,11,1,0,0.0,11,1,0,0.0
Run 1,Aaron Whitfield,25,solo,0,0,326,0,0,0.063492,491,0,0,0.021978
Run 1,Aaron Whitfield,25,solo,0,0,272,0,0,0.054545,607,0,0,0.072464
Run 1,Aaron Whitfield,25,solo,0,0,375,0,0,0.032258,663,0,0,0.043689
Run 1,Aaron Whitfield,26,joint,1,0,11,1,0,0.0,0,0,0,0.0
Run 1,Aaron Whitfield,26,solo,0,0,446,0,1,0.876543,699,0,0,0.60274
Run 1,Aaron Whitfield,26,solo,0,0,387,0,1,0.893939,698,0,1,0.920635
Run 1,Aaron Whitfield,26,solo,0,0,308,0,0,0.04,563,0,0,0.032086
Run 1,Aaron Whitfield,26,solo,0,0,412,0,0,0.168224,619,0,0,0.039326
Run 1,Aaron Whitfield,26,solo,0,0,372,0,0,0.146067,639,0,0,0.05314
Run 1,Aaron Whitfield,26,joint,1,0,11,1,0,0.0,0,0,0,0.0
Run 1,Aaron Whitfield,26,solo,0,0,521,0,0,0.185484,708,0,0,0.034483
Run 1,Aaron Whitfield,26,solo,0,0,488,0,1,0.938272,698,1,0,1.0
Run 1,Aaron Whitfield,26,solo,0,0,477,0,0,0.031746,517,0,0,0.035
Run 1,Aaron Whitfield,26,solo,0,0,348,0,0,0.26,607,0,0,0.06383
Run 1,Aaron Whitfield,26,solo,0,0,486,0,0,0.096,754,0,0,0.042254
Run 1,Aaron Whitfield,26,solo,1,0,11,1,0,0.0,11,1,0,0.0
Run 1,Aaron Whitfield,26,solo,0,0,395,0,0,0.072581,498,0,0,0.036458
Run 1,Aaron Whitfield,26,solo,0,0,318,0,0,0.070707,555,0,0,0.07772
Run 1,Aaron Whitfield,26,solo,0,0,272,0,0,0.011111,541,0,0,0.035533
Run 1,Aaron Whitfield,27,joint,1,0,11,1,0,0.0,0,0,0,0.0
Run 1,Aaron Whitfield,27,solo,0,0,446,1,0,1.0,650,0,0,0.688406
Run 1,Aaron Whitfield,27,solo,0,0,488,1,0,1.0,650,1,0,1.0
Run 1,Aaron Whitfield,27,solo,0,0,389,0,0,0.025,517,0,0,0.016484
Run 1,Aaron Whitfield,27,solo,0,0,393,0,0,0.153153,554,0,0,0.050314
Run 1,Aaron Whitfield,27,solo,0,0,337,0,0,0.072917,535,0,0,0.028902
Run 1,Aaron Whitfield,27,solo,0,0,488,1,0,1.0,650,1,0,1.0
Run 1,Aaron Whitfield,27,solo,0,0,249,0,0,0.028302,586,0,0,0.043478
Run 1,Aaron Whitfield,27,solo,0,0,391,0,0,0.086538,705,0,0,0.061611
Run 1,Aaron Whitfield,27,solo,0,0,302,0,0,0.020202,518,0,0,0.02
Run 1,Aaron Whitfield,27,solo,0,0,444,1,0,1.0,650,1,0,1.0
Run 1,Aaron Whitfield,27,solo,0,0,551,0,0,0.092857,603,0,0,0.023041
Run 1,Aaron Whitfield,27,solo,0,0,261,0,0,0.090909,717,0,0,0.060606
Run 1,Aaron Whitfield,27,solo,0,0,496,0,0,0.079646,723,0,0,0.055838
Run 1,Aaron Whitfield,27,joint,1,0,11,1,0,0.0,0,0,0,0.0
Run 1,Aaron Whitfield,27,solo,1,0,11,1,0,0.0,11,1,0,0.0
Run 1,Aaron Whitfield,28,solo,0,0,380,0,0,0.464286,639,0,0,0.666667
Run 1,Aaron Whitfield,28,solo,0,0,367,0,0,0.242424,608,0,0,0.033149
Run 1,Aaron Whitfield,28,solo,0,0,453,0,0,0.169355,587,0,0,0.040404
Run 1,Aaron Whitfield,28,solo,0,0,273,0,0,0.075269,802,0,0,0.020576
Run 1,Aaron Whitfield,28,solo,0,0,488,1,0,1.0,639,1,0,1.0
Run 1,Aaron Whitfield,28,solo,0,0,265,0,0,0.082192,586,0,0,0.065476
Run 1,Aaron Whitfield,28,solo,0,0,339,0,0,0.175824,572,0,0,0.073446
Run 1,Aaron Whitfield,28,solo,0,0,392,0,0,0.016529,661,0,0,0.02
Run 1,Aaron Whitfield,28,solo,0,0,445,0,1,0.9,639,1,0,1.0
Run 1,Aaron Whitfield,28,solo,0,0,244,0,0,0.082353,569,0,0,0.0199
Run 1,Aaron Whitfield,28,solo,0,0,349,0,0,0.174419,589,0,0,0.072539
Run 1,Aaron Whitfield,28,solo,0,0,486,0,0,0.149123,558,0,0,0.125
Run 1,Aaron Whitfield,28,joint,1,0,11,1,0,0.0,0,0,0,0.0
Run 1,Aaron Whitfield,28,solo,0,0,505,0,0,0.421875,811,0,0,0.074689
Run 1,Aaron Whitfield,28,solo,1,0,488,1,0,1.0,11,1,0,0.0
Run 1,Aaron Whitfield,28,solo,0,0,229,0,0,0.066667,404,0,0,0.017341
Run 1,Aaron Whitfield,28,solo,0,0,365,0,0,0.216495,554,0,0,0.063584
Run 1,Aaron Whitfield,28,solo,0,0,542,0,0,0.166667,609,0,0,0.071429
Run 1,Aaron Whitfield,29,solo,0,0,488,1,0,1.0,726,0,0,0.614865
Run 1,Aaron Whitfield,29,solo,0,0,244,0,0,0.036145,506,0,0,0.016304
Run 1,Aaron Whitfield,29,solo,0,0,379,0,0,0.214286,630,0,0,0.033175
Run 1,Aaron Whitfield,29,solo,0,0,489,0,0,0.130769,639,0,0,0.048544
Run 1,Aaron Whitfield,29,solo,0,0,488,1,0,1.0,723,0,1,0.894737
Run 1,Aaron Whitfield,29,solo,0,0,279,0,0,0.205128,651,0,0,0.023585
Run 1,Aaron Whitfield,29,solo,0,0,385,0,0,0.22,575,0,0,0.111111
Run 1,Aaron Whitfield,29,solo,0,0,437,0,0,0.014925,499,0,0,0.010638
Run 1,Aaron Whitfield,29,joint,1,0,11,1,0,0.0,0,0,0,0.0
Run 1,Aaron Whitfield,29,solo,0,0,490,0,1,0.938272,724,0,1,0.923664
Run 1,Aaron Whitfield,29,solo,0,0,444,1,0,1.0,661,0,0,0.107843
Run 1,Aaron Whitfield,29,solo,0,0,235,0,0,0.108108,520,0,0,0.03012
Run 1,Aaron Whitfield,29,solo,0,0,411,0,0,0.18,619,0,0,0.08046
Run 1,Aaron Whitfield,29,solo,0,0,303,0,0,0.088235,532,0,0,0.029412
Run 1,Aaron Whitfield,29,solo,1,0,11,1,0,0.0,11,1,0,0.0
Run 1,Aaron Whitfield,29,solo,0,0,400,0,0,0.056452,519,0,0,0.061111
Run 1,Aaron Whitfield,29,solo,0,0,359,0,0,0.067961,664,0,0,0.054054
Run 1,Aaron Whitfield,29,solo,0,0,394,0,0,0.018349,592,0,0,0.019763
Run 1,Aaron Whitfield,30,solo,0,0,444,1,0,1.0,656,0,0,0.609589
Run 1,Aaron Whitfield,30,solo,0,0,268,0,0,0.076923,599,0,0,0.037634
Run 1,Aaron Whitfield,30,solo,0,0,352,0,0,0.17284,545,0,0,0.092025
Run 1,Aaron Whitfield,30,solo,0,0,430,0,0,0.021127,628,0,0,0.036458
Run 1,Aaron Whitfield,30,joint,1,0,11,1,0,0.0,0,0,0,0.0
Run 1,Aaron Whitfield,30,solo,0,0,490,1,0,1.0,657,0,1,0.915966
Run 1,Aaron Whitfield,30,solo,0,0,488,1,0,1.0,657,1,0,1.0
Run 1,Aaron Whitfield,30,solo,0,0,299,0,0,0.02521,634,0,0,0.030769
Run 1,Aaron Whitfield,30,solo,0,0,385,0,0,0.185567,721,0,0,0.044444
Run 1,Aaron Whitfield,30,solo,0,0,434,0,0,0.035461,466,0,0,0.053892
Run 1,Aaron Whitfield,30,solo,0,0,488,1,0,1.0,625,0,0,0.09
Run 1,Aaron Whitfield,30,solo,0,0,353,0,0,0.081481,588,0,0,0.064356
Run 1,Aaron Whitfield,30,solo,0,0,440,0,0,0.10687,609,0,0,0.050505
Run 1,Aaron Whitfield,30,solo,0,0,316,0,0,0.25,736,0,0,0.049261
Run 1,Aaron Whitfield,30,solo,1,0,446,0,1,0.888889,11,1,0,0.0
Run 1,Aaron Whitfield,30,solo,0,0,227,0,0,0.0,614,0,0,0.025253
Run 1,Aaron Whitfield,30,solo,0,0,400,0,0,0.254717,669,0,0,0.051402
Run 1,Aaron Whitfield,30,solo,0,0,390,0,0,0.094017,631,0,0,0.083333
Run 1,Aaron Whitfield,31,solo,0,0,469,0,0,0.411765,613,0,0,0.471429
Run 1,Aaron Whitfield,31,solo,0,0,299,0,0,0.135802,524,0,0,0.039548
Run 1,Aaron Whitfield,31,solo,0,0,465,0,0,0.207921,815,0,0,0.073892
Run 1,Aaron Whitfield,31,solo,0,0,377,0,0,0.022222,441,0,0,0.016854
Run 1,Aaron Whitfield,31,solo,0,0,469,1,0,1.0,613,1,0,1.0
Run 1,Aaron Whitfield,31,solo,0,0,433,0,0,0.083333,546,0,0,0.037838
Run 1,Aaron Whitfield,31,solo,0,0,435,0,0,0.146154,616,0,0,0.101523
Run 1,Aaron Whitfield,31,solo,0,0,356,0,0,0.060345,570,0,0,0.018692
Run 1,Aaron Whitfield,31,joint,1,0,11,1,0,0.0,0,0,0,0.0
Run 1,Aaron Whitfield,31,solo,0,0,434,1,0,1.0,706,0,0,0.077295
Run 1,Aaron Whitfield,31,solo,0,0,469,1,0,1.0,613,1,0,1.0
Run 1,Aaron Whitfield,31,solo,0,0,407,0,0,0.082569,575,0,0,0.051546
Run 1,Aaron Whitfield,31,solo,0,0,395,0,0,0.077586,461,0,0,0.040698
Run 1,Aaron Whitfield,31,solo,0,0,363,0,0,0.016807,593,0,0,0.052083
Run 1,Aaron Whitfield,31,solo,1,0,11,1,0,0.0,11,1,0,0.0
Run 1,Aaron Whitfield,31,solo,0,0,375,0,0,0.066116,563,0,0,0.021858
Run 1,Aaron Whitfield,31,solo,0,0,407,0,0,0.046512,570,0,0,0.024272
Run 1,Aaron Whitfield,31,solo,0,0,449,0,0,0.039683,759,0,0,0.044053
Run 1,Aaron Whitfield,32,solo,0,0,478,0,1,0.882353,662,0,0,0.685039
Run 1,Aaron Whitfield,32,solo,0,0,347,0,0,0.078431,523,0,0,0.045455
Run 1,Aaron Whitfield,32,solo,0,0,317,0,0,0.211111,623,0,0,0.038095
Run 1,Aaron Whitfield,32,solo,0,0,250,0,0,0.033613,634,0,0,0.033981
Run 1,Aaron Whitfield,32,solo,0,0,478,1,0,1.0,662,1,0,1.0
Run 1,Aaron Whitfield,32,solo,0,0,281,0,0,0.08642,546,0,0,0.054054
Run 1,Aaron Whitfield,32,solo,0,0,566,0,0,0.012903,669,0,0,0.030435
Run 1,Aaron Whitfield,32,solo,0,0,340,0,0,0.135135,759,0,0,0.067265
Run 1,Aaron Whitfield,32,joint,1,0,11,1,0,0.0,0,0,0,0.0
Run 1,Aaron Whitfield,32,solo,0,0,346,0,0,0.2,610,0,0,0.051546
Run 1,Aaron Whitfield,32,solo,0,0,346,1,0,1.0,612,0,1,0.915254
Run 1,Aaron Whitfield,32,solo,0,0,461,0,0,0.056738,709,0,0,0.021368
Run 1,Aaron Whitfield,32,solo,0,0,303,0,0,0.036036,608,0,0,0.083333
Run 1,Aaron Whitfield,32,solo,0,0,288,0,0,0.057692,591,0,0,0.072727
Run 1,Aaron Whitfield,32,solo,1,0,11,1,0,0.0,11,1,0,0.0
Run 1,Aaron Whitfield,32,solo,0,0,413,0,0,0.038462,420,0,0,0.02439
Run 1,Aaron Whitfield,32,solo,0,0,355,0,0,0.113208,567,0,0,0.040404
Run 1,Aaron Whitfield,32,solo,0,0,245,0,0,0.231884,675,0,0,0.026201
Run 1,Aaron Whitfield,33,joint,0,0,328,0,0,0.0,553,0,0,0.0
Run 1,Aaron Whitfield,33,solo,0,0,480,0,1,0.883721,583,0,1,0.851852
Run 1,Aaron Whitfield,33,solo,0,0,478,1,0,1.0,583,1,0,1.0
Run 1,Aaron Whitfield,33,solo,0,0,311,0,0,0.055556,611,0,0,0.033473
Run 1,Aaron Whitfield,33,solo,0,0,392,0,0,0.181818,633,0,0,0.02765
Run 1,Aaron Whitfield,33,solo,0,0,440,0,0,0.028169,812,0,0,0.01938
Run 1,Aaron Whitfield,33,solo,0,0,478,1,0,1.0,583,1,0,1.0
Run 1,Aaron Whitfield,33,solo,0,0,334,0,0,0.063158,614,0,0,0.066327
Run 1,Aaron Whitfield,33,solo,0,0,450,0,0,0.034247,548,0,0,0.05641
Run 1,Aaron Whitfield,33,solo,0,0,428,0,0,0.086207,535,0,0,0.031818
Run 1,Aaron Whitfield,33,solo,0,0,434,0,1,0.938272,583,1,0,1.0
Run 1,Aaron Whitfield,33,solo,0,0,255,0,0,0.048193,494,0,0,0.031579
Run 1,Aaron Whitfield,33,solo,0,0,462,0,0,0.148438,626,0,0,0.054054
Run 1,Aaron Whitfield,33,solo,0,0,482,0,0,0.167939,648,0,0,0.068627
Run 1,Aaron Whitfield,33,joint,1,0,11,1,0,0.0,0,0,0,0.0
Run 1,Aaron Whitfield,33,solo,1,0,11,1,0,0.0,11,1,0,0.0
Run 1,Aaron Whitfield,34,solo,0,0,422,0,0,0.378378,705,0,0,0.397436
Run 1,Aaron Whitfield,34,solo,0,0,347,0,0,0.119048,530,0,0,0.029851
Run 1,Aaron Whitfield,34,solo,0,0,512,0,0,0.169355,611,0,0,0.115385
Run 1,Aaron Whitfield,34,solo,0,0,475,0,0,0.083969,591,0,0,0.021164
Run 1,Aaron Whitfield,34,solo,0,0,352,0,0,0.705128,705,1,0,1.0
Run 1,Aaron Whitfield,34,solo,0,0,302,0,0,0.096774,688,0,0,0.042918
Run 1,Aaron Whitfield,34,solo,0,0,410,0,0,0.14433,636,0,0,0.05314
Run 1,Aaron Whitfield,34,solo,0,0,248,0,0,0.039604,669,0,0,0.027397
Run 1,Aaron Whitfield,34,joint,1,0,11,1,0,0.0,0,0,0,0.0
Run 1,Aaron Whitfield,34,solo,0,0,471,0,0,0.574713,611,1,0,1.0
Run 1,Aaron Whitfield,34,solo,0,0,469,0,1,0.879518,705,1,0,1.0
Run 1,Aaron Whitfield,34,solo,0,0,376,0,0,0.018182,501,0,0,0.022222
Run 1,Aaron Whitfield,34,solo,0,0,406,0,0,0.18018,552,0,0,0.056338
Run 1,Aaron Whitfield,34,solo,0,0,392,0,0,0.232759,592,0,0,0.074866
Run 1,Aaron Whitfield,34,solo,1,0,11,1,0,0.0,11,1,0,0.0
Run 1,Aaron Whitfield,34,solo,0,0,390,0,0,0.036036,531,0,0,0.039801
Run 1,Aaron Whitfield,34,solo,0,0,298,0,0,0.086957,586,0,0,0.031915
Run 1,Aaron Whitfield,34,solo,0,0,300,0,0,0.136364,608,0,0,0.035533
Run 1,Aaron Whitfield,35,solo,0,0,352,1,0,1.0,635,0,0,0.57931
Run 1,Aaron Whitfield,35,solo,0,0,274,0,0,0.056818,497,0,0,0.022346
Run 1,Aaron Whitfield,35,solo,0,0,268,0,0,0.238095,590,0,0,0.043011
Run 1,Aaron Whitfield,35,solo,0,0,386,0,0,0.109091,669,0,0,0.041667
Run 1,Aaron Whitfield,35,solo,0,0,352,1,0,1.0,596,0,0,0.661417
Run 1,Aaron Whitfield,35,solo,0,0,334,0,0,0.049505,539,0,0,0.026178
Run 1,Aaron Whitfield,35,solo,0,0,387,0,0,0.27,599,0,0,0.116402
Run 1,Aaron Whitfield,35,solo,0,0,411,0,0,0.18,577,0,0,0.063492
Run 1,Aaron Whitfield,35,joint,1,0,11,1,0,0.0,0,0,0,0.0
Run 1,Aaron Whitfield,35,solo,0,0,354,0,1,0.84375,593,0,1,0.906542
Run 1,Aaron Whitfield,35,solo,0,0,352,1,0,1.0,596,1,0,1.0
Run 1,Aaron Whitfield,35,solo,0,0,321,0,0,0.009434,495,0,0,0.032787
Run 1,Aaron Whitfield,35,solo,0,0,401,0,0,0.193548,729,0,0,0.062201
Run 1,Aaron Whitfield,35,solo,0,0,417,0,0,0.034965,618,0,0,0.015544
Run 1,Aaron Whitfield,35,joint,1,0,11,1,0,0.0,0,0,0,0.0
Run 1,Aaron Whitfield,35,solo,1,0,11,1,0,0.0,11,1,0,0.0
Run 1,Aaron Whitfield,36,solo,0,0,384,0,0,0.539326,626,0,0,0.695312
Run 1,Aaron Whitfield,36,solo,0,0,306,0,0,0.076923,471,0,0,0.037838
Run 1,Aaron Whitfield,36,solo,0,0,344,0,0,0.020619,666,0,0,0.064677
Run 1,Aaron Whitfield,36,solo,0,0,301,0,0,0.076923,790,0,0,0.019608
Run 1,Aaron Whitfield,36,solo,0,0,352,1,0,1.0,594,0,0,0.722689
Run 1,Aaron Whitfield,36,solo,0,0,272,0,0,0.05,517,0,0,0.061033
Run 1,Aaron Whitfield,36,solo,0,0,315,0,0,0.158537,603,0,0,0.072289
Run 1,Aaron Whitfield,36,solo,0,0,389,0,0,0.127119,603,0,0,0.072917
Run 1,Aaron Whitfield,36,joint,1,0,11,1,0,0.0,0,0,0,0.0
Run 1,Aaron Whitfield,36,solo,0,0,354,1,0,1.0,686,0,1,0.837398
Run 1,Aaron Whitfield,36,solo,0,0,352,1,0,1.0,594,1,0,1.0
Run 1,Aaron Whitfield,36,solo,0,0,343,0,0,0.136842,573,0,0,0.079208
Run 1,Aaron Whitfield,36,solo,0,0,469,0,0,0.076923,630,0,0,0.047368
Run 1,Aaron Whitfield,36,solo,0,0,340,0,0,0.06,551,0,0,0.015075
Run 1,Aaron Whitfield,36,solo,1,0,352,1,0,1.0,11,1,0,0.0
Run 1,Aaron Whitfield,36,solo,0,0,314,0,0,0.048077,634,0,0,0.037433
Run 1,Aaron Whitfield,36,solo,0,0,296,0,0,0.014815,617,0,0,0.037209
Run 1,Aaron Whitfield,36,solo,0,0,425,0,0,0.080645,619,0,0,0.029851
Run 1,Aaron Whitfield,37,solo,0,0,352,1,0,1.0,616,0,0,0.699187
Run 1,Aaron Whitfield,37,solo,0,0,339,0,0,0.030928,487,0,0,0.010695
Run 1,Aaron Whitfield,37,solo,0,0,400,0,0,0.042857,675,0,0,0.063725
Run 1,Aaron Whitfield,37,solo,0,0,431,0,0,0.047619,651,0,0,0.033493
Run 1,Aaron Whitfield,37,solo,0,0,365,0,0,0.307692,728,0,1,0.849206
Run 1,Aaron Whitfield,37,solo,0,0,305,0,0,0.083333,523,0,0,0.016393
Run 1,Aaron Whitfield,37,solo,0,0,566,0,0,0.109589,752,0,0,0.04955
Run 1,Aaron Whitfield,37,solo,0,0,385,0,0,0.062016,674,0,0,0.021834
Run 1,Aaron Whitfield,37,solo,0,0,392,0,0,0.511628,619,0,0,0.050761
Run 1,Aaron Whitfield,37,solo,0,0,370,0,0,0.046729,698,0,0,0.022831
Run 1,Aaron Whitfield,37,solo,0,0,398,0,0,0.073171,571,0,0,0.053812
Run 1,Aaron Whitfield,37,solo,0,0,375,0,0,0.087379,627,0,0,0.026882
Run 1,Aaron Whitfield,37,solo,1,0,425,0,0,0.316832,11,1,0,0.0
Run 1,Aaron Whitfield,37,solo,0,0,396,0,0,0.115044,588,0,0,0.097143
Run 1,Aaron Whitfield,37,solo,0,0,370,0,0,0.052632,639,0,0,0.029412
Run 1,Aaron Whitfield,37,solo,0,0,369,0,0,0.049505,652,0,0,0.02451
Run 1,Aaron Whitfield,37,solo,1,0,11,1,0,0.0,11,1,0,0.0
Run 1,Aaron Whitfield,37,solo,0,0,310,0,0,0.170213,519,0,0,0.028986
Run 1,Aaron Whitfield,37,solo,0,0,478,0,0,0.042553,580,0,0,0.055556
Run 1,Aaron Whitfield,37,solo,0,0,334,0,0,0.042017,506,0,0,0.033708
Run 1,Aaron Whitfield,38,solo,0,0,425,1,0,1.0,883,0,0,0.357895
Run 1,Aaron Whitfield,38,solo,0,0,482,0,0,0.02,717,0,0,0.010152
Run 1,Aaron Whitfield,38,solo,0,0,349,0,0,0.128713,606,0,0,0.046512
Run 1,Aaron Whitfield,38,solo,0,0,328,0,0,0.018018,622,0,0,0.035354
Run 1,Aaron Whitfield,38,joint,1,0,11,1,0,0.0,0,0,0,0.0
Run 1,Aaron Whitfield,38,solo,0,0,453,0,0,0.43299,834,0,0,0.031373
Run 1,Aaron Whitfield,38,solo,0,0,469,0,1,0.935897,886,0,1,0.847059
Run 1,Aaron Whitfield,38,solo,0,0,321,0,0,0.125,509,0,0,0.032609
Run 1,Aaron Whitfield,38,solo,0,0,224,0,0,0.073394,559,0,0,0.014851
Run 1,Aaron Whitfield,38,solo,0,0,375,0,0,0.080808,561,0,0,0.032787
Run 1,Aaron Whitfield,38,solo,0,0,425,1,0,1.0,886,1,0,1.0
Run 1,Aaron Whitfield,38,solo,0,0,450,0,0,0.059322,568,0,0,0.068182
Run 1,Aaron Whitfield,38,solo,0,0,259,0,0,0.026087,618,0,0,0.029851
Run 1,Aaron Whitfield,38,solo,0,0,305,0,0,0.026786,635,0,0,0.019048
Run 1,Aaron Whitfield,38,solo,1,0,11,1,0,0.0,11,1,0,0.0
Run 1,Aaron Whitfield,38,solo,0,0,402,0,0,0.061538,532,0,0,0.061224
Run 1,Aaron Whitfield,38,solo,0,0,357,0,0,0.126214,516,0,0,0.044944
Run 1,Aaron Whitfield,38,solo,0,0,410,0,0,0.03252,690,0,0,0.03139
Run 1,Aaron Whitfield,39,joint,1,0,11,1,0,0.0,0,0,0,0.0
Run 1,Aaron Whitfield,39,solo,0,0,328,1,0,1.0,604,0,0,0.018692
Run 1,Aaron Whitfield,39,solo,0,0,425,1,0,1.0,516,0,0,0.110465
Run 1,Aaron Whitfield,39,solo,0,0,352,0,0,0.163265,530,0,0,0.048913
Run 1,Aaron Whitfield,39,solo,0,0,393,0,0,0.21978,542,0,0,0.060109
Run 1,Aaron Whitfield,39,solo,0,0,355,0,0,0.128205,571,0,0,0.065934
Run 1,Aaron Whitfield,39,solo,0,0,425,1,0,1.0,541,0,0,0.536585
Run 1,Aaron Whitfield,39,solo,0,0,293,0,0,0.105263,689,0,0,0.019417
Run 1,Aaron Whitfield,39,solo,0,0,396,0,0,0.209302,667,0,0,0.045872
Run 1,Aaron Whitfield,39,solo,0,0,328,0,0,0.017699,785,0,0,0.034934
Run 1,Aaron Whitfield,39,solo,0,0,425,1,0,1.0,644,0,0,0.520833
Run 1,Aaron Whitfield,39,solo,0,0,292,0,0,0.04,547,0,0,0.026738
Run 1,Aaron Whitfield,39,solo,0,0,345,0,0,0.232323,513,0,0,0.038889
Run 1,Aaron Whitfield,39,solo,0,0,429,0,0,0.038168,679,0,0,0.019417
Run 1,Aaron Whitfield,39,solo,1,0,11,1,0,0.0,11,1,0,0.0
Run 1,Aaron Whitfield,39,solo,0,0,290,0,0,0.019802,621,0,0,0.058252
Run 1,Aaron Whitfield,39,solo,0,0,447,0,0,0.110092,548,0,0,0.023529
Run 1,Aaron Whitfield,39,solo,0,0,309,0,0,0.080808,528,0,0,0.053659
Run 1,Aaron Whitfield,40,solo,0,0,306,0,0,0.698413,497,0,1,0.871287
Run 1,Aaron Whitfield,40,solo,0,0,453,0,0,0.057377,623,0,0,0.009709
Run 1,Aaron Whitfield,40,solo,0,0,421,0,0,0.109375,658,0,0,0.0553
Run 1,Aaron Whitfield,40,solo,0,0,329,0,0,0.061947,524,0,0,0.020408
Run 1,Aaron Whitfield,40,solo,0,0,425,1,0,1.0,494,0,0,0.162338
Run 1,Aaron Whitfield,40,solo,0,0,365,0,0,0.066038,470,0,0,0.043716
Run 1,Aaron Whitfield,40,solo,0,0,477,0,0,0.18,431,0,0,0.085526
Run 1,Aaron Whitfield,40,solo,0,0,460,0,0,0.047619,688,0,0,0.028986
Run 1,Aaron Whitfield,40,joint,1,0,11,1,0,0.0,0,0,0,0.0
Run 1,Aaron Whitfield,40,solo,0,0,317,0,0,0.57971,563,0,0,0.401316
Run 1,Aaron Whitfield,40,solo,0,0,444,0,0,0.785714,498,0,1,0.923077
Run 1,Aaron Whitfield,40,solo,0,0,413,0,0,0.078125,743,0,0,0.052632
Run 1,Aaron Whitfield,40,solo,0,0,523,0,0,0.067669,533,0,0,0.025641
Run 1,Aaron Whitfield,40,solo,0,0,498,0,0,0.027397,709,0,0,0.033654
Run 1,Aaron Whitfield,40,solo,1,0,11,1,0,0.0,11,1,0,0.0
Run 1,Aaron Whitfield,40,solo,0,0,305,0,0,0.086538,623,0,0,0.018349
Run 1,Aaron Whitfield,40,solo,0,0,279,0,0,0.03,554,0,0,0.070175
Run 1,Aaron Whitfield,40,solo,0,0,321,0,0,0.092593,699,0,0,0.009091
Run 1,Aaron Whitfield,41,solo,0,0,317,1,0,1.0,757,0,0,0.655172
Run 1,Aaron Whitfield,41,solo,0,0,360,0,0,0.041379,582,0,0,0.031088
Run 1,Aaron Whitfield,41,solo,0,0,448,0,0,0.125,617,0,0,0.035
Run 1,Aaron Whitfield,41,solo,0,0,399,0,0,0.026549,538,0,0,0.047872
Run 1,Aaron Whitfield,41,solo,0,0,529,0,0,0.602151,757,1,0,1.0
Run 1,Aaron Whitfield,41,solo,0,0,426,0,0,0.072993,504,0,0,0.037838
Run 1,Aaron Whitfield,41,solo,0,0,527,0,0,0.070312,575,0,0,0.044304
Run 1,Aaron Whitfield,41,solo,0,0,391,0,0,0.090909,581,0,0,0.016216
Run 1,Aaron Whitfield,41,joint,1,0,11,1,0,0.0,0,0,0,0.0
Run 1,Aaron Whitfield,41,solo,0,0,338,0,0,0.026087,744,0,0,0.015267
Run 1,Aaron Whitfield,41,solo,0,0,444,1,0,1.0,494,1,0,1.0
Run 1,Aaron Whitfield,41,solo,0,0,220,0,0,0.139535,363,0,0,0.041379
Run 1,Aaron Whitfield,41,solo,0,0,544,0,0,0.095238,493,0,0,0.066667
Run 1,Aaron Whitfield,41,solo,0,0,310,0,0,0.129032,590,0,0,0.034826
Run 1,Aaron Whitfield,41,solo,0,0,425,1,0,1.0,590,1,0,1.0
Run 1,Aaron Whitfield,41,solo,0,0,481,0,0,0.150442,691,0,0,0.075
Run 1,Aaron Whitfield,41,solo,0,0,466,0,0,0.070064,645,0,0,0.036697
Run 1,Aaron Whitfield,41,solo,0,0,245,0,0,0.020833,679,0,0,0.0181
Run 1,Aaron Whitfield,42,solo,0,0,333,0,0,0.716418,767,0,0,0.509202
Run 1,Aaron Whitfield,42,solo,0,0,425,0,0,0.027027,572,0,0,0.046632
Run 1,Aaron Whitfield,42,solo,0,0,274,0,0,0.129412,519,0,0,0.028571
Run 1,Aaron Whitfield,42,solo,0,0,417,0,0,0.13,695,0,0,0.019608
Run 1,Aaron Whitfield,42,solo,0,0,450,0,0,0.062112,578,0,0,0.052356
Run 1,Aaron Whitfield,42,solo,0,0,289,0,0,0.028571,619,0,0,0.034826
Run 1,Aaron Whitfield,42,solo,0,0,413,0,0,0.034188,623,0,0,0.018779
Run 1,Aaron Whitfield,42,solo,0,0,354,0,0,0.034188,585,0,0,0.030612
Run 1,Aaron Whitfield,42,joint,1,0,11,1,0,0.0,0,0,0,0.0
Run 1,Aaron Whitfield,42,solo,0,0,426,0,0,0.576923,680,0,0,0.466667
Run 1,Aaron Whitfield,42,solo,1,0,354,1,0,1.0,11,1,0,0.0
Run 1,Aaron Whitfield,42,solo,0,0,505,0,0,0.08871,765,0,0,0.024793
Run 1,Aaron Whitfield,42,solo,0,0,315,0,0,0.007692,600,0,0,0.030457
Run 1,Aaron Whitfield,42,solo,0,0,315,0,0,0.141304,627,0,0,0.054455
Run 1,Aaron Whitfield,42,solo,1,0,11,1,0,0.0,11,1,0,0.0
Run 1,Aaron Whitfield,42,solo,0,0,398,0,0,0.068376,496,0,0,0.056818
Run 1,Aaron Whitfield,42,solo,0,0,352,0,0,0.145455,560,0,0,0.092593
Run 1,Aaron Whitfield,42,solo,0,0,302,0,0,0.036036,594,0,0,0.040201
Run 1,Aaron Whitfield,43,joint,1,0,11,1,0,0.0,0,0,0,0.0
Run 1,Aaron Whitfield,43,solo,0,0,498,0,0,0.561224,740,0,0,0.493827
Run 1,Aaron Whitfield,43,solo,0,0,333,1,0,1.0,740,1,0,1.0
Run 1,Aaron Whitfield,43,solo,0,0,519,0,0,0.061069,666,0,0,0.061033
Run 1,Aaron Whitfield,43,solo,0,0,486,0,0,0.131783,589,0,0,0.039801
Run 1,Aaron Whitfield,43,solo,0,0,372,0,0,0.089286,523,0,0,0.069364
Run 1,Aaron Whitfield,43,solo,0,0,333,1,0,1.0,740,1,0,1.0
Run 1,Aaron Whitfield,43,solo,0,0,369,0,0,0.075472,526,0,0,0.020619
Run 1,Aaron Whitfield,43,solo,0,0,313,0,0,0.081395,626,0,0,0.017937
Run 1,Aaron Whitfield,43,solo,0,0,355,0,0,0.091743,615,0,0,0.039409
Run 1,Aaron Whitfield,43,solo,0,0,420,0,0,0.786667,740,1,0,1.0
Run 1,Aaron Whitfield,43,solo,0,0,337,0,0,0.126214,574,0,0,0.037037
Run 1,Aaron Whitfield,43,solo,0,0,333,0,0,0.11,637,0,0,0.040609
Run 1,Aaron Whitfield,43,solo,0,0,406,0,0,0.131579,639,0,0,0.045
Run 1,Aaron Whitfield,43,joint,1,0,11,1,0,0.0,0,0,0,0.0
Run 1,Aaron Whitfield,43,solo,1,0,11,1,0,0.0,11,1,0,0.0
Run 1,Aaron Whitfield,44,solo,0,0,285,0,0,0.472973,593,0,0,0.577778
Run 1,Aaron Whitfield,44,solo,0,0,273,0,0,0.064516,469,0,0,0.040462
Run 1,Aaron Whitfield,44,solo,0,0,393,0,0,0.039216,490,0,0,0.028571
Run 1,Aaron Whitfield,44,solo,0,0,354,0,0,0.033613,635,0,0,0.037915
Run 1,Aaron Whitfield,44,solo,0,0,340,0,0,0.27907,593,1,0,1.0
Run 1,Aaron Whitfield,44,solo,0,0,364,0,0,0.025862,637,0,0,0.061321
Run 1,Aaron Whitfield,44,solo,0,0,512,0,0,0.097561,642,0,0,0.049751
Run 1,Aaron Whitfield,44,solo,0,0,330,0,0,0.016807,588,0,0,0.023585
Run 1,Aaron Whitfield,44,joint,1,0,11,1,0,0.0,0,0,0,0.0
Run 1,Aaron Whitfield,44,solo,0,0,396,0,0,0.284314,593,1,0,1.0
Run 1,Aaron Whitfield,44,solo,0,0,324,0,0,0.657143,593,1,0,1.0
Run 1,Aaron Whitfield,44,solo,0,0,303,0,0,0.06,566,0,0,0.047619
Run 1,Aaron Whitfield,44,solo,0,0,366,0,0,0.218487,575,0,0,0.035294
Run 1,Aaron Whitfield,44,solo,0,0,261,0,0,0.046729,606,0,0,0.049261
Run 1,Aaron Whitfield,44,solo,0,0,440,0,0,0.585366,738,0,0,0.589744
Run 1,Aaron Whitfield,44,solo,0,0,274,0,0,0.054348,427,0,0,0.073171
Run 1,Aaron Whitfield,44,solo,0,0,479,0,0,0.032787,647,0,0,0.033493
Run 1,Aaron Whitfield,44,solo,0,0,326,0,0,0.09434,698,0,0,0.029851
Run 1,Aaron Whitfield,45,joint,1,0,11,1,0,0.0,0,0,0,0.0
Run 1,Aaron Whitfield,45,solo,0,0,444,0,0,0.593407,681,0,0,0.517442
Run 1,Aaron Whitfield,45,solo,0,0,442,0,1,0.868421,681,1,0,1.0
Run 1,Aaron Whitfield,45,solo,0,0,346,0,0,0.034722,529,0,0,0.026042
Run 1,Aaron Whitfield,45,solo,0,0,382,0,0,0.072993,527,0,0,0.080645
Run 1,Aaron Whitfield,45,solo,0,0,384,0,0,0.041667,559,0,0,0.030769
Run 1,Aaron Whitfield,45,solo,0,0,442,1,0,1.0,681,1,0,1.0
Run 1,Aaron Whitfield,45,solo,0,0,255,0,0,0.043103,599,0,0,0.028846
Run 1,Aaron Whitfield,45,solo,0,0,444,0,0,0.102362,649,0,0,0.05291
Run 1,Aaron Whitfield,45,solo,0,0,285,0,0,0.15534,588,0,0,0.067039
Run 1,Aaron Whitfield,45,solo,0,0,442,1,0,1.0,681,1,0,1.0
Run 1,Aaron Whitfield,45,solo,0,0,338,0,0,0.046875,572,0,0,0.025641
Run 1,Aaron Whitfield,45,solo,0,0,450,0,0,0.140496,616,0,0,0.078818
Run 1,Aaron Whitfield,45,solo,0,0,391,0,0,0.066176,692,0,0,0.08
Run 1,Aaron Whitfield,45,solo,1,0,11,1,0,0.0,11,1,0,0.0
Run 1,Aaron Whitfield,45,solo,0,0,435,0,0,0.065574,496,0,0,0.039326
Run 1,Aaron Whitfield,45,solo,0,0,424,0,0,0.044776,668,0,0,0.048458
Run 1,Aaron Whitfield,45,solo,0,0,385,0,0,0.037594,753,0,0,0.064935
Run 1,Aaron Whitfield,46,solo,0,0,442,1,0,1.0,708,0,0,0.560976
Run 1,Aaron Whitfield,46,solo,0,0,211,0,0,0.041667,582,0,0,0.025
Run 1,Aaron Whitfield,46,solo,0,0,380,0,0,0.07563,613,0,0,0.022346
Run 1,Aaron Whitfield,46,solo,0,0,527,0,0,0.057554,601,0,0,0.011299
Run 1,Aaron Whitfield,46,solo,0,0,442,1,0,1.0,708,1,0,1.0
Run 1,Aaron Whitfield,46,solo,0,0,374,0,0,0.076271,614,0,0,0.015957
Run 1,Aaron Whitfield,46,solo,0,0,446,0,0,0.090909,697,0,0,0.023256
Run 1,Aaron Whitfield,46,solo,0,0,523,0,0,0.024194,516,0,0,0.017241
Run 1,Aaron Whitfield,46,solo,0,0,442,1,0,1.0,708,1,0,1.0
Run 1,Aaron Whitfield,46,solo,0,0,333,0,0,0.060345,453,0,0,0.04
Run 1,Aaron Whitfield,46,solo,0,0,285,0,0,0.121212,632,0,0,0.041026
Run 1,Aaron Whitfield,46,solo,0,0,341,0,0,0.019231,524,0,0,0.016393
Run 1,Aaron Whitfield,46,joint,1,0,11,1,0,0.0,0,0,0,0.0
Run 1,Aaron Whitfield,46,solo,1,0,11,1,0,0.0,11,1,0,0.0
Run 1,Aaron Whitfield,46,solo,1,0,11,1,0,0.0,11,1,0,0.0
Run 1,Aaron Whitfield,46,solo,0,0,498,0,0,0.041379,493,0,0,0.037037
Run 1,Aaron Whitfield,46,solo,0,0,379,0,0,0.041667,502,0,0,0.175758
Run 1,Aaron Whitfield,46,solo,0,0,436,0,0,0.031008,661,0,0,0.023364
Run 1,Aaron Whitfield,47,joint,1,0,11,1,0,0.0,0,0,0,0.0
Run 1,Aaron Whitfield,47,solo,0,0,439,0,0,0.040323,940,0,0,0.011673
Run 1,Aaron Whitfield,47,solo,0,0,415,0,0,0.447917,643,0,0,0.609272
Run 1,Aaron Whitfield,47,solo,0,0,230,0,0,0.327273,758,0,0,0.055814
Run 1,Aaron Whitfield,47,solo,0,0,418,0,0,0.122449,647,0,0,0.029268
Run 1,Aaron Whitfield,47,solo,0,0,300,0,0,0.103774,597,0,0,0.029126
Run 1,Aaron Whitfield,47,solo,0,0,415,1,0,1.0,643,1,0,1.0
Run 1,Aaron Whitfield,47,solo,0,0,456,0,0,0.04,519,0,0,0.034653
Run 1,Aaron Whitfield,47,solo,0,0,551,0,0,0.129496,538,0,0,0.057592
Run 1,Aaron Whitfield,47,solo,0,0,303,0,0,0.042553,701,0,0,0.039474
Run 1,Aaron Whitfield,47,joint,1,0,11,1,0,0.0,0,0,0,0.0
Run 1,Aaron Whitfield,47,solo,0,0,520,0,0,0.259259,726,0,0,0.343915
Run 1,Aaron Whitfield,47,solo,1,0,415,1,0,1.0,11,1,0,0.0
Run 1,Aaron Whitfield,47,solo,0,0,323,0,0,0.053571,626,0,0,0.041451
Run 1,Aaron Whitfield,47,solo,0,0,333,0,0,0.063636,598,0,0,0.026316
Run 1,Aaron Whitfield,47,solo,0,0,336,0,0,0.058252,553,0,0,0.02
Run 1,Aaron Whitfield,48,solo,0,0,373,0,0,0.701299,607,0,0,0.051887
Run 1,Aaron Whitfield,48,solo,0,0,288,0,0,0.27027,648,0,0,0.0199
Run 1,Aaron Whitfield,48,solo,0,0,343,0,0,0.168224,523,0,0,0.079096
Run 1,Aaron Whitfield,48,solo,0,0,405,0,0,0.092593,563,0,0,0.034483
Run 1,Aaron Whitfield,48,solo,0,0,295,0,0,0.043478,630,0,0,0.140449
Run 1,Aaron Whitfield,48,solo,0,0,396,0,0,0.030769,834,0,0,0.014134
Run 1,Aaron Whitfield,48,solo,0,0,412,0,0,0.050847,481,0,0,0.048193
Run 1,Aaron Whitfield,48,solo,0,0,422,0,0,0.047297,637,0,0,0.044776
Run 1,Aaron Whitfield,48,joint,1,0,11,1,0,0.0,0,0,0,0.0
Run 1,Aaron Whitfield,48,solo,0,0,329,0,1,0.847458,630,1,0,1.0
Run 1,Aaron Whitfield,48,solo,0,0,372,0,1,0.915254,586,0,0,0.057292
Run 1,Aaron Whitfield,48,solo,0,0,441,0,0,0.029851,565,0,0,0.065089
Run 1,Aaron Whitfield,48,solo,0,0,433,0,0,0.047619,619,0,0,0.052083
Run 1,Aaron Whitfield,48,solo,0,0,341,0,0,0.009804,606,0,0,0.034826
Run 1,Aaron Whitfield,48,joint,1,0,11,1,0,0.0,0,0,0,0.0
Run 1,Aaron Whitfield,48,solo,1,0,11,1,0,0.0,11,1,0,0.0
Run 1,Aaron Whitfield,49,solo,0,0,331,0,0,0.75,573,0,0,0.397516
Run 1,Aaron Whitfield,49,solo,0,0,387,0,0,0.052632,674,0,0,0.033981
Run 1,Aaron Whitfield,49,solo,0,0,407,0,0,0.03125,689,0,0,0.045662
Run 1,Aaron Whitfield,49,solo,0,0,430,0,0,0.041322,555,0,0,0.046512
Run 1,Aaron Whitfield,49,solo,0,0,473,0,0,0.015267,691,0,0,0.112745
Run 1,Aaron Whitfield,49,solo,0,0,618,0,0,0.035294,573,0,0,0.021368
Run 1,Aaron Whitfield,49,solo,0,0,319,0,0,0.035714,714,0,0,0.030457
Run 1,Aaron Whitfield,49,solo,0,0,294,0,0,0.05,512,0,0,0.046512
Run 1,Aaron Whitfield,49,solo,0,0,496,0,0,0.525773,594,0,0,0.04717
Run 1,Aaron Whitfield,49,solo,0,0,316,0,0,0.069767,490,0,0,0.045455
Run 1,Aaron Whitfield,49,solo,0,0,454,0,0,0.160714,601,0,0,0.035714
Run 1,Aaron Whitfield,49,solo,0,0,427,0,0,0.023077,679,0,0,0.056338
Run 1,Aaron Whitfield,49,joint,1,0,11,1,0,0.0,0,0,0,0.0
Run 1,Aaron Whitfield,49,solo,0,0,520,0,0,0.608696,582,0,0,0.503546
Run 1,Aaron Whitfield,49,solo,0,0,491,0,1,0.895833,594,1,0,1.0
Run 1,Aaron Whitfield,49,solo,0,0,266,0,0,0.078947,554,0,0,0.050562
Run 1,Aaron Whitfield,49,solo,0,0,360,0,0,0.1875,484,0,0,0.064706
Run 1,Aaron Whitfield,49,solo,0,0,482,0,0,0.038217,617,0,0,0.018018
Run 1,Aaron Whitfield,50,solo,0,0,491,1,0,1.0,655,0,0,0.728682
Run 1,Aaron Whitfield,50,solo,0,0,365,0,0,0.061856,653,0,0,0.033613
Run 1,Aaron Whitfield,50,solo,0,0,281,0,0,0.150685,544,0,0,0.026882
Run 1,Aaron Whitfield,50,solo,0,0,324,0,0,0.064,698,0,0,0.02381
Run 1,Aaron Whitfield,50,solo,0,0,491,1,0,1.0,655,1,0,1.0
Run 1,Aaron Whitfield,50,solo,0,0,306,0,0,0.134615,409,0,0,0.035503
Run 1,Aaron Whitfield,50,solo,0,0,376,0,0,0.20202,560,0,0,0.039604
Run 1,Aaron Whitfield,50,solo,0,0,251,0,0,0.0,589,0,0,0.057471
Run 1,Aaron Whitfield,50,solo,0,0,491,1,0,1.0,655,1,0,1.0
Run 1,Aaron Whitfield,50,solo,0,0,288,0,0,0.042017,585,0,0,0.00565
Run 1,Aaron Whitfield,50,solo,0,0,319,0,0,0.213483,549,0,0,0.020101
Run 1,Aaron Whitfield,50,solo,0,0,417,0,0,0.046296,654,0,0,0.032922
Run 1,Aaron Whitfield,50,joint,1,0,11,1,0,0.0,0,0,0,0.0
Run 1,Aaron Whitfield,50,solo,1,0,451,0,0,0.05,11,1,0,0.0
Run 1,Aaron Whitfield,50,solo,1,0,480,0,1,0.89011,11,1,0,0.0
Run 1,Aaron Whitfield,50,solo,0,0,467,0,0,0.044248,710,0,0,0.022624
Run 1,Aaron Whitfield,50,solo,0,0,300,0,0,0.145631,618,0,0,0.015228
Run 1,Aaron Whitfield,50,solo,0,0,166,0,0,0.064935,530,0,0,0.054945
Run 1,Aaron Whitfield,51,solo,0,0,491,1,0,1.0,585,0,1,0.803419
Run 1,Aaron Whitfield,51,solo,0,0,459,0,0,0.134454,542,0,0,0.049383
Run 1,Aaron Whitfield,51,solo,0,0,361,0,0,0.125,579,0,0,0.041451
Run 1,Aaron Whitfield,51,solo,0,0,476,0,0,0.012987,780,0,0,0.012048
Run 1,Aaron Whitfield,51,solo,0,0,491,1,0,1.0,714,0,1,0.80303
Run 1,Aaron Whitfield,51,solo,0,0,311,0,0,0.121212,428,0,0,0.084337
Run 1,Aaron Whitfield,51,solo,0,0,334,0,0,0.080357,534,0,0,0.067797
Run 1,Aaron Whitfield,51,solo,0,0,526,0,0,0.146341,691,0,0,0.059701
Run 1,Aaron Whitfield,51,solo,0,0,491,1,0,1.0,714,1,0,1.0
Run 1,Aaron Whitfield,51,solo,0,0,319,0,0,0.052632,418,0,0,0.048485
Run 1,Aaron Whitfield,51,solo,0,0,355,0,0,0.173469,563,0,0,0.061453
Run 1,Aaron Whitfield,51,solo,0,0,501,0,0,0.052632,506,0,0,0.044776
Run 1,Aaron Whitfield,51,solo,0,0,491,1,0,1.0,714,1,0,1.0
Run 1,Aaron Whitfield,51,solo,0,0,260,0,0,0.101124,518,0,0,0.020101
Run 1,Aaron Whitfield,51,solo,0,0,355,0,0,0.175824,685,0,0,0.063492
Run 1,Aaron Whitfield,51,solo,0,0,268,0,0,0.03125,477,0,0,0.016667
Run 1,Aaron Whitfield,51,joint,1,0,11,1,0,0.0,0,0,0,0.0
Run 1,Aaron Whitfield,51,solo,1,0,11,1,0,0.0,11,1,0,0.0
Run 1,Aaron Whitfield,52,joint,1,0,11,1,0,0.0,0,0,0,0.0
Run 1,Aaron Whitfield,52,solo,0,0,493,0,1,0.894737,636,0,1,0.804878
Run 1,Aaron Whitfield,52,solo,0,0,491,1,0,1.0,636,1,0,1.0
Run 1,Aaron Whitfield,52,solo,0,0,372,0,0,0.132075,526,0,0,0.081395
Run 1,Aaron Whitfield,52,solo,0,0,329,0,0,0.191011,579,0,0,0.041237
Run 1,Aaron Whitfield,52,solo,0,0,470,0,0,0.024242,568,0,0,0.020942
Run 1,Aaron Whitfield,52,solo,0,0,491,1,0,1.0,636,1,0,1.0
Run 1,Aaron Whitfield,52,solo,0,0,198,0,0,0.059701,484,0,0,0.045714
Run 1,Aaron Whitfield,52,solo,0,0,369,0,0,0.033708,765,0,0,0.05314
Run 1,Aaron Whitfield,52,solo,0,0,447,0,0,0.15534,562,0,0,0.03653
Run 1,Aaron Whitfield,52,solo,0,0,492,0,1,0.838384,636,1,0,1.0
Run 1,Aaron Whitfield,52,solo,0,0,280,0,0,0.142857,557,0,0,0.027624
Run 1,Aaron Whitfield,52,solo,0,0,383,0,0,0.19,702,0,0,0.029703
Run 1,Aaron Whitfield,52,solo,0,0,321,0,0,0.183908,581,0,0,0.054348
Run 1,Aaron Whitfield,52,solo,1,0,11,1,0,0.0,11,1,0,0.0
Run 1,Aaron Whitfield,52,solo,0,0,393,0,0,0.046667,507,0,0,0.068421
Run 1,Aaron Whitfield,52,solo,0,0,469,0,0,0.047297,547,0,0,0.062147
Run 1,Aaron Whitfield,52,solo,0,0,431,0,0,0.015504,533,0,0,0.031746
Run 1,Adrian Morales,1,solo,0,0,481,0,0,0.0,547,0,0,0.0
Run 1,Adrian Morales,1,solo,0,0,265,0,0,0.0,573,0,0,0.004762
Run 1,Adrian Morales,1,solo,0,0,497,0,0,0.0,682,0,0,0.0
Run 1,Adrian Morales,1,solo,0,0,362,0,0,0.0,621,0,0,0.004525
Run 1,Adrian Morales,1,joint,0,0,475,0,0,0.0,616,0,0,0.0
Run 1,Adrian Morales,1,solo,0,0,483,0,0,0.010929,670,0,0,0.012876
Run 1,Adrian Morales,1,solo,0,0,473,0,0,0.020548,589,0,0,0.004785
Run 1,Adrian Morales,1,solo,0,0,314,0,0,0.014599,609,0,0,0.028571
Run 1,Adrian Morales,1,solo,0,0,398,0,0,0.0,527,0,0,0.014851
Run 1,Adrian Morales,1,solo,0,0,430,0,0,0.008547,731,0,0,0.004386
Run 1,Adrian Morales,1,solo,0,0,288,0,0,0.0,815,0,0,0.049383
Run 1,Adrian Morales,1,solo,0,0,284,0,0,0.036232,525,0,0,0.005102
Run 1,Adrian Morales,1,solo,0,0,423,0,0,0.030769,544,0,0,0.010753
Run 1,Adrian Morales,1,solo,0,0,303,0,0,0.029703,558,0,0,0.009852
Run 1,Adrian Morales,1,joint,0,0,509,0,0,0.0,570,0,0,0.0
Run 1,Adrian Morales,1,solo,0,0,549,0,0,0.0,563,0,0,0.00813
Run 1,Adrian Morales,2,solo,0,0,217,0,0,0.389831,548,0,0,0.086957
Run 1,Adrian Morales,2,solo,0,0,373,0,0,0.024691,579,0,0,0.005076
Run 1,Adrian Morales,2,solo,0,0,262,0,0,0.163462,527,0,0,0.019324
Run 1,Adrian Morales,2,solo,0,0,484,0,0,0.017699,590,0,0,0.05102
Run 1,Adrian Morales,2,joint,0,0,501,0,0,0.006757,540,0,0,0.005208
Run 1,Adrian Morales,2,solo,0,0,437,0,0,0.511111,454,0,0,0.216216
Run 1,Adrian Morales,2,solo,0,0,374,0,0,0.224299,709,0,0,0.135266
Run 1,Adrian Morales,2,solo,0,0,463,0,0,0.014925,491,0,0,0.031915
Run 1,Adrian Morales,2,solo,0,0,536,0,0,0.036232,660,0,0,0.035714
Run 1,Adrian Morales,2,solo,0,0,405,0,0,0.04,692,0,0,0.013514
Run 1,Adrian Morales,2,solo,0,0,422,0,0,0.201835,688,0,0,0.158879
Run 1,Adrian Morales,2,solo,0,0,311,0,0,0.07,640,0,0,0.023256
Run 1,Adrian Morales,2,solo,0,0,297,0,0,0.045802,461,0,0,0.016129
Run 1,Adrian Morales,2,solo,0,0,275,0,0,0.03876,850,0,0,0.008032
Run 1,Adrian Morales,2,joint,1,0,11,0,0,0.0,0,0,0,0.0
Run 1,Adrian Morales,2,solo,0,0,543,0,1,0.931034,643,0,0,0.69403
Run 1,Adrian Morales,3,solo,0,0,432,0,0,0.261261,561,0,0,0.286713
Run 1,Adrian Morales,3,solo,0,0,463,0,0,0.084746,788,0,0,0.03211
Run 1,Adrian Morales,3,solo,0,0,411,0,0,0.042373,633,0,0,0.014354
Run 1,Adrian Morales,3,solo,0,0,299,0,0,0.050505,633,0,0,0.004484
Run 1,Adrian Morales,3,joint,0,0,349,0,0,0.0,410,0,0,0.012579
Run 1,Adrian Morales,3,solo,0,0,478,0,0,0.25,605,0,0,0.01938
Run 1,Adrian Morales,3,solo,0,0,469,0,0,0.5,554,0,0,0.029787
Run 1,Adrian Morales,3,solo,0,0,368,0,0,0.028037,777,0,0,0.038961
Run 1,Adrian Morales,3,solo,0,0,405,0,0,0.072072,559,0,0,0.014634
Run 1,Adrian Morales,3,solo,0,0,339,0,0,0.009174,675,0,0,0.00939
Run 1,Adrian Morales,3,joint,1,0,11,1,0,0.0,0,0,0,0.0
Run 1,Adrian Morales,3,solo,0,0,452,0,1,0.839506,561,1,0,1.0
Run 1,Adrian Morales,3,solo,0,0,376,0,0,0.254902,564,0,0,0.092391
Run 1,Adrian Morales,3,solo,0,0,343,0,0,0.03876,709,0,0,0.088235
Run 1,Adrian Morales,3,solo,0,0,327,0,0,0.168421,624,0,0,0.054455
Run 1,Adrian Morales,3,solo,0,0,307,0,0,0.069307,521,0,0,0.015707
Run 1,Adrian Morales,4,joint,0,0,373,0,0,0.0,593,0,0,0.005291
Run 1,Adrian Morales,4,solo,0,0,275,0,0,0.576271,718,0,0,0.082126
Run 1,Adrian Morales,4,solo,0,0,223,0,0,0.034188,525,0,0,0.040201
Run 1,Adrian Morales,4,solo,0,0,338,0,0,0.042735,611,0,0,0.018018
Run 1,Adrian Morales,4,solo,0,0,406,0,0,0.025478,618,0,0,0.015152
Run 1,Adrian Morales,4,solo,0,0,416,0,0,0.039062,532,0,0,0.015789
Run 1,Adrian Morales,4,solo,0,0,376,0,0,0.246914,660,0,0,0.651515
Run 1,Adrian Morales,4,solo,0,0,389,0,0,0.036697,582,0,0,0.041451
Run 1,Adrian Morales,4,solo,0,0,415,0,0,0.0,602,0,0,0.014778
Run 1,Adrian Morales,4,solo,0,0,260,0,0,0.009346,669,0,0,0.013333
Run 1,Adrian Morales,4,solo,0,0,375,0,1,0.833333,725,0,0,0.525547
Run 1,Adrian Morales,4,solo,0,0,383,0,0,0.057377,567,0,0,0.037037
Run 1,Adrian Morales,4,solo,0,0,392,0,0,0.046512,593,0,0,0.050847
Run 1,Adrian Morales,4,solo,0,0,300,0,0,0.008197,534,0,0,0.030769
Run 1,Adrian Morales,4,solo,0,0,412,0,0,0.364583,674,0,1,0.821138
Run 1,Adrian Morales,4,solo,0,0,350,0,0,0.033333,692,0,0,0.021097
Run 1,Adrian Morales,4,solo,0,0,402,0,0,0.086538,622,0,0,0.041667
Run 1,Adrian Morales,4,solo,0,0,382,0,0,0.075269,502,0,0,0.030769
Run 1,Adrian Morales,5,joint,0,0,318,0,0,0.0,565,0,0,0.043716
Run 1,Adrian Morales,5,solo,0,0,378,0,0,0.47619,667,0,0,0.074561
Run 1,Adrian Morales,5,solo,0,0,420,0,0,0.631579,545,0,0,0.02381
Run 1,Adrian Morales,5,solo,0,0,333,0,0,0.05303,509,0,0,0.013575
Run 1,Adrian Morales,5,solo,0,0,405,0,0,0.022059,475,0,0,0.044444
Run 1,Adrian Morales,5,solo,0,0,369,0,0,0.009174,470,0,0,0.054054
Run 1,Adrian Morales,5,joint,0,0,405,0,0,0.019608,558,0,0,0.439394
Run 1,Adrian Morales,5,solo,0,0,431,0,0,0.47191,690,0,0,0.431818
Run 1,Adrian Morales,5,solo,0,0,271,0,0,0.375,686,0,1,0.87069
Run 1,Adrian Morales,5,solo,0,0,331,0,0,0.030303,522,0,0,0.037838
Run 1,Adrian Morales,5,solo,0,0,269,0,0,0.097087,558,0,0,0.043062
Run 1,Adrian Morales,5,solo,0,0,249,0,0,0.019048,553,0,0,0.037634
Run 1,Adrian Morales,5,solo,0,0,447,0,0,0.743902,751,0,0,0.369048
Run 1,Adrian Morales,5,solo,0,0,348,0,0,0.051282,599,0,0,0.045045
Run 1,Adrian Morales,5,solo,0,0,409,0,0,0.033333,513,0,0,0.054645
Run 1,Adrian Morales,5,solo,0,0,303,0,0,0.15625,531,0,0,0.072289
Run 1,Adrian Morales,6,joint,0,0,443,0,0,0.007092,552,0,0,0.015625
Run 1,Adrian Morales,6,solo,0,0,468,0,0,0.525641,514,0,0,0.233333
Run 1,Adrian Morales,6,solo,0,0,389,0,0,0.553846,611,0,0,0.536913
Run 1,Adrian Morales,6,solo,0,0,356,0,0,0.039683,575,0,0,0.082051
Run 1,Adrian Morales,6,solo,0,0,396,0,0,0.04,531,0,0,0.027174
Run 1,Adrian Morales,6,solo,0,0,417,0,0,0.102041,664,0,0,0.03252
Run 1,Adrian Morales,6,solo,0,0,447,1,0,1.0,620,0,1,0.902655
Run 1,Adrian Morales,6,solo,0,0,293,0,0,0.063158,500,0,0,0.021505
Run 1,Adrian Morales,6,solo,0,0,291,0,0,0.065934,637,0,0,0.029557
Run 1,Adrian Morales,6,solo,0,0,255,0,0,0.08,408,0,0,0.01087
Run 1,Adrian Morales,6,joint,1,0,11,1,0,0.0,0,0,0,0.0
Run 1,Adrian Morales,6,solo,0,0,449,0,1,0.871795,620,1,0,1.0
Run 1,Adrian Morales,6,solo,0,0,327,0,0,0.026316,571,0,0,0.040404
Run 1,Adrian Morales,6,solo,0,0,394,0,0,0.022388,664,0,0,0.018349
Run 1,Adrian Morales,6,solo,0,0,382,0,0,0.042735,523,0,0,0.045455
Run 1,Adrian Morales,6,solo,0,0,370,0,0,0.026786,691,0,0,0.014851
Run 1,Adrian Morales,7,solo,0,0,313,0,0,0.692308,408,1,0,1.0
Run 1,Adrian Morales,7,solo,0,0,446,0,0,0.059322,555,0,0,0.033333
Run 1,Adrian Morales,7,solo,0,0,406,0,0,0.037736,591,0,0,0.045685
Run 1,Adrian Morales,7,solo,0,0,426,0,0,0.028571,684,0,0,0.027397
Run 1,Adrian Morales,7,joint,1,0,11,1,0,0.0,0,0,0,0.0
Run 1,Adrian Morales,7,solo,0,0,314,0,1,0.87234,408,1,0,1.0
Run 1,Adrian Morales,7,solo,0,0,312,0,1,0.843137,408,1,0,1.0
Run 1,Adrian Morales,7,solo,0,0,236,0,0,0.055556,525,0,0,0.015873
Run 1,Adrian Morales,7,solo,0,0,402,0,0,0.065421,556,0,0,0.027907
Run 1,Adrian Morales,7,solo,0,0,402,0,0,0.008929,610,0,0,0.013393
Run 1,Adrian Morales,7,solo,0,0,313,1,0,1.0,534,0,0,0.744898
Run 1,Adrian Morales,7,solo,0,0,286,0,0,0.105769,613,0,0,0.069519
Run 1,Adrian Morales,7,solo,0,0,314,0,0,0.058824,597,0,0,0.04721
Run 1,Adrian Morales,7,solo,0,0,327,0,0,0.079545,565,0,0,0.016216
Run 1,Adrian Morales,7,solo,0,0,312,1,0,1.0,534,1,0,1.0
Run 1,Adrian Morales,7,solo,0,0,339,0,0,0.0,580,0,0,0.026455
Run 1,Adrian Morales,7,solo,0,0,365,0,0,0.037037,703,0,0,0.035088
Run 1,Adrian Morales,7,solo,0,0,240,0,0,0.111111,483,0,0,0.044025
Run 1,Adrian Morales,8,joint,1,0,11,1,0,0.0,0,0,0,0.0
Run 1,Adrian Morales,8,solo,0,0,407,0,0,0.536232,458,0,1,0.931034
Run 1,Adrian Morales,8,solo,0,0,405,0,1,0.857143,678,0,0,0.66129
Run 1,Adrian Morales,8,solo,0,0,324,0,0,0.092437,571,0,0,0.063584
Run 1,Adrian Morales,8,solo,0,0,501,0,0,0.122137,558,0,0,0.027473
Run 1,Adrian Morales,8,solo,0,0,476,0,0,0.061069,690,0,0,0.017094
Run 1,Adrian Morales,8,solo,0,0,405,1,0,1.0,627,0,0,0.762963
Run 1,Adrian Morales,8,solo,0,0,198,0,0,0.07,555,0,0,0.04717
Run 1,Adrian Morales,8,solo,0,0,310,0,0,0.134146,622,0,0,0.040609
Run 1,Adrian Morales,8,solo,0,0,423,0,0,0.061947,563,0,0,0.035176
Run 1,Adrian Morales,8,solo,0,0,405,1,0,1.0,627,1,0,1.0
Run 1,Adrian Morales,8,solo,0,0,327,0,0,0.142857,528,0,0,0.043902
Run 1,Adrian Morales,8,solo,0,0,402,0,0,0.065421,715,0,0,0.033493
Run 1,Adrian Morales,8,solo,0,0,350,0,0,0.15534,540,0,0,0.064706
Run 1,Adrian Morales,8,solo,0,0,405,1,0,1.0,627,1,0,1.0
Run 1,Adrian Morales,8,solo,0,0,381,0,0,0.048387,716,0,0,0.019417
Run 1,Adrian Morales,8,solo,0,0,407,0,0,0.042553,676,0,0,0.065789
Run 1,Adrian Morales,8,solo,0,0,398,0,0,0.042373,545,0,0,0.022099
Run 1,Adrian Morales,9,solo,0,0,366,0,0,0.119565,669,0,0,0.645833
Run 1,Adrian Morales,9,solo,0,0,363,0,0,0.075862,662,0,0,0.019512
Run 1,Adrian Morales,9,solo,0,0,535,0,0,0.074324,584,0,0,0.052632
Run 1,Adrian Morales,9,solo,0,0,278,0,0,0.057143,541,0,0,0.043269
Run 1,Adrian Morales,9,joint,0,0,281,0,0,0.048193,446,0,0,0.02924
Run 1,Adrian Morales,9,solo,0,0,373,0,0,0.106195,435,0,0,0.046243
Run 1,Adrian Morales,9,solo,0,0,438,0,0,0.058824,752,0,0,0.03271
Run 1,Adrian Morales,9,solo,0,0,408,0,0,0.05,596,0,0,0.102041
Run 1,Adrian Morales,9,solo,0,0,478,0,0,0.056738,580,0,0,0.035
Run 1,Adrian Morales,9,solo,0,0,393,0,0,0.034483,621,0,0,0.019417
Run 1,Adrian Morales,9,solo,0,0,405,1,0,1.0,669,1,0,1.0
Run 1,Adrian Morales,9,solo,0,0,428,0,0,0.025,614,0,0,0.028037
Run 1,Adrian Morales,9,solo,0,0,333,0,0,0.119565,490,0,0,0.017442
Run 1,Adrian Morales,9,solo,0,0,356,0,0,0.172043,524,0,0,0.043478
Run 1,Adrian Morales,9,solo,0,0,405,1,0,1.0,669,1,0,1.0
Run 1,Adrian Morales,9,solo,0,0,560,0,0,0.052632,667,0,0,0.048544
Run 1,Adrian Morales,9,solo,0,0,358,0,0,0.076923,501,0,0,0.022936
Run 1,Adrian Morales,9,solo,0,0,455,0,0,0.049587,665,0,0,0.038043
Run 1,Adrian Morales,10,joint,0,0,287,0,0,0.0,527,0,0,0.0
Run 1,Adrian Morales,10,solo,0,0,418,0,0,0.652778,574,0,0,0.693694
Run 1,Adrian Morales,10,joint,0,0,369,0,0,0.016667,493,0,0,0.017045
Run 1,Adrian Morales,10,solo,0,0,376,0,0,0.050847,688,0,0,0.543353
Run 1,Adrian Morales,10,solo,0,0,416,0,1,0.855072,574,1,0,1.0
Run 1,Adrian Morales,10,solo,0,0,515,0,0,0.085714,638,0,0,0.048544
Run 1,Adrian Morales,10,solo,0,0,388,0,0,0.070796,614,0,0,0.063348
Run 1,Adrian Morales,10,solo,0,0,433,0,0,0.055556,642,0,0,0.038647
Run 1,Adrian Morales,10,joint,1,0,11,1,0,0.0,0,0,0,0.0
Run 1,Adrian Morales,10,solo,0,0,418,1,0,1.0,574,1,0,1.0
Run 1,Adrian Morales,10,solo,0,0,416,1,0,1.0,574,1,0,1.0
Run 1,Adrian Morales,10,solo,0,0,243,0,0,0.052632,538,0,0,0.070707
Run 1,Adrian Morales,10,solo,0,0,464,0,0,0.117647,592,0,0,0.056122
Run 1,Adrian Morales,10,solo,0,0,511,0,0,0.028986,617,0,0,0.049751
Run 1,Adrian Morales,11,joint,0,0,432,0,0,0.007463,516,0,0,0.04023
Run 1,Adrian Morales,11,solo,0,0,418,1,0,1.0,597,0,0,0.047872
Run 1,Adrian Morales,11,solo,0,0,416,1,0,1.0,600,0,1,0.843478
Run 1,Adrian Morales,11,solo,0,0,497,0,0,0.016129,563,0,0,0.054945
Run 1,Adrian Morales,11,solo,0,0,371,0,0,0.1,535,0,0,0.056818
Run 1,Adrian Morales,11,solo,0,0,403,0,0,0.25,528,0,0,0.053476
Run 1,Adrian Morales,11,solo,0,0,418,1,0,1.0,597,1,0,1.0
Run 1,Adrian Morales,11,solo,0,0,326,0,0,0.061404,735,0,0,0.046729
Run 1,Adrian Morales,11,solo,0,0,267,0,0,0.063636,577,0,0,0.034826
Run 1,Adrian Morales,11,solo,0,0,423,0,0,0.148148,627,0,0,0.053191
Run 1,Adrian Morales,11,solo,0,0,416,1,0,1.0,597,1,0,1.0
Run 1,Adrian Morales,11,solo,0,0,312,0,0,0.060241,586,0,0,0.033708
Run 1,Adrian Morales,11,solo,0,0,400,0,0,0.053571,549,0,0,0.026042
Run 1,Adrian Morales,11,solo,0,0,299,0,0,0.039683,618,0,0,0.047619
Run 1,Adrian Morales,11,solo,0,0,415,0,1,0.882353,610,0,0,0.260355
Run 1,Adrian Morales,11,solo,0,0,434,0,0,0.08,660,0,0,0.044248
Run 1,Adrian Morales,11,solo,0,0,343,0,0,0.181818,584,0,0,0.065217
Run 1,Adrian Morales,11,solo,0,0,339,0,0,0.117647,505,0,0,0.038251
Run 1,Adrian Morales,12,joint,0,0,380,0,0,0.0,561,0,0,0.032787
Run 1,Adrian Morales,12,solo,0,0,418,1,0,1.0,706,0,0,0.101449
Run 1,Adrian Morales,12,solo,0,0,416,1,0,1.0,758,0,0,0.27451
Run 1,Adrian Morales,12,solo,0,0,338,0,0,0.044643,569,0,0,0.066667
Run 1,Adrian Morales,12,solo,0,0,455,0,0,0.065041,524,0,0,0.05814
Run 1,Adrian Morales,12,solo,0,0,326,0,0,0.052632,581,0,0,0.039801
Run 1,Adrian Morales,12,solo,0,0,416,1,0,1.0,598,0,0,0.707317
Run 1,Adrian Morales,12,solo,0,0,250,0,0,0.110169,656,0,0,0.029412
Run 1,Adrian Morales,12,solo,0,0,647,0,0,0.090909,587,0,0,0.044335
Run 1,Adrian Morales,12,solo,0,0,316,0,0,0.177778,491,0,0,0.088542
Run 1,Adrian Morales,12,solo,0,0,416,1,0,1.0,752,0,1,0.889655
Run 1,Adrian Morales,12,solo,0,0,320,0,0,0.14,591,0,0,0.039216
Run 1,Adrian Morales,12,solo,0,0,477,0,0,0.10687,631,0,0,0.035354
Run 1,Adrian Morales,12,solo,0,0,289,0,0,0.073684,603,0,0,0.023697
Run 1,Adrian Morales,12,joint,1,0,11,1,0,0.0,0,0,0,0.0
Run 1,Adrian Morales,12,solo,0,0,418,1,0,1.0,698,0,1,0.944444
Run 1,Adrian Morales,13,solo,0,0,416,1,0,1.0,574,0,0,0.729927
Run 1,Adrian Morales,13,solo,0,0,544,0,0,0.029762,665,0,0,0.023148
Run 1,Adrian Morales,13,solo,0,0,369,0,0,0.046729,696,0,0,0.026316
Run 1,Adrian Morales,13,solo,0,0,328,0,0,0.085714,623,0,0,0.060606
Run 1,Adrian Morales,13,joint,0,0,306,0,0,0.0,430,0,0,0.013889
Run 1,Adrian Morales,13,solo,0,0,348,0,1,0.896552,671,0,0,0.207447
Run 1,Adrian Morales,13,solo,0,0,723,0,0,0.52459,574,1,0,1.0
Run 1,Adrian Morales,13,solo,0,0,468,0,0,0.048951,623,0,0,0.023697
Run 1,Adrian Morales,13,solo,0,0,357,0,0,0.092199,548,0,0,0.084211
Run 1,Adrian Morales,13,solo,0,0,338,0,0,0.021429,614,0,0,0.070707
Run 1,Adrian Morales,13,solo,0,0,415,1,0,1.0,574,1,0,1.0
Run 1,Adrian Morales,13,solo,0,0,302,0,0,0.029703,579,0,0,0.042328
Run 1,Adrian Morales,13,solo,0,0,302,0,0,0.024096,546,0,0,0.060109
Run 1,Adrian Morales,13,solo,0,0,317,0,0,0.055556,620,0,0,0.076503
Run 1,Adrian Morales,13,solo,0,0,415,1,0,1.0,574,1,0,1.0
Run 1,Adrian Morales,13,solo,0,0,355,0,0,0.070312,573,0,0,0.030769
Run 1,Adrian Morales,13,solo,0,0,329,0,0,0.053763,585,0,0,0.019608
Run 1,Adrian Morales,13,solo,0,0,231,0,0,0.012195,628,0,0,0.024038
Run 1,Adrian Morales,14,joint,0,0,524,0,0,0.0,689,0,0,0.015464
Run 1,Adrian Morales,14,solo,0,0,417,0,1,0.882353,702,0,0,0.597122
Run 1,Adrian Morales,14,solo,0,0,415,1,0,1.0,702,1,0,1.0
Run 1,Adrian Morales,14,solo,0,0,465,0,0,0.028169,643,0,0,0.058537
Run 1,Adrian Morales,14,solo,0,0,268,0,0,0.067961,623,0,0,0.025907
Run 1,Adrian Morales,14,solo,0,0,405,0,0,0.08871,716,0,0,0.045455
Run 1,Adrian Morales,14,solo,0,0,415,1,0,1.0,695,0,1,0.936
Run 1,Adrian Morales,14,solo,0,0,317,0,0,0.037383,521,0,0,0.019139
Run 1,Adrian Morales,14,solo,0,0,476,0,0,0.166667,547,0,0,0.063492
Run 1,Adrian Morales,14,solo,0,0,225,0,0,0.1625,467,0,0,0.041026
Run 1,Adrian Morales,14,solo,0,0,417,1,0,1.0,695,0,1,0.920635
Run 1,Adrian Morales,14,solo,0,0,265,0,0,0.104167,543,0,0,0.060109
Run 1,Adrian Morales,14,solo,0,0,364,0,0,0.075269,498,0,0,0.029762
Run 1,Adrian Morales,14,solo,0,0,399,0,0,0.061224,677,0,0,0.027273
Run 1,Adrian Morales,14,solo,0,0,417,1,0,1.0,695,1,0,1.0
Run 1,Adrian Morales,14,solo,0,0,261,0,0,0.05,655,0,0,0.036364
Run 1,Adrian Morales,14,solo,0,0,397,0,0,0.056338,611,0,0,0.033981
Run 1,Adrian Morales,14,solo,0,0,367,0,0,0.101695,598,0,0,0.040724
Run 1,Adrian Morales,15,solo,0,0,532,0,0,0.150376,637,0,0,0.609023
Run 1,Adrian Morales,15,solo,0,0,384,0,0,0.028571,608,0,0,0.035
Run 1,Adrian Morales,15,solo,0,0,391,0,0,0.038961,539,0,0,0.033816
Run 1,Adrian Morales,15,solo,0,0,350,0,0,0.088,524,0,0,0.060109
Run 1,Adrian Morales,15,joint,1,0,11,1,0,0.0,0,0,0,0.0
Run 1,Adrian Morales,15,solo,0,0,517,0,0,0.495495,633,0,1,0.956897
Run 1,Adrian Morales,15,solo,0,0,515,0,1,0.886364,637,1,0,1.0
Run 1,Adrian Morales,15,solo,0,0,379,0,0,0.107843,638,0,0,0.036866
Run 1,Adrian Morales,15,solo,0,0,367,0,0,0.075,617,0,0,0.039024
Run 1,Adrian Morales,15,solo,0,0,394,0,0,0.089655,804,0,0,0.033654
Run 1,Adrian Morales,15,solo,0,0,415,1,0,1.0,717,0,0,0.263441
Run 1,Adrian Morales,15,solo,0,0,452,0,0,0.117647,649,0,0,0.034934
Run 1,Adrian Morales,15,solo,0,0,414,0,0,0.116071,575,0,0,0.028708
Run 1,Adrian Morales,15,solo,0,0,511,0,0,0.027778,704,0,0,0.029915
Run 1,Adrian Morales,15,solo,0,0,529,0,0,0.610526,717,1,0,1.0
Run 1,Adrian Morales,15,solo,0,0,384,0,0,0.074627,673,0,0,0.022124
Run 1,Adrian Morales,15,solo,0,0,366,0,0,0.136364,543,0,0,0.04918
Run 1,Adrian Morales,15,solo,0,0,355,0,0,0.046512,574,0,0,0.056075
Run 1,Adrian Morales,16,joint,0,0,573,0,0,0.007463,622,0,0,0.032609
Run 1,Adrian Morales,16,solo,0,0,531,0,1,0.893617,625,0,0,0.652174
Run 1,Adrian Morales,16,solo,0,0,529,1,0,1.0,621,0,1,0.954128
Run 1,Adrian Morales,16,solo,0,0,493,0,0,0.1,538,0,0,0.067708
Run 1,Adrian Morales,16,solo,0,0,416,0,0,0.083333,514,0,0,0.02809
Run 1,Adrian Morales,16,solo,0,0,319,0,0,0.015152,596,0,0,0.028846
Run 1,Adrian Morales,16,solo,0,0,588,0,1,0.936842,625,1,0,1.0
Run 1,Adrian Morales,16,solo,0,0,261,0,0,0.067416,554,0,0,0.061905
Run 1,Adrian Morales,16,solo,0,0,360,0,0,0.016667,465,0,0,0.052023
Run 1,Adrian Morales,16,solo,0,0,383,0,0,0.036697,631,0,0,0.033473
Run 1,Adrian Morales,16,solo,0,0,529,1,0,1.0,625,1,0,1.0
Run 1,Adrian Morales,16,solo,0,0,347,0,0,0.089109,544,0,0,0.053476
Run 1,Adrian Morales,16,solo,0,0,366,0,0,0.12766,570,0,0,0.045
Run 1,Adrian Morales,16,solo,0,0,274,0,0,0.11236,568,0,0,0.046632
Run 1,Adrian Morales,16,solo,0,0,529,1,0,1.0,625,1,0,1.0
Run 1,Adrian Morales,16,solo,0,0,350,0,0,0.169811,696,0,0,0.045226
Run 1,Adrian Morales,16,solo,0,0,358,0,0,0.105769,530,0,0,0.076923
Run 1,Adrian Morales,16,solo,0,0,447,0,0,0.008772,548,0,0,0.015957
Run 1,Adrian Morales,17,solo,0,0,563,0,1,0.915789,648,0,0,0.026432
Run 1,Adrian Morales,17,solo,0,0,406,0,0,0.075472,608,0,0,0.072165
Run 1,Adrian Morales,17,solo,0,0,349,0,0,0.047244,528,0,0,0.060302
Run 1,Adrian Morales,17,solo,0,0,470,0,0,0.008264,572,0,0,0.022989
Run 1,Adrian Morales,17,joint,0,0,404,0,0,0.020619,586,0,0,0.390728
Run 1,Adrian Morales,17,solo,0,0,568,0,1,0.876289,756,0,1,0.839416
Run 1,Adrian Morales,17,solo,0,0,503,0,1,0.955056,704,0,0,0.368421
Run 1,Adrian Morales,17,solo,0,0,356,0,0,0.057143,554,0,0,0.071038
Run 1,Adrian Morales,17,solo,0,0,323,0,0,0.078652,541,0,0,0.038835
Run 1,Adrian Morales,17,solo,0,0,293,0,0,0.056452,526,0,0,0.090909
Run 1,Adrian Morales,17,solo,0,0,503,1,0,1.0,756,1,0,1.0
Run 1,Adrian Morales,17,solo,0,0,494,0,0,0.047337,571,0,0,0.041451
Run 1,Adrian Morales,17,solo,0,0,354,0,0,0.058252,566,0,0,0.042857
Run 1,Adrian Morales,17,solo,0,0,323,0,0,0.159574,539,0,0,0.061224
Run 1,Adrian Morales,17,solo,0,0,503,1,0,1.0,756,1,0,1.0
Run 1,Adrian Morales,17,solo,0,0,360,0,0,0.107843,589,0,0,0.076087
Run 1,Adrian Morales,17,solo,0,0,293,0,0,0.094737,562,0,0,0.036458
Run 1,Adrian Morales,17,solo,0,0,326,0,0,0.168539,483,0,0,0.021164
Run 1,Adrian Morales,18,solo,0,0,555,0,1,0.934066,602,0,0,0.679389
Run 1,Adrian Morales,18,solo,0,0,250,0,0,0.09,492,0,0,0.070588
Run 1,Adrian Morales,18,solo,0,0,412,0,0,0.133858,650,0,0,0.031674
Run 1,Adrian Morales,18,solo,0,0,269,0,0,0.018519,655,0,0,0.031818
Run 1,Adrian Morales,18,joint,1,0,11,1,0,0.0,0,0,0,0.0
Run 1,Adrian Morales,18,solo,0,0,505,0,1,0.955056,602,1,0,1.0
Run 1,Adrian Morales,18,solo,0,0,449,0,0,0.647059,602,1,0,1.0
Run 1,Adrian Morales,18,solo,0,0,379,0,0,0.07619,679,0,0,0.048544
Run 1,Adrian Morales,18,solo,0,0,325,0,0,0.064815,465,0,0,0.039326
Run 1,Adrian Morales,18,solo,0,0,343,0,0,0.087379,535,0,0,0.024038
Run 1,Adrian Morales,18,joint,1,0,11,1,0,0.0,0,0,0,0.0
Run 1,Adrian Morales,18,solo,0,0,314,0,0,0.204819,563,0,0,0.663793
Run 1,Adrian Morales,18,solo,0,0,462,0,1,0.88764,541,0,0,0.510345
Run 1,Adrian Morales,18,solo,0,0,445,0,0,0.014286,670,0,0,0.03211
Run 1,Adrian Morales,18,solo,0,0,395,0,0,0.054545,555,0,0,0.028986
Run 1,Adrian Morales,18,solo,0,0,365,0,0,0.013889,548,0,0,0.050761
Run 1,Adrian Morales,19,solo,0,0,445,0,1,0.875,624,0,0,0.568345
Run 1,Adrian Morales,19,solo,0,0,365,0,0,0.106796,627,0,0,0.039216
Run 1,Adrian Morales,19,solo,0,0,482,0,0,0.036765,712,0,0,0.027397
Run 1,Adrian Morales,19,solo,0,0,298,0,0,0.076087,811,0,0,0.026087
Run 1,Adrian Morales,19,solo,0,0,440,0,0,0.072993,803,0,1,0.865385
Run 1,Adrian Morales,19,solo,0,0,349,0,0,0.052174,648,0,0,0.029412
Run 1,Adrian Morales,19,solo,0,0,337,0,0,0.044248,536,0,0,0.035354
Run 1,Adrian Morales,19,solo,0,0,456,0,0,0.007812,554,0,0,0.020942
Run 1,Adrian Morales,19,solo,0,0,445,1,0,1.0,663,0,1,0.94958
Run 1,Adrian Morales,19,solo,0,0,247,0,0,0.060976,641,0,0,0.04878
Run 1,Adrian Morales,19,solo,0,0,462,0,0,0.104167,567,0,0,0.020725
Run 1,Adrian Morales,19,solo,0,0,276,0,0,0.045872,703,0,0,0.018182
Run 1,Adrian Morales,19,joint,1,0,11,1,0,0.0,0,0,0,0.0
Run 1,Adrian Morales,19,solo,0,0,424,0,0,0.126984,624,1,0,1.0
Run 1,Adrian Morales,19,joint,1,0,11,1,0,0.0,0,0,0,0.0
Run 1,Adrian Morales,19,solo,0,0,491,0,0,0.067568,641,1,0,1.0
Run 1,Adrian Morales,20,solo,0,0,445,1,0,1.0,681,0,0,0.697183
Run 1,Adrian Morales,20,solo,0,0,419,0,0,0.089431,587,0,0,0.058824
Run 1,Adrian Morales,20,solo,0,0,398,0,0,0.10101,491,0,0,0.052023
Run 1,Adrian Morales,20,solo,0,0,469,0,0,0.107438,560,0,0,0.038251
Run 1,Adrian Morales,20,joint,0,0,327,0,0,0.0,501,0,0,0.017241
Run 1,Adrian Morales,20,solo,0,0,518,0,0,0.744681,642,0,1,0.95082
Run 1,Adrian Morales,20,solo,0,0,445,1,0,1.0,692,0,1,0.976
Run 1,Adrian Morales,20,solo,0,0,401,0,0,0.062893,574,0,0,0.026455
Run 1,Adrian Morales,20,solo,0,0,335,0,0,0.053097,526,0,0,0.036842
Run 1,Adrian Morales,20,solo,0,0,357,0,0,0.184783,497,0,0,0.033708
Run 1,Adrian Morales,20,solo,0,0,516,0,1,0.863158,692,1,0,1.0
Run 1,Adrian Morales,20,solo,0,0,330,0,0,0.106557,588,0,0,0.038835
Run 1,Adrian Morales,20,solo,0,0,519,0,0,0.052239,562,0,0,0.043011
Run 1,Adrian Morales,20,solo,0,0,319,0,0,0.244186,494,0,0,0.052356
Run 1,Adrian Morales,20,joint,1,0,11,1,0,0.0,0,0,0,0.0
Run 1,Adrian Morales,20,solo,0,0,408,0,0,0.556818,536,0,0,0.098266
Run 1,Adrian Morales,21,joint,0,0,629,0,0,0.0,729,0,0,0.05291
Run 1,Adrian Morales,21,solo,0,0,445,0,0,0.07874,626,0,0,0.046392
Run 1,Adrian Morales,21,solo,0,0,445,1,0,1.0,690,0,0,0.76259
Run 1,Adrian Morales,21,solo,0,0,373,0,0,0.041322,668,0,0,0.063725
Run 1,Adrian Morales,21,solo,0,0,313,0,0,0.058252,614,0,0,0.03352
Run 1,Adrian Morales,21,solo,0,0,328,0,0,0.034483,502,0,0,0.017241
Run 1,Adrian Morales,21,joint,1,0,11,1,0,0.0,0,0,0,0.0
Run 1,Adrian Morales,21,solo,0,0,447,0,1,0.875,701,0,1,0.976744
Run 1,Adrian Morales,21,joint,1,0,11,1,0,0.0,0,0,0,0.0
Run 1,Adrian Morales,21,solo,0,0,478,0,0,0.38843,626,1,0,1.0
Run 1,Adrian Morales,21,solo,0,0,445,1,0,1.0,701,1,0,1.0
Run 1,Adrian Morales,21,solo,0,0,352,0,0,0.130435,673,0,0,0.062241
Run 1,Adrian Morales,21,solo,0,0,394,0,0,0.152174,481,0,0,0.022472
Run 1,Adrian Morales,21,solo,0,0,446,0,0,0.212963,579,0,0,0.025
Run 1,Adrian Morales,22,joint,0,0,385,0,0,0.007042,628,0,0,0.013453
Run 1,Adrian Morales,22,solo,0,0,303,0,0,0.627907,664,0,0,0.57931
Run 1,Adrian Morales,22,solo,0,0,411,0,0,0.462366,638,0,0,0.029557
Run 1,Adrian Morales,22,solo,0,0,317,0,0,0.095652,906,0,0,0.018939
Run 1,Adrian Morales,22,solo,0,0,464,0,0,0.102941,645,0,0,0.037037
Run 1,Adrian Morales,22,solo,0,0,407,0,0,0.064286,557,0,0,0.034483
Run 1,Adrian Morales,22,joint,0,0,482,0,0,0.017964,514,0,0,0.022099
Run 1,Adrian Morales,22,solo,0,0,403,0,1,0.88,646,0,0,0.018433
Run 1,Adrian Morales,22,solo,0,0,446,0,1,0.898734,609,0,0,0.633094
Run 1,Adrian Morales,22,solo,0,0,471,0,0,0.0625,521,0,0,0.028249
Run 1,Adrian Morales,22,solo,0,0,400,0,0,0.04065,592,0,0,0.039474
Run 1,Adrian Morales,22,solo,0,0,346,0,0,0.151515,558,0,0,0.057895
Run 1,Adrian Morales,22,solo,0,0,445,1,0,1.0,650,0,0,0.671329
Run 1,Adrian Morales,22,solo,0,0,368,0,0,0.068966,541,0,0,0.036842
Run 1,Adrian Morales,22,solo,0,0,539,0,0,0.084507,623,0,0,0.067416
Run 1,Adrian Morales,22,solo,0,0,279,0,0,0.205128,570,0,0,0.043062
Run 1,Adrian Morales,23,solo,0,0,341,0,0,0.64557,506,0,1,0.838384
Run 1,Adrian Morales,23,solo,0,0,461,0,0,0.052239,764,0,0,0.017778
Run 1,Adrian Morales,23,solo,0,0,427,0,0,0.034188,573,0,0,0.039773
Run 1,Adrian Morales,23,solo,0,0,279,0,0,0.034091,684,0,0,0.032787
Run 1,Adrian Morales,23,joint,0,0,312,0,0,0.0,502,0,0,0.006452
Run 1,Adrian Morales,23,solo,0,0,343,0,1,0.846154,506,1,0,1.0
Run 1,Adrian Morales,23,solo,0,0,505,0,0,0.791209,547,0,0,0.520833
Run 1,Adrian Morales,23,solo,0,0,386,0,0,0.042017,625,0,0,0.04902
Run 1,Adrian Morales,23,solo,0,0,357,0,0,0.047619,518,0,0,0.033333
Run 1,Adrian Morales,23,solo,0,0,471,0,0,0.021277,572,0,0,0.021053
Run 1,Adrian Morales,23,solo,0,0,394,0,0,0.252174,542,0,1,0.858491
Run 1,Adrian Morales,23,solo,0,0,431,0,0,0.0625,540,0,0,0.038462
Run 1,Adrian Morales,23,solo,0,0,217,0,0,0.120879,529,0,0,0.038043
Run 1,Adrian Morales,23,solo,0,0,295,0,0,0.061224,518,0,0,0.04
Run 1,Adrian Morales,23,solo,0,0,403,0,0,0.426966,482,0,0,0.033333
Run 1,Adrian Morales,23,solo,0,0,390,0,0,0.022222,646,0,0,0.056522
Run 1,Adrian Morales,23,solo,0,0,436,0,0,0.056911,469,0,0,0.042945
Run 1,Adrian Morales,23,solo,0,0,371,0,0,0.059406,513,0,0,0.041885
Run 1,Adrian Morales,24,joint,0,0,363,0,0,0.007299,472,0,0,0.057692
Run 1,Adrian Morales,24,solo,0,0,434,0,1,0.887324,500,0,1,0.915789
Run 1,Adrian Morales,24,solo,0,0,451,0,1,0.905405,482,1,0,1.0
Run 1,Adrian Morales,24,solo,0,0,356,0,0,0.132653,595,0,0,0.042553
Run 1,Adrian Morales,24,solo,0,0,291,0,0,0.16129,533,0,0,0.014851
Run 1,Adrian Morales,24,solo,0,0,304,0,0,0.017241,600,0,0,0.10929
Run 1,Adrian Morales,24,solo,0,0,546,0,0,0.178571,614,0,0,0.739496
Run 1,Adrian Morales,24,solo,0,0,475,0,0,0.033784,447,0,0,0.067568
Run 1,Adrian Morales,24,solo,0,0,476,0,0,0.067227,675,0,0,0.023585
Run 1,Adrian Morales,24,solo,0,0,499,0,0,0.104,602,0,0,0.037559
Run 1,Adrian Morales,24,solo,0,0,454,0,0,0.156028,482,1,0,1.0
Run 1,Adrian Morales,24,solo,0,0,469,0,0,0.058824,494,0,0,0.016575
Run 1,Adrian Morales,24,solo,0,0,376,0,0,0.033113,525,0,0,0.029851
Run 1,Adrian Morales,24,solo,0,0,320,0,0,0.067308,685,0,0,0.042453
Run 1,Adrian Morales,24,solo,0,0,454,1,0,1.0,482,1,0,1.0
Run 1,Adrian Morales,24,solo,0,0,257,0,0,0.072917,565,0,0,0.058201
Run 1,Adrian Morales,24,solo,0,0,467,0,0,0.040323,576,0,0,0.016129
Run 1,Adrian Morales,24,solo,0,0,278,0,0,0.053191,671,0,0,0.030172
Run 1,Adrian Morales,25,joint,0,0,595,0,0,0.007246,689,0,0,0.031579
Run 1,Adrian Morales,25,solo,0,0,491,0,0,0.373016,699,0,0,0.551282
Run 1,Adrian Morales,25,solo,0,0,432,0,1,0.868421,581,0,0,0.760684
Run 1,Adrian Morales,25,solo,0,0,379,0,0,0.051546,707,0,0,0.049793
Run 1,Adrian Morales,25,solo,0,0,412,0,0,0.079646,640,0,0,0.05102
Run 1,Adrian Morales,25,solo,0,0,398,0,0,0.02,524,0,0,0.027174
Run 1,Adrian Morales,25,solo,0,0,269,0,0,0.086022,526,0,0,0.043011
Run 1,Adrian Morales,25,solo,0,0,330,0,0,0.042017,514,0,0,0.047619
Run 1,Adrian Morales,25,solo,0,0,411,0,0,0.029851,604,0,0,0.027273
Run 1,Adrian Morales,25,solo,0,0,242,0,0,0.028037,499,0,0,0.03125
Run 1,Adrian Morales,25,solo,0,0,363,0,0,0.774194,526,1,0,1.0
Run 1,Adrian Morales,25,solo,0,0,387,0,0,0.148515,609,0,0,0.038095
Run 1,Adrian Morales,25,solo,0,0,264,0,0,0.151899,527,0,0,0.039548
Run 1,Adrian Morales,25,solo,0,0,240,0,0,0.338235,505,0,0,0.026042
Run 1,Adrian Morales,25,solo,0,0,432,1,0,1.0,582,0,1,0.936937
Run 1,Adrian Morales,25,solo,0,0,423,0,0,0.064,494,0,0,0.039773
Run 1,Adrian Morales,25,solo,0,0,377,0,0,0.084906,519,0,0,0.029851
Run 1,Adrian Morales,25,solo,0,0,369,0,0,0.026087,610,0,0,0.076087
Run 1,Adrian Morales,26,solo,0,0,363,1,0,1.0,679,0,0,0.719008
Run 1,Adrian Morales,26,solo,0,0,473,0,0,0.042857,450,0,0,0.011696
Run 1,Adrian Morales,26,solo,0,0,478,0,0,0.043796,558,0,0,0.057143
Run 1,Adrian Morales,26,solo,0,0,287,0,0,0.272727,593,0,0,0.05641
Run 1,Adrian Morales,26,joint,1,0,11,1,0,0.0,0,0,0,0.0
Run 1,Adrian Morales,26,solo,0,0,362,0,0,0.61039,679,1,0,1.0
Run 1,Adrian Morales,26,solo,0,0,363,1,0,1.0,602,0,0,0.707692
Run 1,Adrian Morales,26,solo,0,0,362,0,0,0.024194,501,0,0,0.021505
Run 1,Adrian Morales,26,solo,0,0,404,0,0,0.072,511,0,0,0.01105
Run 1,Adrian Morales,26,solo,0,0,296,0,0,0.133333,699,0,0,0.033457
Run 1,Adrian Morales,26,solo,0,0,363,1,0,1.0,603,0,1,0.947826
Run 1,Adrian Morales,26,solo,0,0,421,0,0,0.047244,714,0,0,0.022624
Run 1,Adrian Morales,26,solo,0,0,442,0,0,0.054795,657,0,0,0.043478
Run 1,Adrian Morales,26,solo,0,0,333,0,0,0.026087,614,0,0,0.013043
Run 1,Adrian Morales,26,joint,1,0,11,1,0,0.0,0,0,0,0.0
Run 1,Adrian Morales,26,solo,0,0,388,0,0,0.648649,597,0,1,0.881356
Run 1,Adrian Morales,27,joint,0,0,435,0,0,0.032258,639,0,0,0.041096
Run 1,Adrian Morales,27,solo,0,0,359,0,0,0.290323,710,0,0,0.64
Run 1,Adrian Morales,27,solo,0,0,387,0,0,0.5,710,1,0,1.0
Run 1,Adrian Morales,27,solo,0,0,390,0,0,0.081301,575,0,0,0.038251
Run 1,Adrian Morales,27,solo,0,0,443,0,0,0.036232,595,0,0,0.061224
Run 1,Adrian Morales,27,solo,0,0,380,0,0,0.04065,525,0,0,0.016667
Run 1,Adrian Morales,27,joint,0,0,330,0,0,0.0,575,0,0,0.014851
Run 1,Adrian Morales,27,solo,0,0,475,0,0,0.38,710,1,0,1.0
Run 1,Adrian Morales,27,solo,0,0,387,1,0,1.0,710,1,0,1.0
Run 1,Adrian Morales,27,solo,0,0,324,0,0,0.097826,571,0,0,0.022624
Run 1,Adrian Morales,27,solo,0,0,297,0,0,0.059322,611,0,0,0.087805
Run 1,Adrian Morales,27,solo,0,0,471,0,0,0.075,645,0,0,0.034483
Run 1,Adrian Morales,27,solo,0,0,387,1,0,1.0,710,1,0,1.0
Run 1,Adrian Morales,27,solo,0,0,413,0,0,0.045455,642,0,0,0.038462
Run 1,Adrian Morales,27,solo,0,0,321,0,0,0.150442,730,0,0,0.066946
Run 1,Adrian Morales,27,solo,0,0,327,0,0,0.030303,661,0,0,0.023923
Run 1,Adrian Morales,28,solo,0,0,470,0,1,0.83908,573,0,0,0.738095
Run 1,Adrian Morales,28,solo,0,0,284,0,0,0.102041,704,0,0,0.026786
Run 1,Adrian Morales,28,solo,0,0,396,0,0,0.032258,552,0,0,0.031915
Run 1,Adrian Morales,28,solo,0,0,367,0,0,0.019481,468,0,0,0.020833
Run 1,Adrian Morales,28,joint,0,0,502,0,0,0.0,652,0,0,0.046392
Run 1,Adrian Morales,28,solo,0,0,458,0,1,0.892857,728,0,0,0.786765
Run 1,Adrian Morales,28,solo,0,0,400,0,0,0.116279,627,0,0,0.036842
Run 1,Adrian Morales,28,solo,0,0,393,0,0,0.042017,582,0,0,0.042105
Run 1,Adrian Morales,28,solo,0,0,451,0,0,0.034783,675,0,0,0.033816
Run 1,Adrian Morales,28,solo,0,0,375,0,0,0.1,481,0,0,0.03012
Run 1,Adrian Morales,28,joint,1,0,11,1,0,0.0,0,0,0,0.0
Run 1,Adrian Morales,28,solo,0,0,457,0,0,0.784091,573,1,0,1.0
Run 1,Adrian Morales,28,solo,0,0,458,1,0,1.0,728,1,0,1.0
Run 1,Adrian Morales,28,solo,0,0,544,0,0,0.014388,616,0,0,0.014151
Run 1,Adrian Morales,28,solo,0,0,338,0,0,0.141509,447,0,0,0.069364
Run 1,Adrian Morales,28,solo,0,0,307,0,0,0.07,658,0,0,0.033981
Run 1,Adrian Morales,29,solo,0,0,456,0,0,0.775281,485,0,1,0.94186
Run 1,Adrian Morales,29,solo,0,0,452,0,0,0.061069,472,0,0,0.042169
Run 1,Adrian Morales,29,solo,0,0,318,0,0,0.078431,564,0,0,0.037838
Run 1,Adrian Morales,29,solo,0,0,407,0,0,0.074074,489,0,0,0.026882
Run 1,Adrian Morales,29,joint,0,0,315,0,0,0.009174,527,0,0,0.048387
Run 1,Adrian Morales,29,solo,0,0,467,0,0,0.431373,591,0,0,0.57037
Run 1,Adrian Morales,29,solo,0,0,467,1,0,1.0,591,1,0,1.0
Run 1,Adrian Morales,29,solo,0,0,413,0,0,0.088889,530,0,0,0.023923
Run 1,Adrian Morales,29,solo,0,0,369,0,0,0.12,487,0,0,0.027933
Run 1,Adrian Morales,29,solo,0,0,357,0,0,0.155172,510,0,0,0.067485
Run 1,Adrian Morales,29,solo,0,0,469,1,0,1.0,494,0,0,0.755102
Run 1,Adrian Morales,29,solo,0,0,397,0,0,0.126866,506,0,0,0.021858
Run 1,Adrian Morales,29,solo,0,0,512,0,0,0.137405,700,0,0,0.029787
Run 1,Adrian Morales,29,solo,0,0,370,0,0,0.153226,576,0,0,0.032258
Run 1,Adrian Morales,29,solo,0,0,460,0,0,0.54902,498,0,1,0.922222
Run 1,Adrian Morales,29,solo,0,0,313,0,0,0.101266,680,0,0,0.063107
Run 1,Adrian Morales,29,solo,0,0,300,0,0,0.067416,544,0,0,0.044199
Run 1,Adrian Morales,29,solo,0,0,350,0,0,0.17,564,0,0,0.022523
Run 1,Adrian Morales,30,joint,0,0,315,0,0,0.0,514,0,0,0.017857
Run 1,Adrian Morales,30,solo,0,0,282,0,0,0.204545,565,0,0,0.775862
Run 1,Adrian Morales,30,solo,0,0,399,0,0,0.753086,494,1,0,1.0
Run 1,Adrian Morales,30,solo,0,0,386,0,0,0.110236,563,0,0,0.048128
Run 1,Adrian Morales,30,solo,0,0,367,0,0,0.029126,658,0,0,0.029703
Run 1,Adrian Morales,30,solo,0,0,323,0,0,0.029703,633,0,0,0.076555
Run 1,Adrian Morales,30,solo,0,0,399,0,1,0.857143,498,1,0,1.0
Run 1,Adrian Morales,30,solo,0,0,268,0,0,0.042553,485,0,0,0.028571
Run 1,Adrian Morales,30,solo,0,0,370,0,0,0.184466,531,0,0,0.038889
Run 1,Adrian Morales,30,solo,0,0,206,0,0,0.022472,515,0,0,0.039326
Run 1,Adrian Morales,30,solo,0,0,399,1,0,1.0,625,0,1,0.925
Run 1,Adrian Morales,30,solo,0,0,410,0,0,0.099237,514,0,0,0.035176
Run 1,Adrian Morales,30,solo,0,0,288,0,0,0.057143,613,0,0,0.042328
Run 1,Adrian Morales,30,solo,0,0,325,0,0,0.09901,567,0,0,0.03
Run 1,Adrian Morales,30,solo,0,0,399,1,0,1.0,625,1,0,1.0
Run 1,Adrian Morales,30,solo,0,0,292,0,0,0.333333,515,0,0,0.047904
Run 1,Adrian Morales,30,solo,0,0,397,0,0,0.133333,610,0,0,0.02765
Run 1,Adrian Morales,30,solo,0,0,251,0,0,0.089888,590,0,0,0.031818
Run 1,Adrian Morales,31,joint,0,0,487,0,0,0.040323,647,0,0,0.04878
Run 1,Adrian Morales,31,solo,0,0,501,0,0,0.685393,634,0,0,0.568493
Run 1,Adrian Morales,31,solo,0,0,499,0,1,0.888889,642,0,1,0.862903
Run 1,Adrian Morales,31,solo,0,0,215,0,0,0.076923,624,0,0,0.037383
Run 1,Adrian Morales,31,solo,0,0,293,0,0,0.209302,465,0,0,0.022857
Run 1,Adrian Morales,31,solo,0,0,334,0,0,0.066667,477,0,0,0.044693
Run 1,Adrian Morales,31,joint,0,0,338,0,0,0.010417,493,0,0,0.055556
Run 1,Adrian Morales,31,solo,0,0,433,0,0,0.777778,497,0,0,0.432203
Run 1,Adrian Morales,31,solo,0,0,431,0,1,0.87013,607,0,0,0.158192
Run 1,Adrian Morales,31,solo,0,0,370,0,0,0.054264,522,0,0,0.067797
Run 1,Adrian Morales,31,solo,0,0,428,0,0,0.026549,499,0,0,0.032787
Run 1,Adrian Morales,31,solo,0,0,322,0,0,0.019231,505,0,0,0.012121
Run 1,Adrian Morales,31,solo,0,0,524,0,0,0.514019,610,0,1,0.927273
Run 1,Adrian Morales,31,solo,0,0,329,0,0,0.04878,481,0,0,0.033333
Run 1,Adrian Morales,31,solo,0,0,358,0,0,0.144231,522,0,0,0.022727
Run 1,Adrian Morales,31,solo,0,0,374,0,0,0.025,612,0,0,0.045662
Run 1,Adrian Morales,32,joint,0,0,456,0,0,0.117188,658,0,0,0.128205
Run 1,Adrian Morales,32,solo,0,0,499,1,0,1.0,567,0,0,0.666667
Run 1,Adrian Morales,32,solo,0,0,431,1,0,1.0,519,0,0,0.752294
Run 1,Adrian Morales,32,solo,0,0,301,0,0,0.064516,548,0,0,0.037433
Run 1,Adrian Morales,32,solo,0,0,311,0,0,0.084211,466,0,0,0.039548
Run 1,Adrian Morales,32,solo,0,0,345,0,0,0.040404,584,0,0,0.014634
Run 1,Adrian Morales,32,joint,0,0,318,0,0,0.021739,539,0,0,0.051282
Run 1,Adrian Morales,32,solo,0,0,542,0,0,0.637168,690,0,0,0.592308
Run 1,Adrian Morales,32,solo,0,0,531,0,0,0.76699,568,0,0,0.093023
Run 1,Adrian Morales,32,solo,0,0,295,0,0,0.063158,620,0,0,0.037383
Run 1,Adrian Morales,32,solo,0,0,276,0,0,0.045455,596,0,0,0.025907
Run 1,Adrian Morales,32,solo,0,0,333,0,0,0.050847,558,0,0,0.032086
Run 1,Adrian Morales,32,solo,0,0,412,0,0,0.753086,663,0,1,0.838462
Run 1,Adrian Morales,32,solo,0,0,353,0,0,0.131313,733,0,0,0.038961
Run 1,Adrian Morales,32,solo,0,0,383,0,0,0.144231,533,0,0,0.02451
Run 1,Adrian Morales,32,solo,0,0,300,0,0,0.009615,617,0,0,0.020305
Run 1,Adrian Morales,33,joint,0,0,586,0,0,0.027397,769,0,0,0.044444
Run 1,Adrian Morales,33,solo,0,0,414,0,1,0.866667,540,0,0,0.614679
Run 1,Adrian Morales,33,solo,0,0,478,0,0,0.212963,682,0,0,0.051948
Run 1,Adrian Morales,33,solo,0,0,283,0,0,0.058333,687,0,0,0.017544
Run 1,Adrian Morales,33,solo,0,0,544,0,0,0.036585,594,0,0,0.04902
Run 1,Adrian Morales,33,solo,0,0,469,0,0,0.082759,654,0,0,0.030837
Run 1,Adrian Morales,33,joint,1,0,11,1,0,0.0,0,0,0,0.0
Run 1,Adrian Morales,33,solo,0,0,382,0,0,0.417476,671,0,0,0.798561
Run 1,Adrian Morales,33,solo,0,0,412,1,0,1.0,677,0,0,0.771186
Run 1,Adrian Morales,33,solo,0,0,290,0,0,0.045977,615,0,0,0.078261
Run 1,Adrian Morales,33,solo,0,0,485,0,0,0.042254,609,0,0,0.028436
Run 1,Adrian Morales,33,solo,0,0,304,0,0,0.103774,598,0,0,0.024631
Run 1,Adrian Morales,33,solo,0,0,412,1,0,1.0,662,0,1,0.820312
Run 1,Adrian Morales,33,solo,0,0,396,0,0,0.075,587,0,0,0.054645
Run 1,Adrian Morales,33,solo,0,0,369,0,0,0.183908,516,0,0,0.047368
Run 1,Adrian Morales,33,solo,0,0,498,0,0,0.049587,606,0,0,0.056995
Run 1,Adrian Morales,34,solo,0,0,412,1,0,1.0,524,0,0,0.79798
Run 1,Adrian Morales,34,solo,0,0,283,0,0,0.127907,662,0,0,0.069565
Run 1,Adrian Morales,34,solo,0,0,351,0,0,0.079208,511,0,0,0.042105
Run 1,Adrian Morales,34,solo,0,0,446,0,0,0.062937,519,0,0,0.031579
Run 1,Adrian Morales,34,joint,0,0,372,0,0,0.006993,700,0,0,0.022124
Run 1,Adrian Morales,34,solo,0,0,414,1,0,1.0,524,1,0,1.0
Run 1,Adrian Morales,34,solo,0,0,412,1,0,1.0,645,0,0,0.765625
Run 1,Adrian Morales,34,solo,0,0,286,0,0,0.168421,638,0,0,0.129187
Run 1,Adrian Morales,34,solo,0,0,369,0,0,0.078947,529,0,0,0.02454
Run 1,Adrian Morales,34,solo,0,0,233,0,0,0.0,636,0,0,0.035176
Run 1,Adrian Morales,34,joint,1,0,11,1,0,0.0,0,0,0,0.0
Run 1,Adrian Morales,34,solo,0,0,414,1,0,1.0,524,1,0,1.0
Run 1,Adrian Morales,34,solo,0,0,412,1,0,1.0,645,1,0,1.0
Run 1,Adrian Morales,34,solo,0,0,376,0,0,0.078431,535,0,0,0.068293
Run 1,Adrian Morales,34,solo,0,0,398,0,0,0.096491,526,0,0,0.038889
Run 1,Adrian Morales,34,solo,0,0,310,0,0,0.042553,712,0,0,0.022831
Run 1,Adrian Morales,35,joint,0,0,453,0,0,0.008065,553,0,0,0.040201
Run 1,Adrian Morales,35,solo,0,0,494,0,0,0.157895,521,0,1,0.955056
Run 1,Adrian Morales,35,solo,0,0,492,0,1,0.88764,521,1,0,1.0
Run 1,Adrian Morales,35,solo,0,0,266,0,0,0.032967,629,0,0,0.028302
Run 1,Adrian Morales,35,solo,0,0,382,0,0,0.081633,482,0,0,0.022472
Run 1,Adrian Morales,35,solo,0,0,345,0,0,0.130081,543,0,0,0.028037
Run 1,Adrian Morales,35,joint,0,0,406,0,0,0.0,604,0,0,0.0
Run 1,Adrian Morales,35,solo,0,0,494,1,0,1.0,521,1,0,1.0
Run 1,Adrian Morales,35,solo,0,0,525,0,0,0.65625,521,1,0,1.0
Run 1,Adrian Morales,35,solo,0,0,579,0,0,0.140127,648,0,0,0.049505
Run 1,Adrian Morales,35,solo,0,0,413,0,0,0.082645,521,0,0,0.056497
Run 1,Adrian Morales,35,solo,0,0,252,0,0,0.126214,626,0,0,0.046083
Run 1,Adrian Morales,35,solo,0,0,525,1,0,1.0,521,1,0,1.0
Run 1,Adrian Morales,35,solo,0,0,399,0,0,0.095652,722,0,0,0.048889
Run 1,Adrian Morales,35,solo,0,0,383,0,0,0.017094,698,0,0,0.027149
Run 1,Adrian Morales,35,solo,0,0,318,0,0,0.189873,591,0,0,0.058559
Run 1,Adrian Morales,36,joint,1,0,11,1,0,0.0,0,0,0,0.0
Run 1,Adrian Morales,36,solo,0,0,415,0,0,0.648649,584,0,0,0.772358
Run 1,Adrian Morales,36,solo,0,0,549,0,0,0.514286,521,1,0,1.0
Run 1,Adrian Morales,36,solo,0,0,374,0,0,0.034783,666,0,0,0.090476
Run 1,Adrian Morales,36,solo,0,0,364,0,0,0.084906,506,0,0,0.027027
Run 1,Adrian Morales,36,solo,0,0,427,0,0,0.048,666,0,0,0.035556
Run 1,Adrian Morales,36,joint,0,0,436,0,0,0.009524,720,0,0,0.031414
Run 1,Adrian Morales,36,solo,0,0,415,1,0,1.0,598,0,1,0.896552
Run 1,Adrian Morales,36,solo,0,0,415,1,0,1.0,521,1,0,1.0
Run 1,Adrian Morales,36,solo,0,0,354,0,0,0.051852,613,0,0,0.039801
Run 1,Adrian Morales,36,solo,0,0,281,0,0,0.068627,506,0,0,0.047872
Run 1,Adrian Morales,36,solo,0,0,294,0,0,0.209302,648,0,0,0.051643
Run 1,Adrian Morales,36,solo,0,0,473,0,1,0.896552,598,1,0,1.0
Run 1,Adrian Morales,36,solo,0,0,258,0,0,0.108696,604,0,0,0.045662
Run 1,Adrian Morales,36,solo,0,0,336,0,0,0.0875,568,0,0,0.024876
Run 1,Adrian Morales,36,solo,0,0,423,0,0,0.045113,600,0,0,0.021053
Run 1,Adrian Morales,37,joint,0,0,431,0,0,0.008929,471,0,0,0.030303
Run 1,Adrian Morales,37,solo,0,0,470,0,1,0.883721,607,0,0,0.705426
Run 1,Adrian Morales,37,solo,0,0,470,1,0,1.0,610,0,1,0.946903
Run 1,Adrian Morales,37,solo,0,0,344,0,0,0.197802,523,0,0,0.046392
Run 1,Adrian Morales,37,solo,0,0,373,0,0,0.0625,575,0,0,0.033654
Run 1,Adrian Morales,37,solo,0,0,384,0,0,0.054054,540,0,0,0.039216
Run 1,Adrian Morales,37,solo,0,0,470,1,0,1.0,618,0,1,0.973214
Run 1,Adrian Morales,37,solo,0,0,340,0,0,0.030612,596,0,0,0.078534
Run 1,Adrian Morales,37,solo,0,0,393,0,0,0.087912,571,0,0,0.029268
Run 1,Adrian Morales,37,solo,0,0,271,0,0,0.192308,653,0,0,0.036199
Run 1,Adrian Morales,37,solo,0,0,489,0,1,0.896552,793,0,0,0.746667
Run 1,Adrian Morales,37,solo,0,0,556,0,0,0.064935,579,0,0,0.043011
Run 1,Adrian Morales,37,solo,0,0,303,0,0,0.148515,542,0,0,0.057471
Run 1,Adrian Morales,37,solo,0,0,390,0,0,0.035088,722,0,0,0.017316
Run 1,Adrian Morales,37,solo,0,0,371,0,1,0.802469,611,0,1,0.955357
Run 1,Adrian Morales,37,solo,0,0,443,0,0,0.072,547,0,0,0.101124
Run 1,Adrian Morales,37,solo,0,0,330,0,0,0.035398,601,0,0,0.020408
Run 1,Adrian Morales,37,solo,0,0,294,0,0,0.020408,470,0,0,0.017751
Run 1,Adrian Morales,38,solo,0,0,488,0,1,0.909091,633,0,0,0.712121
Run 1,Adrian Morales,38,solo,0,0,462,0,0,0.178218,617,0,0,0.040179
Run 1,Adrian Morales,38,solo,0,0,455,0,0,0.083333,602,0,0,0.06599
Run 1,Adrian Morales,38,solo,0,0,346,0,0,0.156627,553,0,0,0.05314
Run 1,Adrian Morales,38,joint,1,0,11,1,0,0.0,0,0,0,0.0
Run 1,Adrian Morales,38,solo,0,0,490,0,1,0.896552,633,1,0,1.0
Run 1,Adrian Morales,38,solo,0,0,449,0,0,0.728261,633,1,0,1.0
Run 1,Adrian Morales,38,solo,0,0,369,0,0,0.109091,617,0,0,0.052381
Run 1,Adrian Morales,38,solo,0,0,433,0,0,0.058824,528,0,0,0.041237
Run 1,Adrian Morales,38,solo,0,0,314,0,0,0.105263,599,0,0,0.026087
Run 1,Adrian Morales,38,solo,0,0,489,1,0,1.0,644,0,1,0.974576
Run 1,Adrian Morales,38,solo,0,0,448,0,0,0.04023,444,0,0,0.04
Run 1,Adrian Morales,38,solo,0,0,376,0,0,0.14433,605,0,0,0.024631
Run 1,Adrian Morales,38,solo,0,0,319,0,0,0.013986,627,0,0,0.004405
Run 1,Adrian Morales,38,joint,1,0,11,1,0,0.0,0,0,0,0.0
Run 1,Adrian Morales,38,solo,0,0,490,1,0,1.0,644,1,0,1.0
Run 1,Adrian Morales,39,solo,0,0,398,0,0,0.693182,709,0,0,0.622517
Run 1,Adrian Morales,39,solo,0,0,363,0,0,0.078261,546,0,0,0.024242
Run 1,Adrian Morales,39,solo,0,0,517,0,0,0.035714,514,0,0,0.055901
Run 1,Adrian Morales,39,solo,0,0,351,0,0,0.142857,595,0,0,0.046632
Run 1,Adrian Morales,39,joint,1,0,11,1,0,0.0,0,0,0,0.0
Run 1,Adrian Morales,39,solo,0,0,400,0,1,0.857143,709,1,0,1.0
Run 1,Adrian Morales,39,solo,0,0,398,1,0,1.0,709,1,0,1.0
Run 1,Adrian Morales,39,solo,0,0,335,0,0,0.043478,740,0,0,0.022422
Run 1,Adrian Morales,39,solo,0,0,288,0,0,0.063158,641,0,0,0.030303
Run 1,Adrian Morales,39,solo,0,0,356,0,0,0.091837,564,0,0,0.036458
Run 1,Adrian Morales,39,solo,0,0,399,0,1,0.884058,709,1,0,1.0
Run 1,Adrian Morales,39,solo,0,0,475,0,0,0.03252,438,0,0,0.009662
Run 1,Adrian Morales,39,solo,0,0,449,0,0,0.018634,573,0,0,0.038835
Run 1,Adrian Morales,39,solo,0,0,370,0,0,0.048387,513,0,0,0.060109
Run 1,Adrian Morales,39,joint,1,0,11,1,0,0.0,0,0,0,0.0
Run 1,Adrian Morales,39,solo,0,0,401,0,1,0.884058,709,1,0,1.0
Run 1,Adrian Morales,40,joint,0,0,430,0,0,0.015385,632,0,0,0.04
Run 1,Adrian Morales,40,solo,0,0,401,1,0,1.0,764,0,0,0.662162
Run 1,Adrian Morales,40,solo,0,0,399,1,0,1.0,764,1,0,1.0
Run 1,Adrian Morales,40,solo,0,0,327,0,0,0.034188,570,0,0,0.03653
Run 1,Adrian Morales,40,solo,0,0,308,0,0,0.039604,549,0,0,0.157895
Run 1,Adrian Morales,40,solo,0,0,266,0,0,0.0,821,0,0,0.008511
Run 1,Adrian Morales,40,joint,1,0,11,1,0,0.0,0,0,0,0.0
Run 1,Adrian Morales,40,solo,0,0,401,1,0,1.0,764,1,0,1.0
Run 1,Adrian Morales,40,solo,0,0,399,1,0,1.0,764,1,0,1.0
Run 1,Adrian Morales,40,solo,0,0,478,0,0,0.053846,763,0,0,0.021459
Run 1,Adrian Morales,40,solo,0,0,396,0,0,0.047619,558,0,0,0.055556
Run 1,Adrian Morales,40,solo,0,0,355,0,0,0.050505,624,0,0,0.078534
Run 1,Adrian Morales,40,solo,0,0,399,1,0,1.0,764,1,0,1.0
Run 1,Adrian Morales,40,solo,0,0,481,0,0,0.066667,500,0,0,0.035294
Run 1,Adrian Morales,40,solo,0,0,340,0,0,0.018349,478,0,0,0.016949
Run 1,Adrian Morales,40,solo,0,0,528,0,0,0.043165,718,0,0,0.020576
Run 1,Adrian Morales,41,solo,0,0,401,1,0,1.0,616,0,0,0.696296
Run 1,Adrian Morales,41,solo,0,0,340,0,0,0.117647,628,0,0,0.021834
Run 1,Adrian Morales,41,solo,0,0,351,0,0,0.053191,628,0,0,0.028986
Run 1,Adrian Morales,41,solo,0,0,440,0,0,0.110236,553,0,0,0.035897
Run 1,Adrian Morales,41,joint,0,0,359,0,0,0.0,462,0,0,0.011696
Run 1,Adrian Morales,41,solo,0,0,456,0,0,0.794872,673,0,0,0.174603
Run 1,Adrian Morales,41,solo,0,0,399,1,0,1.0,624,0,1,0.926829
Run 1,Adrian Morales,41,solo,0,0,447,0,0,0.096774,506,0,0,0.036649
Run 1,Adrian Morales,41,solo,0,0,418,0,0,0.107692,465,0,0,0.041885
Run 1,Adrian Morales,41,solo,0,0,273,0,0,0.2125,484,0,0,0.068323
Run 1,Adrian Morales,41,solo,0,0,401,1,0,1.0,624,1,0,1.0
Run 1,Adrian Morales,41,solo,0,0,374,0,0,0.073684,506,0,0,0.026882
Run 1,Adrian Morales,41,solo,0,0,462,0,0,0.096491,538,0,0,0.072165
Run 1,Adrian Morales,41,solo,0,0,389,0,0,0.08,401,0,0,0.020942
Run 1,Adrian Morales,41,solo,0,0,399,1,0,1.0,624,1,0,1.0
Run 1,Adrian Morales,41,solo,0,0,366,0,0,0.045872,504,0,0,0.025641
Run 1,Adrian Morales,41,solo,0,0,431,0,0,0.130081,600,0,0,0.05
Run 1,Adrian Morales,41,solo,0,0,251,0,0,0.01626,516,0,0,0.026738
Run 1,Adrian Morales,42,solo,0,0,401,1,0,1.0,613,0,0,0.780303
Run 1,Adrian Morales,42,solo,0,0,409,0,0,0.045113,590,0,0,0.015
Run 1,Adrian Morales,42,solo,0,0,413,0,0,0.05042,474,0,0,0.083832
Run 1,Adrian Morales,42,solo,0,0,412,0,0,0.055118,634,0,0,0.025641
Run 1,Adrian Morales,42,joint,0,0,312,0,0,0.0,502,0,0,0.0
Run 1,Adrian Morales,42,solo,0,0,403,1,0,1.0,602,0,1,0.974138
Run 1,Adrian Morales,42,solo,0,0,399,1,0,1.0,613,1,0,1.0
Run 1,Adrian Morales,42,solo,0,0,438,0,0,0.027972,590,0,0,0.046154
Run 1,Adrian Morales,42,solo,0,0,485,0,0,0.125,627,0,0,0.040201
Run 1,Adrian Morales,42,solo,0,0,285,0,0,0.0,597,0,0,0.052083
Run 1,Adrian Morales,42,joint,1,0,11,1,0,0.0,0,0,0,0.0
Run 1,Adrian Morales,42,solo,0,0,401,1,0,1.0,613,1,0,1.0
Run 1,Adrian Morales,42,solo,0,0,399,1,0,1.0,613,1,0,1.0
Run 1,Adrian Morales,42,solo,0,0,339,0,0,0.122951,521,0,0,0.039106
Run 1,Adrian Morales,42,solo,0,0,416,0,0,0.054264,537,0,0,0.044199
Run 1,Adrian Morales,42,solo,0,0,334,0,0,0.068376,599,0,0,0.046154
Run 1,Adrian Morales,43,solo,0,0,401,1,0,1.0,717,0,0,0.64
Run 1,Adrian Morales,43,solo,0,0,459,0,0,0.068702,579,0,0,0.032609
Run 1,Adrian Morales,43,solo,0,0,346,0,0,0.088,565,0,0,0.042105
Run 1,Adrian Morales,43,solo,0,0,330,0,0,0.113402,500,0,0,0.030612
Run 1,Adrian Morales,43,joint,0,0,371,0,0,0.0,451,0,0,0.007143
Run 1,Adrian Morales,43,solo,0,0,403,1,0,1.0,717,1,0,1.0
Run 1,Adrian Morales,43,solo,0,0,401,1,0,1.0,661,0,0,0.026316
Run 1,Adrian Morales,43,solo,0,0,330,0,0,0.034483,411,0,0,0.037267
Run 1,Adrian Morales,43,solo,0,0,359,0,0,0.07377,587,0,0,0.071429
Run 1,Adrian Morales,43,solo,0,0,300,0,0,0.010101,624,0,0,0.010695
Run 1,Adrian Morales,43,joint,1,0,11,1,0,0.0,0,0,0,0.0
Run 1,Adrian Morales,43,solo,0,0,401,1,0,1.0,717,1,0,1.0
Run 1,Adrian Morales,43,solo,0,0,401,1,0,1.0,661,1,0,1.0
Run 1,Adrian Morales,43,solo,0,0,422,0,0,0.048387,619,0,0,0.028571
Run 1,Adrian Morales,43,solo,0,0,498,0,0,0.018405,537,0,0,0.055556
Run 1,Adrian Morales,43,solo,0,0,527,0,0,0.008,434,0,0,0.026667
Run 1,Adrian Morales,44,joint,0,0,406,0,0,0.007874,539,0,0,0.051813
Run 1,Adrian Morales,44,solo,0,0,403,1,0,1.0,636,0,0,0.657143
Run 1,Adrian Morales,44,solo,0,0,399,1,0,1.0,636,1,0,1.0
Run 1,Adrian Morales,44,solo,0,0,349,0,0,0.069767,527,0,0,0.038462
Run 1,Adrian Morales,44,solo,0,0,382,0,0,0.031008,522,0,0,0.031963
Run 1,Adrian Morales,44,solo,0,0,440,0,0,0.07874,515,0,0,0.074766
Run 1,Adrian Morales,44,solo,0,0,401,1,0,1.0,636,1,0,1.0
Run 1,Adrian Morales,44,solo,0,0,291,0,0,0.059322,522,0,0,0.033333
Run 1,Adrian Morales,44,solo,0,0,348,0,0,0.094017,651,0,0,0.039604
Run 1,Adrian Morales,44,solo,0,0,401,0,0,0.026087,510,0,0,0.106742
Run 1,Adrian Morales,44,joint,1,0,11,1,0,0.0,0,0,0,0.0
Run 1,Adrian Morales,44,solo,0,0,403,1,0,1.0,636,1,0,1.0
Run 1,Adrian Morales,44,solo,0,0,401,1,0,1.0,636,1,0,1.0
Run 1,Adrian Morales,44,solo,0,0,362,0,0,0.163793,526,0,0,0.045198
Run 1,Adrian Morales,44,solo,0,0,331,0,0,0.036364,451,0,0,0.047337
Run 1,Adrian Morales,44,solo,0,0,383,0,0,0.025,673,0,0,0.032432
Run 1,Adrian Morales,45,joint,0,0,367,0,0,0.017241,491,0,0,0.022599
Run 1,Adrian Morales,45,solo,0,0,362,0,0,0.135135,636,0,0,0.590278
Run 1,Adrian Morales,45,solo,0,0,401,1,0,1.0,636,1,0,1.0
Run 1,Adrian Morales,45,solo,0,0,270,0,0,0.142857,451,0,0,0.047059
Run 1,Adrian Morales,45,solo,0,0,393,0,0,0.11,543,0,0,0.053892
Run 1,Adrian Morales,45,solo,0,0,376,0,0,0.202381,520,0,0,0.041176
Run 1,Adrian Morales,45,joint,1,0,11,1,0,0.0,0,0,0,0.0
Run 1,Adrian Morales,45,solo,0,0,403,1,0,1.0,547,0,0,0.570248
Run 1,Adrian Morales,45,solo,0,0,399,1,0,1.0,636,1,0,1.0
Run 1,Adrian Morales,45,solo,0,0,439,0,0,0.075,649,0,0,0.028226
Run 1,Adrian Morales,45,solo,0,0,363,0,0,0.117647,711,0,0,0.028169
Run 1,Adrian Morales,45,solo,0,0,332,0,0,0.014085,640,0,0,0.009479
Run 1,Adrian Morales,45,solo,0,0,401,1,0,1.0,636,1,0,1.0
Run 1,Adrian Morales,45,solo,0,0,308,0,0,0.054054,619,0,0,0.044843
Run 1,Adrian Morales,45,solo,0,0,323,0,0,0.053191,538,0,0,0.019512
Run 1,Adrian Morales,45,solo,0,0,310,0,0,0.094118,653,0,0,0.033019
Run 1,Adrian Morales,46,joint,0,0,383,0,0,0.0,522,0,0,0.025157
Run 1,Adrian Morales,46,solo,0,0,401,1,0,1.0,638,0,0,0.623188
Run 1,Adrian Morales,46,solo,0,0,399,1,0,1.0,570,0,0,0.580153
Run 1,Adrian Morales,46,solo,0,0,365,0,0,0.106383,611,0,0,0.028169
Run 1,Adrian Morales,46,solo,0,0,370,0,0,0.12605,552,0,0,0.038674
Run 1,Adrian Morales,46,solo,0,0,336,0,0,0.217949,535,0,0,0.042105
Run 1,Adrian Morales,46,joint,1,0,11,1,0,0.0,0,0,0,0.0
Run 1,Adrian Morales,46,solo,0,0,418,0,0,0.576471,578,0,1,0.911765
Run 1,Adrian Morales,46,solo,0,0,399,1,0,1.0,638,1,0,1.0
Run 1,Adrian Morales,46,solo,0,0,418,0,0,0.025424,530,0,0,0.052356
Run 1,Adrian Morales,46,solo,0,0,334,0,0,0.02439,528,0,0,0.038043
Run 1,Adrian Morales,46,solo,0,0,483,0,0,0.016667,597,0,0,0.0625
Run 1,Adrian Morales,46,solo,0,0,399,1,0,1.0,638,1,0,1.0
Run 1,Adrian Morales,46,solo,0,0,329,0,0,0.05303,535,0,0,0.021622
Run 1,Adrian Morales,46,solo,0,0,369,0,0,0.079208,497,0,0,0.02439
Run 1,Adrian Morales,46,solo,0,0,439,0,0,0.068702,576,0,0,0.051643
Run 1,Adrian Morales,47,solo,0,0,244,0,0,0.0,470,0,0,0.005128
Run 1,Adrian Morales,47,solo,0,0,261,0,0,0.032967,601,0,0,0.040936
Run 1,Adrian Morales,47,solo,0,0,463,0,0,0.028986,567,0,0,0.106509
Run 1,Adrian Morales,47,solo,0,0,355,0,0,0.007752,627,0,0,0.018779
Run 1,Adrian Morales,47,joint,0,0,315,0,0,0.010101,542,0,0,0.023669
Run 1,Adrian Morales,47,solo,0,0,300,0,0,0.045455,703,0,0,0.173469
Run 1,Adrian Morales,47,solo,0,0,399,1,0,1.0,684,0,0,0.782946
Run 1,Adrian Morales,47,solo,0,0,433,0,0,0.108527,606,0,0,0.038835
Run 1,Adrian Morales,47,solo,0,0,449,0,0,0.119403,587,0,0,0.037433
Run 1,Adrian Morales,47,solo,0,0,352,0,0,0.066038,597,0,0,0.067961
Run 1,Adrian Morales,47,joint,1,0,11,1,0,0.0,0,0,0,0.0
Run 1,Adrian Morales,47,solo,0,0,517,0,1,0.811765,684,1,0,1.0
Run 1,Adrian Morales,47,solo,0,0,399,1,0,1.0,684,1,0,1.0
Run 1,Adrian Morales,47,solo,0,0,358,0,0,0.034783,492,0,0,0.028902
Run 1,Adrian Morales,47,solo,0,0,374,0,0,0.153153,672,0,0,0.058824
Run 1,Adrian Morales,47,solo,0,0,413,0,0,0.00885,549,0,0,0.010638
Run 1,Adrian Morales,48,solo,0,0,502,0,0,0.012658,698,0,0,0.0199
Run 1,Adrian Morales,48,solo,0,0,292,0,0,0.09434,488,0,0,0.04375
Run 1,Adrian Morales,48,solo,0,0,365,0,0,0.084112,686,0,0,0.028169
Run 1,Adrian Morales,48,solo,0,0,558,0,0,0.013605,460,0,0,0.027933
Run 1,Adrian Morales,48,joint,0,0,463,0,0,0.015748,560,0,0,0.011364
Run 1,Adrian Morales,48,solo,0,0,401,1,0,1.0,553,0,0,0.251572
Run 1,Adrian Morales,48,joint,0,0,381,0,0,0.029703,586,0,0,0.005495
Run 1,Adrian Morales,48,solo,0,0,417,0,1,0.871429,736,0,0,0.587097
Run 1,Adrian Morales,48,solo,0,0,498,0,0,0.109489,607,0,0,0.66129
Run 1,Adrian Morales,48,solo,0,0,469,0,0,0.054264,518,0,0,0.039773
Run 1,Adrian Morales,48,solo,0,0,471,0,0,0.04918,527,0,0,0.046512
Run 1,Adrian Morales,48,solo,0,0,275,0,0,0.024194,519,0,0,0.022472
Run 1,Adrian Morales,48,solo,0,0,515,0,1,0.888889,625,0,1,0.830508
Run 1,Adrian Morales,48,solo,0,0,378,0,0,0.036697,497,0,0,0.043478
Run 1,Adrian Morales,48,solo,0,0,388,0,0,0.070796,590,0,0,0.034483
Run 1,Adrian Morales,48,solo,0,0,317,0,0,0.206897,611,0,0,0.015228
Run 1,Adrian Morales,49,solo,0,0,444,0,0,0.327731,690,0,0,0.75
Run 1,Adrian Morales,49,solo,0,0,456,0,0,0.117647,760,0,0,0.03719
Run 1,Adrian Morales,49,solo,0,0,544,0,0,0.035461,610,0,0,0.021978
Run 1,Adrian Morales,49,solo,0,0,193,0,0,0.123711,649,0,0,0.035556
Run 1,Adrian Morales,49,joint,0,0,580,0,0,0.006944,578,0,0,0.015873
Run 1,Adrian Morales,49,solo,0,0,344,0,0,0.527473,691,0,0,0.39779
Run 1,Adrian Morales,49,solo,0,0,345,0,0,0.780822,677,0,1,0.932331
Run 1,Adrian Morales,49,solo,0,0,345,0,0,0.0625,629,0,0,0.036697
Run 1,Adrian Morales,49,solo,0,0,266,0,0,0.086957,545,0,0,0.027322
Run 1,Adrian Morales,49,solo,0,0,286,0,0,0.038462,502,0,0,0.037037
Run 1,Adrian Morales,49,joint,1,0,11,1,0,0.0,0,0,0,0.0
Run 1,Adrian Morales,49,solo,0,0,444,1,0,1.0,690,1,0,1.0
Run 1,Adrian Morales,49,solo,0,0,444,1,0,1.0,690,1,0,1.0
Run 1,Adrian Morales,49,solo,0,0,307,0,0,0.195652,479,0,0,0.055556
Run 1,Adrian Morales,49,solo,0,0,464,0,0,0.039062,599,0,0,0.013453
Run 1,Adrian Morales,49,solo,0,0,296,0,0,0.247059,504,0,0,0.044199
Run 1,Adrian Morales,50,solo,0,0,444,1,0,1.0,561,0,0,0.737705
Run 1,Adrian Morales,50,solo,0,0,356,0,0,0.038462,558,0,0,0.048544
Run 1,Adrian Morales,50,solo,0,0,369,0,0,0.04386,592,0,0,0.058511
Run 1,Adrian Morales,50,solo,0,0,329,0,0,0.215909,484,0,0,0.028736
Run 1,Adrian Morales,50,joint,0,0,550,0,0,0.0,626,0,0,0.031414
Run 1,Adrian Morales,50,solo,0,0,444,1,0,1.0,561,1,0,1.0
Run 1,Adrian Morales,50,solo,0,0,444,1,0,1.0,561,1,0,1.0
Run 1,Adrian Morales,50,solo,0,0,325,0,0,0.009346,551,0,0,0.026596
Run 1,Adrian Morales,50,solo,0,0,408,0,0,0.016807,668,0,0,0.021097
Run 1,Adrian Morales,50,solo,0,0,345,0,0,0.122449,699,0,0,0.028302
Run 1,Adrian Morales,50,joint,1,0,11,1,0,0.0,0,0,0,0.0
Run 1,Adrian Morales,50,solo,0,0,444,1,0,1.0,561,1,0,1.0
Run 1,Adrian Morales,50,solo,0,0,444,1,0,1.0,561,1,0,1.0
Run 1,Adrian Morales,50,solo,0,0,234,0,0,0.025316,716,0,0,0.04878
Run 1,Adrian Morales,50,solo,0,0,346,0,0,0.086957,559,0,0,0.041475
Run 1,Adrian Morales,50,solo,0,0,329,0,0,0.073171,587,0,0,0.043062
Run 1,Adrian Morales,51,solo,0,0,444,1,0,1.0,548,0,1,0.838095
Run 1,Adrian Morales,51,solo,0,0,388,0,0,0.028777,558,0,0,0.044693
Run 1,Adrian Morales,51,solo,0,0,380,0,0,0.037313,550,0,0,0.092896
Run 1,Adrian Morales,51,solo,0,0,315,0,0,0.065934,600,0,0,0.023256
Run 1,Adrian Morales,51,joint,1,0,11,1,0,0.0,0,0,0,0.0
Run 1,Adrian Morales,51,solo,0,0,444,1,0,1.0,548,1,0,1.0
Run 1,Adrian Morales,51,solo,0,0,444,1,0,1.0,548,1,0,1.0
Run 1,Adrian Morales,51,solo,0,0,307,0,0,0.032258,717,0,0,0.015748
Run 1,Adrian Morales,51,solo,0,0,336,0,0,0.02521,708,0,0,0.023923
Run 1,Adrian Morales,51,solo,0,0,417,0,0,0.188679,510,0,0,0.019231
Run 1,Adrian Morales,51,solo,0,0,426,0,0,0.185484,548,1,0,1.0
Run 1,Adrian Morales,51,solo,0,0,397,0,0,0.030075,567,0,0,0.037037
Run 1,Adrian Morales,51,solo,0,0,469,0,0,0.043478,587,0,0,0.017857
Run 1,Adrian Morales,51,solo,0,0,331,0,0,0.1,520,0,0,0.016854
Run 1,Adrian Morales,51,joint,1,0,11,1,0,0.0,0,0,0,0.0
Run 1,Adrian Morales,51,solo,0,0,660,0,0,0.575,548,1,0,1.0
Run 1,Adrian Morales,52,joint,0,0,308,0,0,0.011494,551,0,0,0.033149
Run 1,Adrian Morales,52,solo,0,0,474,0,0,0.108333,882,0,0,0.407821
Run 1,Adrian Morales,52,solo,0,0,387,0,0,0.021429,392,0,0,0.01227
Run 1,Adrian Morales,52,solo,0,0,351,0,0,0.038095,439,0,0,0.015789
Run 1,Adrian Morales,52,solo,0,0,346,0,0,0.044248,570,0,0,0.02521
Run 1,Adrian Morales,52,solo,0,0,330,0,0,0.0625,518,0,0,0.017442
Run 1,Adrian Morales,52,joint,0,0,483,0,0,0.0,681,0,0,0.527397
Run 1,Adrian Morales,52,solo,0,0,428,0,0,0.741176,944,0,0,0.230769
Run 1,Adrian Morales,52,solo,0,0,444,1,0,1.0,856,0,0,0.761628
Run 1,Adrian Morales,52,solo,0,0,428,0,0,0.016667,569,0,0,0.040201
Run 1,Adrian Morales,52,solo,0,0,304,0,0,0.065217,580,0,0,0.060185
Run 1,Adrian Morales,52,solo,0,0,309,0,0,0.021739,609,0,0,0.068627
Run 1,Adrian Morales,52,solo,0,0,444,1,0,1.0,856,1,0,1.0
Run 1,Adrian Morales,52,solo,0,0,377,0,0,0.18,814,0,0,0.040359
Run 1,Adrian Morales,52,solo,0,0,410,0,0,0.089109,483,0,0,0.016575
Run 1,Adrian Morales,52,solo,0,0,278,0,0,0.066667,602,0,0,0.043062
Run 1,Adrian Vale,1,solo,0,0,433,0,0,0.0,654,0,0,0.0
Run 1,Adrian Vale,1,solo,0,0,449,0,0,0.0,584,0,0,0.004695
Run 1,Adrian Vale,1,solo,0,0,380,0,0,0.0,591,0,0,0.009524
Run 1,Adrian Vale,1,solo,0,0,420,0,0,0.0,675,0,0,0.004762
Run 1,Adrian Vale,1,joint,0,0,479,0,0,0.0,608,0,0,0.0
Run 1,Adrian Vale,1,solo,0,0,380,0,0,0.0,599,0,0,0.0
Run 1,Adrian Vale,1,solo,0,0,381,0,1,0.90625,654,1,0,1.0
Run 1,Adrian Vale,1,solo,0,0,348,0,0,0.027273,507,0,0,0.0
Run 1,Adrian Vale,1,solo,0,0,425,0,0,0.008547,661,0,0,0.0
Run 1,Adrian Vale,1,solo,0,0,471,0,0,0.028169,588,0,0,0.015385
Run 1,Adrian Vale,1,joint,0,0,427,0,0,0.0,655,0,0,0.004926
Run 1,Adrian Vale,1,solo,0,0,442,0,0,0.247619,648,0,1,0.973913
Run 1,Adrian Vale,1,solo,0,0,433,1,0,1.0,654,1,0,1.0
Run 1,Adrian Vale,1,solo,0,0,425,0,0,0.033333,731,0,0,0.059113
Run 1,Adrian Vale,1,solo,0,0,476,0,0,0.022556,600,0,0,0.013889
Run 1,Adrian Vale,1,solo,0,0,396,0,0,0.016667,630,0,0,0.015385
Run 1,Adrian Vale,2,solo,0,0,465,0,1,0.828571,673,0,0,0.613793
Run 1,Adrian Vale,2,solo,0,0,328,0,0,0.0,735,0,0,0.012987
Run 1,Adrian Vale,2,solo,0,0,376,0,0,0.031008,725,0,0,0.016461
Run 1,Adrian Vale,2,solo,0,0,275,0,0,0.0,586,0,0,0.00995
Run 1,Adrian Vale,2,solo,0,0,465,1,0,1.0,673,1,0,1.0
Run 1,Adrian Vale,2,solo,0,0,429,0,0,0.030303,607,0,0,0.009709
Run 1,Adrian Vale,2,solo,0,0,389,0,0,0.008197,620,0,0,0.030043
Run 1,Adrian Vale,2,solo,0,0,407,0,0,0.078261,583,0,0,0.004785
Run 1,Adrian Vale,2,joint,1,0,11,0,0,0.0,0,0,0,0.0
Run 1,Adrian Vale,2,solo,0,0,424,0,0,0.467391,673,1,0,1.0
Run 1,Adrian Vale,2,solo,0,0,465,1,0,1.0,673,1,0,1.0
Run 1,Adrian Vale,2,solo,0,0,443,0,0,0.0,681,0,0,0.0181
Run 1,Adrian Vale,2,solo,0,0,399,0,0,0.058824,657,0,0,0.018349
Run 1,Adrian Vale,2,solo,0,0,386,0,0,0.04878,626,0,0,0.005025
Run 1,Adrian Vale,2,solo,0,0,433,0,1,0.833333,673,1,0,1.0
Run 1,Adrian Vale,2,solo,0,0,538,0,0,0.060403,641,0,0,0.029557
Run 1,Adrian Vale,2,solo,0,0,449,0,0,0.041322,697,0,0,0.033654
Run 1,Adrian Vale,2,solo,0,0,281,0,0,0.026549,610,0,0,0.004808
Run 1,Adrian Vale,3,solo,0,0,369,0,0,0.458824,670,0,0,0.525974
Run 1,Adrian Vale,3,solo,0,0,471,0,0,0.0,794,0,0,0.012245
Run 1,Adrian Vale,3,solo,0,0,492,0,0,0.062937,615,0,0,0.016949
Run 1,Adrian Vale,3,solo,0,0,328,0,0,0.046875,484,0,0,0.010526
Run 1,Adrian Vale,3,solo,0,0,395,0,0,0.791045,812,0,1,0.821429
Run 1,Adrian Vale,3,solo,0,0,540,0,0,0.027027,739,0,0,0.034043
Run 1,Adrian Vale,3,solo,0,0,365,0,0,0.04386,559,0,0,0.031088
Run 1,Adrian Vale,3,solo,0,0,393,0,0,0.061404,561,0,0,0.019802
Run 1,Adrian Vale,3,joint,1,0,11,1,0,0.0,0,0,0,0.0
Run 1,Adrian Vale,3,solo,0,0,386,0,1,0.823529,812,1,0,1.0
Run 1,Adrian Vale,3,solo,0,0,395,1,0,1.0,812,1,0,1.0
Run 1,Adrian Vale,3,solo,0,0,573,0,0,0.028409,582,0,0,0.035897
Run 1,Adrian Vale,3,solo,0,0,298,0,0,0.048544,681,0,0,0.013575
Run 1,Adrian Vale,3,solo,0,0,326,0,0,0.075472,605,0,0,0.015075
Run 1,Adrian Vale,3,solo,0,0,395,1,0,1.0,812,1,0,1.0
Run 1,Adrian Vale,3,solo,0,0,531,0,0,0.04142,521,0,0,0.051429
Run 1,Adrian Vale,3,solo,0,0,377,0,0,0.057554,588,0,0,0.041237
Run 1,Adrian Vale,3,solo,0,0,339,0,0,0.082569,658,0,0,0.064356
Run 1,Adrian Vale,4,solo,0,0,395,1,0,1.0,792,0,0,0.511905
Run 1,Adrian Vale,4,solo,0,0,469,0,0,0.035211,760,0,0,0.026201
Run 1,Adrian Vale,4,solo,0,0,390,0,0,0.070796,773,0,0,0.022124
Run 1,Adrian Vale,4,solo,0,0,473,0,0,0.02,619,0,0,0.048387
Run 1,Adrian Vale,4,joint,1,0,11,1,0,0.0,0,0,0,0.0
Run 1,Adrian Vale,4,solo,0,0,368,0,0,0.538462,792,1,0,1.0
Run 1,Adrian Vale,4,solo,0,0,528,0,0,0.655556,715,0,0,0.065502
Run 1,Adrian Vale,4,solo,0,0,513,0,0,0.042169,606,0,0,0.066667
Run 1,Adrian Vale,4,solo,0,0,407,0,0,0.094017,668,0,0,0.033175
Run 1,Adrian Vale,4,solo,0,0,359,0,0,0.115385,586,0,0,0.066986
Run 1,Adrian Vale,4,solo,0,0,377,0,1,0.818182,792,1,0,1.0
Run 1,Adrian Vale,4,solo,0,0,384,0,0,0.036765,633,0,0,0.018349
Run 1,Adrian Vale,4,solo,0,0,380,0,0,0.013514,623,0,0,0.035354
Run 1,Adrian Vale,4,solo,0,0,414,0,0,0.115702,652,0,0,0.017937
Run 1,Adrian Vale,4,solo,0,0,377,1,0,1.0,792,1,0,1.0
Run 1,Adrian Vale,4,solo,0,0,393,0,0,0.033613,539,0,0,0.027778
Run 1,Adrian Vale,4,solo,0,0,430,0,0,0.047244,622,0,0,0.049505
Run 1,Adrian Vale,4,solo,0,0,379,0,0,0.025,535,0,0,0.015544
Run 1,Adrian Vale,5,solo,0,0,377,1,0,1.0,701,0,0,0.549669
Run 1,Adrian Vale,5,solo,0,0,412,0,0,0.05,546,0,0,0.086486
Run 1,Adrian Vale,5,solo,0,0,363,0,0,0.027778,644,0,0,0.040609
Run 1,Adrian Vale,5,solo,0,0,332,0,0,0.020979,775,0,0,0.030303
Run 1,Adrian Vale,5,solo,0,0,377,1,0,1.0,701,1,0,1.0
Run 1,Adrian Vale,5,solo,0,0,327,0,0,0.024793,695,0,0,0.036082
Run 1,Adrian Vale,5,solo,0,0,590,0,0,0.066667,597,0,0,0.029268
Run 1,Adrian Vale,5,solo,0,0,422,0,0,0.017241,779,0,0,0.069264
Run 1,Adrian Vale,5,joint,1,0,11,1,0,0.0,0,0,0,0.0
Run 1,Adrian Vale,5,solo,0,0,368,1,0,1.0,707,0,1,0.975207
Run 1,Adrian Vale,5,solo,0,0,421,0,0,0.076271,601,0,0,0.025424
Run 1,Adrian Vale,5,solo,0,0,324,0,0,0.022901,500,0,0,0.023585
Run 1,Adrian Vale,5,solo,0,0,561,0,0,0.057143,652,0,0,0.027523
Run 1,Adrian Vale,5,solo,0,0,289,0,0,0.029412,478,0,0,0.035533
Run 1,Adrian Vale,5,solo,1,0,11,0,0,0.0,11,0,0,0.0
Run 1,Adrian Vale,5,solo,0,0,565,0,0,0.042169,761,0,0,0.026667
Run 1,Adrian Vale,5,solo,0,0,302,0,0,0.045045,574,0,0,0.0
Run 1,Adrian Vale,5,solo,0,0,407,0,0,0.009174,891,0,0,0.034749
Run 1,Adrian Vale,6,solo,0,0,483,0,0,0.494949,860,0,0,0.480447
Run 1,Adrian Vale,6,solo,0,0,373,0,0,0.061644,578,0,0,0.026316
Run 1,Adrian Vale,6,solo,0,0,446,0,0,0.037037,578,0,0,0.040201
Run 1,Adrian Vale,6,solo,0,0,445,0,0,0.030303,741,0,0,0.0553
Run 1,Adrian Vale,6,joint,0,0,317,0,0,0.0,571,0,0,0.020942
Run 1,Adrian Vale,6,solo,0,0,289,1,0,1.0,694,0,0,0.082645
Run 1,Adrian Vale,6,solo,0,0,434,0,0,0.584158,860,1,0,1.0
Run 1,Adrian Vale,6,solo,0,0,475,0,0,0.012739,615,0,0,0.044776
Run 1,Adrian Vale,6,solo,0,0,334,0,0,0.081818,853,0,0,0.015038
Run 1,Adrian Vale,6,solo,0,0,394,0,0,0.068702,696,0,0,0.056911
Run 1,Adrian Vale,6,solo,0,0,434,1,0,1.0,860,1,0,1.0
Run 1,Adrian Vale,6,solo,0,0,376,0,0,0.057143,608,0,0,0.051813
Run 1,Adrian Vale,6,solo,0,0,540,0,0,0.072464,654,0,0,0.05291
Run 1,Adrian Vale,6,solo,0,0,375,0,0,0.042553,596,0,0,0.029268
Run 1,Adrian Vale,6,solo,1,0,434,1,0,1.0,11,1,0,0.0
Run 1,Adrian Vale,6,solo,0,0,389,0,0,0.03937,675,0,0,0.047619
Run 1,Adrian Vale,6,solo,0,0,331,0,0,0.109756,507,0,0,0.035294
Run 1,Adrian Vale,6,solo,0,0,396,0,0,0.132075,729,0,0,0.040359
Run 1,Adrian Vale,7,solo,0,0,409,0,0,0.690476,661,0,0,0.54
Run 1,Adrian Vale,7,solo,0,0,445,0,0,0.044776,672,0,0,0.045249
Run 1,Adrian Vale,7,solo,0,0,364,0,0,0.038835,614,0,0,0.027907
Run 1,Adrian Vale,7,solo,0,0,308,0,0,0.071429,698,0,0,0.035242
Run 1,Adrian Vale,7,solo,0,0,410,0,0,0.717647,661,1,0,1.0
Run 1,Adrian Vale,7,solo,0,0,409,0,0,0.053333,639,0,0,0.069652
Run 1,Adrian Vale,7,solo,0,0,474,0,0,0.056738,682,0,0,0.087629
Run 1,Adrian Vale,7,solo,0,0,398,0,0,0.070312,687,0,0,0.052846
Run 1,Adrian Vale,7,joint,1,0,11,1,0,0.0,0,0,0,0.0
Run 1,Adrian Vale,7,solo,0,0,365,0,0,0.448718,865,0,0,0.355769
Run 1,Adrian Vale,7,solo,0,0,416,0,0,0.462366,678,0,0,0.586957
Run 1,Adrian Vale,7,solo,0,0,314,0,0,0.027523,630,0,0,0.025641
Run 1,Adrian Vale,7,solo,0,0,450,0,0,0.033058,829,0,0,0.046763
Run 1,Adrian Vale,7,solo,0,0,481,0,0,0.061069,648,0,0,0.021739
Run 1,Adrian Vale,7,solo,1,0,11,1,0,0.0,11,1,0,0.0
Run 1,Adrian Vale,7,solo,0,0,927,0,0,0.013575,614,0,0,0.033019
Run 1,Adrian Vale,7,solo,0,0,305,0,0,0.129032,611,0,0,0.040201
Run 1,Adrian Vale,7,solo,0,0,359,0,0,0.145299,496,0,0,0.065934
Run 1,Adrian Vale,8,solo,0,0,453,0,0,0.201681,661,0,0,0.029661
Run 1,Adrian Vale,8,solo,0,0,374,0,0,0.021739,661,0,0,0.010695
Run 1,Adrian Vale,8,solo,0,0,430,0,0,0.063694,668,0,0,0.043478
Run 1,Adrian Vale,8,solo,0,0,420,0,0,0.073171,620,0,0,0.059055
Run 1,Adrian Vale,8,joint,1,0,11,1,0,0.0,0,0,0,0.0
Run 1,Adrian Vale,8,solo,0,0,470,0,0,0.225225,723,0,0,0.374302
Run 1,Adrian Vale,8,solo,0,0,405,0,0,0.158879,723,1,0,1.0
Run 1,Adrian Vale,8,solo,0,0,367,0,0,0.082645,579,0,0,0.046392
Run 1,Adrian Vale,8,solo,0,0,452,0,0,0.078261,674,0,0,0.015075
Run 1,Adrian Vale,8,solo,0,0,397,0,0,0.067227,653,0,0,0.021645
Run 1,Adrian Vale,8,solo,0,0,405,0,0,0.40404,719,0,0,0.598765
Run 1,Adrian Vale,8,solo,0,0,391,0,0,0.055944,678,0,0,0.065
Run 1,Adrian Vale,8,solo,0,0,457,0,0,0.093023,708,0,0,0.119835
Run 1,Adrian Vale,8,solo,0,0,381,0,0,0.076923,801,0,0,0.015625
Run 1,Adrian Vale,8,solo,1,0,489,0,1,0.853659,11,1,0,0.0
Run 1,Adrian Vale,8,solo,0,0,417,0,0,0.040984,577,0,0,0.031963
Run 1,Adrian Vale,8,solo,0,0,569,0,0,0.053691,594,0,0,0.049327
Run 1,Adrian Vale,8,solo,0,0,442,0,0,0.016393,690,0,0,0.024038
Run 1,Adrian Vale,9,solo,0,0,405,1,0,1.0,816,0,0,0.478723
Run 1,Adrian Vale,9,solo,0,0,344,0,0,0.036697,607,0,0,0.052885
Run 1,Adrian Vale,9,solo,0,0,338,0,0,0.030928,791,0,0,0.025641
Run 1,Adrian Vale,9,solo,0,0,472,0,0,0.072464,526,0,0,0.04
Run 1,Adrian Vale,9,solo,0,0,405,1,0,1.0,816,1,0,1.0
Run 1,Adrian Vale,9,solo,0,0,308,0,0,0.119266,658,0,0,0.054054
Run 1,Adrian Vale,9,solo,0,0,307,0,0,0.066667,632,0,0,0.072115
Run 1,Adrian Vale,9,solo,0,0,272,0,0,0.048077,761,0,0,0.053097
Run 1,Adrian Vale,9,joint,1,0,11,1,0,0.0,0,0,0,0.0
Run 1,Adrian Vale,9,solo,0,0,405,0,0,0.728395,816,1,0,1.0
Run 1,Adrian Vale,9,solo,0,0,405,1,0,1.0,816,1,0,1.0
Run 1,Adrian Vale,9,solo,0,0,609,0,0,0.067901,633,0,0,0.09375
Run 1,Adrian Vale,9,solo,0,0,387,0,0,0.197802,624,0,0,0.137255
Run 1,Adrian Vale,9,solo,0,0,446,0,0,0.096774,882,0,0,0.040892
Run 1,Adrian Vale,9,joint,1,0,11,1,0,0.0,0,0,0,0.0
Run 1,Adrian Vale,9,solo,1,0,11,1,0,0.0,11,1,0,0.0
Run 1,Adrian Vale,10,solo,0,0,414,0,1,0.868421,731,0,0,0.466667
Run 1,Adrian Vale,10,solo,0,0,296,0,0,0.081633,651,0,0,0.028708
Run 1,Adrian Vale,10,solo,0,0,456,0,0,0.127273,700,0,0,0.028037
Run 1,Adrian Vale,10,solo,0,0,342,0,0,0.09,635,0,0,0.051163
Run 1,Adrian Vale,10,solo,0,0,405,1,0,1.0,728,0,0,0.692308
Run 1,Adrian Vale,10,solo,0,0,348,0,0,0.118182,648,0,0,0.023346
Run 1,Adrian Vale,10,solo,0,0,344,0,0,0.101852,662,0,0,0.055838
Run 1,Adrian Vale,10,solo,0,0,354,0,0,0.151786,651,0,0,0.054299
Run 1,Adrian Vale,10,joint,1,0,11,1,0,0.0,0,0,0,0.0
Run 1,Adrian Vale,10,solo,0,0,405,1,0,1.0,742,0,0,0.508475
Run 1,Adrian Vale,10,solo,0,0,414,1,0,1.0,710,0,0,0.736486
Run 1,Adrian Vale,10,solo,0,0,347,0,0,0.144144,584,0,0,0.039326
Run 1,Adrian Vale,10,solo,0,0,500,0,0,0.086207,603,0,0,0.034826
Run 1,Adrian Vale,10,solo,0,0,476,0,0,0.047619,659,0,0,0.041284
Run 1,Adrian Vale,10,joint,1,0,11,1,0,0.0,0,0,0,0.0
Run 1,Adrian Vale,10,solo,0,0,476,0,0,0.172932,704,0,1,0.913043
Run 1,Adrian Vale,11,solo,0,0,411,0,1,0.881579,989,0,0,0.394619
Run 1,Adrian Vale,11,solo,0,0,443,0,0,0.028986,600,0,0,0.055777
Run 1,Adrian Vale,11,solo,0,0,472,0,0,0.046875,556,0,0,0.022124
Run 1,Adrian Vale,11,solo,0,0,307,0,0,0.031579,616,0,0,0.07772
Run 1,Adrian Vale,11,joint,1,0,11,1,0,0.0,0,0,0,0.0
Run 1,Adrian Vale,11,solo,0,0,484,0,0,0.765306,735,0,0,0.626316
Run 1,Adrian Vale,11,solo,0,0,414,1,0,1.0,797,0,0,0.79085
Run 1,Adrian Vale,11,solo,0,0,348,0,0,0.027027,631,0,0,0.018868
Run 1,Adrian Vale,11,solo,0,0,450,0,0,0.074324,596,0,0,0.026087
Run 1,Adrian Vale,11,solo,0,0,524,0,0,0.026316,692,0,0,0.068493
Run 1,Adrian Vale,11,solo,0,0,414,1,0,1.0,797,1,0,1.0
Run 1,Adrian Vale,11,solo,0,0,322,0,0,0.042017,583,0,0,0.037234
Run 1,Adrian Vale,11,solo,0,0,550,0,0,0.055556,575,0,0,0.087209
Run 1,Adrian Vale,11,solo,0,0,400,0,0,0.080292,685,0,0,0.033333
Run 1,Adrian Vale,11,solo,0,0,407,0,1,0.868421,989,1,0,1.0
Run 1,Adrian Vale,11,solo,0,0,412,0,0,0.072727,717,0,0,0.047809
Run 1,Adrian Vale,11,solo,0,0,484,0,0,0.057143,582,0,0,0.083744
Run 1,Adrian Vale,11,solo,0,0,278,0,0,0.02521,634,0,0,0.02834
Run 1,Adrian Vale,12,solo,0,0,407,1,0,1.0,764,0,0,0.473934
Run 1,Adrian Vale,12,solo,0,0,518,0,0,0.086957,672,0,0,0.035
Run 1,Adrian Vale,12,solo,0,0,481,0,0,0.064286,706,0,0,0.04918
Run 1,Adrian Vale,12,solo,0,0,536,0,0,0.057377,692,0,0,0.057269
Run 1,Adrian Vale,12,joint,1,0,11,1,0,0.0,0,0,0,0.0
Run 1,Adrian Vale,12,solo,0,0,484,1,0,1.0,606,0,0,0.555556
Run 1,Adrian Vale,12,solo,0,0,559,0,0,0.752688,764,1,0,1.0
Run 1,Adrian Vale,12,solo,0,0,520,0,0,0.032895,651,0,0,0.045643
Run 1,Adrian Vale,12,solo,0,0,411,0,0,0.074766,517,0,0,0.035088
Run 1,Adrian Vale,12,solo,0,0,359,0,0,0.028369,554,0,0,0.034146
Run 1,Adrian Vale,12,joint,1,0,11,1,0,0.0,0,0,0,0.0
Run 1,Adrian Vale,12,solo,0,0,484,1,0,1.0,606,1,0,1.0
Run 1,Adrian Vale,12,solo,0,0,569,0,0,0.75,764,1,0,1.0
Run 1,Adrian Vale,12,solo,0,0,376,0,0,0.048,644,0,0,0.03653
Run 1,Adrian Vale,12,solo,0,0,445,0,0,0.085938,701,0,0,0.023041
Run 1,Adrian Vale,12,solo,0,0,409,0,0,0.09009,775,0,0,0.03913
Run 1,Adrian Vale,13,joint,1,0,11,1,0,0.0,0,0,0,0.0
Run 1,Adrian Vale,13,solo,0,0,406,0,0,0.266129,747,0,0,0.558824
Run 1,Adrian Vale,13,solo,0,0,385,0,0,0.769231,747,1,0,1.0
Run 1,Adrian Vale,13,solo,0,0,351,0,0,0.032787,747,0,0,0.048458
Run 1,Adrian Vale,13,solo,0,0,548,0,0,0.046875,672,0,0,0.047826
Run 1,Adrian Vale,13,solo,0,0,346,0,0,0.073394,648,0,0,0.059459
Run 1,Adrian Vale,13,joint,0,0,297,0,0,0.0,431,0,0,0.0
Run 1,Adrian Vale,13,solo,0,0,490,0,0,0.54955,747,1,0,1.0
Run 1,Adrian Vale,13,solo,0,0,414,1,0,1.0,747,1,0,1.0
Run 1,Adrian Vale,13,solo,0,0,404,0,0,0.035461,624,0,0,0.044335
Run 1,Adrian Vale,13,solo,0,0,405,0,0,0.086207,633,0,0,0.035714
Run 1,Adrian Vale,13,solo,0,0,353,0,0,0.023256,668,0,0,0.020161
Run 1,Adrian Vale,13,solo,0,0,507,0,0,0.769231,747,1,0,1.0
Run 1,Adrian Vale,13,solo,0,0,387,0,0,0.031496,713,0,0,0.068807
Run 1,Adrian Vale,13,solo,0,0,288,0,0,0.083333,674,0,0,0.035398
Run 1,Adrian Vale,13,solo,0,0,382,0,0,0.056,734,0,0,0.053061
Run 1,Adrian Vale,14,solo,0,0,464,0,0,0.710843,653,0,0,0.603896
Run 1,Adrian Vale,14,solo,0,0,418,0,0,0.144144,539,0,0,0.04902
Run 1,Adrian Vale,14,solo,0,0,513,0,0,0.03125,560,0,0,0.067961
Run 1,Adrian Vale,14,solo,0,0,513,0,0,0.025157,542,0,0,0.062201
Run 1,Adrian Vale,14,joint,1,0,11,1,0,0.0,0,0,0,0.0
Run 1,Adrian Vale,14,solo,0,0,449,0,1,0.831325,626,0,0,0.109524
Run 1,Adrian Vale,14,solo,0,0,466,0,1,0.837209,653,1,0,1.0
Run 1,Adrian Vale,14,solo,0,0,374,0,0,0.088496,722,0,0,0.016529
Run 1,Adrian Vale,14,solo,0,0,370,0,0,0.069231,538,0,0,0.05
Run 1,Adrian Vale,14,solo,0,0,522,0,0,0.03871,640,0,0,0.038835
Run 1,Adrian Vale,14,solo,0,0,572,0,0,0.286765,653,1,0,1.0
Run 1,Adrian Vale,14,solo,0,0,288,0,0,0.16092,748,0,0,0.029046
Run 1,Adrian Vale,14,solo,0,0,342,0,0,0.066667,716,0,0,0.043668
Run 1,Adrian Vale,14,solo,0,0,390,0,0,0.032258,616,0,0,0.043689
Run 1,Adrian Vale,14,solo,1,0,537,0,0,0.633663,11,1,0,0.0
Run 1,Adrian Vale,14,solo,0,0,414,0,0,0.061069,654,0,0,0.051813
Run 1,Adrian Vale,14,solo,0,0,484,0,0,0.033058,671,0,0,0.074074
Run 1,Adrian Vale,14,solo,0,0,379,0,0,0.029197,641,0,0,0.057269
Run 1,Adrian Vale,15,solo,0,0,499,0,1,0.860465,590,0,0,0.103093
Run 1,Adrian Vale,15,solo,0,0,381,0,0,0.082645,546,0,0,0.047619
Run 1,Adrian Vale,15,solo,0,0,362,0,0,0.036364,626,0,0,0.063348
Run 1,Adrian Vale,15,solo,0,0,457,0,0,0.076923,811,0,0,0.022388
Run 1,Adrian Vale,15,solo,0,0,412,0,0,0.597826,687,0,0,0.091346
Run 1,Adrian Vale,15,solo,0,0,437,0,0,0.027778,500,0,0,0.025907
Run 1,Adrian Vale,15,solo,0,0,452,0,0,0.055046,557,0,0,0.028302
Run 1,Adrian Vale,15,solo,0,0,331,0,0,0.041322,568,0,0,0.026786
Run 1,Adrian Vale,15,solo,0,0,359,0,0,0.717949,590,1,0,1.0
Run 1,Adrian Vale,15,solo,0,0,315,0,0,0.043478,687,0,0,0.048035
Run 1,Adrian Vale,15,solo,0,0,314,0,0,0.068182,496,0,0,0.111842
Run 1,Adrian Vale,15,solo,0,0,416,0,0,0.068376,685,0,0,0.015152
Run 1,Adrian Vale,15,joint,1,0,11,1,0,0.0,0,0,0,0.0
Run 1,Adrian Vale,15,solo,1,0,11,1,0,0.0,11,1,0,0.0
Run 1,Adrian Vale,15,solo,1,0,11,1,0,0.0,11,1,0,0.0
Run 1,Adrian Vale,15,solo,0,0,450,0,0,0.091743,1046,0,0,0.023179
Run 1,Adrian Vale,15,solo,0,0,428,0,0,0.008929,622,0,0,0.040359
Run 1,Adrian Vale,15,solo,0,0,387,0,0,0.03876,624,0,0,0.061224
Run 1,Adrian Vale,16,solo,0,0,384,0,0,0.135135,694,0,0,0.153846
Run 1,Adrian Vale,16,solo,0,0,473,0,0,0.023438,802,0,0,0.075
Run 1,Adrian Vale,16,solo,0,0,453,0,0,0.053097,574,0,0,0.03271
Run 1,Adrian Vale,16,solo,0,0,223,0,0,0.09375,602,0,0,0.037383
Run 1,Adrian Vale,16,joint,1,0,11,1,0,0.0,0,0,0,0.0
Run 1,Adrian Vale,16,solo,0,0,414,0,1,0.859155,671,0,0,0.204082
Run 1,Adrian Vale,16,solo,0,0,400,0,1,0.910448,694,1,0,1.0
Run 1,Adrian Vale,16,solo,0,0,366,0,0,0.018868,737,0,0,0.032558
Run 1,Adrian Vale,16,solo,0,0,526,0,0,0.042553,640,0,0,0.03211
Run 1,Adrian Vale,16,solo,0,0,367,0,0,0.041322,730,0,0,0.060606
Run 1,Adrian Vale,16,solo,0,0,400,1,0,1.0,671,1,0,1.0
Run 1,Adrian Vale,16,solo,0,0,396,0,0,0.057143,637,0,0,0.048387
Run 1,Adrian Vale,16,solo,0,0,480,0,0,0.047244,762,0,0,0.033898
Run 1,Adrian Vale,16,solo,0,0,462,0,0,0.103175,608,0,0,0.038251
Run 1,Adrian Vale,16,joint,1,0,11,1,0,0.0,0,0,0,0.0
Run 1,Adrian Vale,16,solo,1,0,11,1,0,0.0,11,1,0,0.0
Run 1,Adrian Vale,17,solo,0,0,400,1,0,1.0,703,0,0,0.610738
Run 1,Adrian Vale,17,solo,0,0,326,0,0,0.038462,868,0,0,0.065134
Run 1,Adrian Vale,17,solo,0,0,528,0,0,0.107914,714,0,0,0.022222
Run 1,Adrian Vale,17,solo,0,0,464,0,0,0.040268,788,0,0,0.066079
Run 1,Adrian Vale,17,solo,0,0,400,1,0,1.0,703,1,0,1.0
Run 1,Adrian Vale,17,solo,0,0,420,0,0,0.035398,627,0,0,0.036036
Run 1,Adrian Vale,17,solo,0,0,378,0,0,0.086614,669,0,0,0.018433
Run 1,Adrian Vale,17,solo,0,0,388,0,0,0.025424,848,0,0,0.035019
Run 1,Adrian Vale,17,joint,1,0,11,1,0,0.0,0,0,0,0.0
Run 1,Adrian Vale,17,solo,0,0,402,0,1,0.861111,703,1,0,1.0
Run 1,Adrian Vale,17,solo,0,0,400,1,0,1.0,703,1,0,1.0
Run 1,Adrian Vale,17,solo,0,0,362,0,0,0.072727,557,0,0,0.042654
Run 1,Adrian Vale,17,solo,0,0,353,0,0,0.070796,597,0,0,0.040909
Run 1,Adrian Vale,17,solo,0,0,452,0,0,0.057143,766,0,0,0.036885
Run 1,Adrian Vale,17,solo,0,0,307,0,0,0.081081,714,0,0,0.048387
Run 1,Adrian Vale,17,solo,0,0,489,0,0,0.10219,581,0,0,0.071429
Run 1,Adrian Vale,17,solo,0,0,420,0,0,0.090909,821,0,0,0.042553
Run 1,Adrian Vale,17,solo,0,0,354,0,0,0.075758,634,0,0,0.026316
Run 1,Adrian Vale,18,joint,1,0,11,1,0,0.0,0,0,0,0.0
Run 1,Adrian Vale,18,solo,0,0,309,0,1,0.833333,564,0,0,0.610687
Run 1,Adrian Vale,18,solo,0,0,445,0,0,0.201754,625,0,0,0.432624
Run 1,Adrian Vale,18,solo,0,0,330,0,0,0.071429,878,0,0,0.046218
Run 1,Adrian Vale,18,solo,0,0,400,0,0,0.00885,623,0,0,0.021368
Run 1,Adrian Vale,18,solo,0,0,541,0,0,0.048,706,0,0,0.026432
Run 1,Adrian Vale,18,joint,1,0,11,1,0,0.0,0,0,0,0.0
Run 1,Adrian Vale,18,solo,0,0,463,0,0,0.267241,738,0,0,0.247191
Run 1,Adrian Vale,18,solo,0,0,381,0,0,0.5,738,1,0,1.0
Run 1,Adrian Vale,18,solo,0,0,393,0,0,0.055556,624,0,0,0.027473
Run 1,Adrian Vale,18,solo,0,0,396,0,0,0.026846,633,0,0,0.049774
Run 1,Adrian Vale,18,solo,0,0,386,0,0,0.059322,617,0,0,0.028571
Run 1,Adrian Vale,18,solo,1,0,407,0,0,0.173077,11,1,0,0.0
Run 1,Adrian Vale,18,solo,0,0,323,0,0,0.042735,605,0,0,0.062802
Run 1,Adrian Vale,18,solo,0,0,408,0,0,0.126437,639,0,0,0.03653
Run 1,Adrian Vale,18,solo,0,0,545,0,0,0.051724,557,0,0,0.037209
Run 1,Adrian Vale,19,joint,0,0,381,0,0,0.0,562,0,0,0.0
Run 1,Adrian Vale,19,solo,0,0,335,0,0,0.657534,602,0,0,0.266667
Run 1,Adrian Vale,19,solo,0,0,407,1,0,1.0,602,1,0,1.0
Run 1,Adrian Vale,19,solo,0,0,411,0,0,0.078947,719,0,0,0.039648
Run 1,Adrian Vale,19,solo,0,0,384,0,0,0.111111,667,0,0,0.023256
Run 1,Adrian Vale,19,solo,0,0,482,0,0,0.044586,727,0,0,0.029167
Run 1,Adrian Vale,19,joint,1,0,11,1,0,0.0,0,0,0,0.0
Run 1,Adrian Vale,19,solo,0,0,409,0,1,0.861111,623,0,0,0.276471
Run 1,Adrian Vale,19,solo,0,0,366,0,1,0.910448,621,0,1,0.963636
Run 1,Adrian Vale,19,solo,0,0,277,0,0,0.058252,519,0,0,0.079365
Run 1,Adrian Vale,19,solo,0,0,384,0,0,0.057692,715,0,0,0.01626
Run 1,Adrian Vale,19,solo,0,0,394,0,0,0.06383,541,0,0,0.046632
Run 1,Adrian Vale,19,solo,0,0,366,1,0,1.0,621,1,0,1.0
Run 1,Adrian Vale,19,solo,0,0,368,0,0,0.07619,559,0,0,0.045
Run 1,Adrian Vale,19,solo,0,0,330,0,0,0.048387,626,0,0,0.036364
Run 1,Adrian Vale,19,solo,0,0,337,0,0,0.029126,636,0,0,0.039604
Run 1,Adrian Vale,20,solo,0,0,271,0,0,0.25,527,0,1,0.816514
Run 1,Adrian Vale,20,solo,0,0,415,0,0,0.052632,566,0,0,0.077348
Run 1,Adrian Vale,20,solo,0,0,460,0,0,0.050847,740,0,0,0.035
Run 1,Adrian Vale,20,solo,0,0,426,0,0,0.048387,642,0,0,0.097297
Run 1,Adrian Vale,20,solo,0,0,351,0,0,0.629032,527,1,0,1.0
Run 1,Adrian Vale,20,solo,0,0,434,0,0,0.042857,676,0,0,0.017182
Run 1,Adrian Vale,20,solo,0,0,383,0,0,0.053435,739,0,0,0.044053
Run 1,Adrian Vale,20,solo,0,0,378,0,0,0.13913,640,0,0,0.068627
Run 1,Adrian Vale,20,joint,1,0,11,1,0,0.0,0,0,0,0.0
Run 1,Adrian Vale,20,solo,0,0,353,0,1,0.84127,662,0,0,0.745763
Run 1,Adrian Vale,20,solo,0,0,349,0,1,0.933333,660,0,1,0.966102
Run 1,Adrian Vale,20,solo,0,0,274,0,0,0.038095,630,0,0,0.050926
Run 1,Adrian Vale,20,solo,0,0,425,0,0,0.049645,624,0,0,0.072464
Run 1,Adrian Vale,20,solo,0,0,393,0,0,0.030534,747,0,0,0.049327
Run 1,Adrian Vale,20,joint,1,0,11,1,0,0.0,0,0,0,0.0
Run 1,Adrian Vale,20,solo,1,0,11,1,0,0.0,11,1,0,0.0
Run 1,Adrian Vale,21,solo,0,0,351,1,0,1.0,761,0,0,0.613139
Run 1,Adrian Vale,21,solo,0,0,501,0,0,0.067797,545,0,0,0.064655
Run 1,Adrian Vale,21,solo,0,0,505,0,0,0.050847,631,0,0,0.040816
Run 1,Adrian Vale,21,solo,0,0,376,0,0,0.147059,996,0,0,0.057034
Run 1,Adrian Vale,21,solo,0,0,351,1,0,1.0,761,1,0,1.0
Run 1,Adrian Vale,21,solo,0,0,482,0,0,0.015038,587,0,0,0.061947
Run 1,Adrian Vale,21,solo,0,0,458,0,0,0.066667,666,0,0,0.067873
Run 1,Adrian Vale,21,solo,0,0,350,0,0,0.061538,582,0,0,0.05641
Run 1,Adrian Vale,21,joint,1,0,11,1,0,0.0,0,0,0,0.0
Run 1,Adrian Vale,21,solo,0,0,456,0,1,0.875,717,0,0,0.042969
Run 1,Adrian Vale,21,solo,0,0,351,1,0,1.0,686,0,1,0.880597
Run 1,Adrian Vale,21,solo,0,0,492,0,0,0.069767,750,0,0,0.031873
Run 1,Adrian Vale,21,solo,0,0,326,0,0,0.099099,592,0,0,0.055
Run 1,Adrian Vale,21,solo,0,0,418,0,0,0.049587,642,0,0,0.053763
Run 1,Adrian Vale,21,solo,0,0,351,1,0,1.0,801,0,1,0.846154
Run 1,Adrian Vale,21,solo,0,0,467,0,0,0.067164,689,0,0,0.029126
Run 1,Adrian Vale,21,solo,0,0,446,0,0,0.093023,679,0,0,0.013393
Run 1,Adrian Vale,21,solo,0,0,380,0,0,0.063492,606,0,0,0.085561
Run 1,Adrian Vale,22,solo,0,0,349,1,0,1.0,645,0,0,0.609589
Run 1,Adrian Vale,22,solo,0,0,394,0,0,0.061404,675,0,0,0.04186
Run 1,Adrian Vale,22,solo,0,0,362,0,0,0.047619,499,0,0,0.035928
Run 1,Adrian Vale,22,solo,0,0,294,0,0,0.10989,619,0,0,0.036697
Run 1,Adrian Vale,22,joint,1,0,11,1,0,0.0,0,0,0,0.0
Run 1,Adrian Vale,22,solo,0,0,351,0,1,0.933333,647,0,1,0.965517
Run 1,Adrian Vale,22,solo,0,0,349,1,0,1.0,645,1,0,1.0
Run 1,Adrian Vale,22,solo,0,0,341,0,0,0.067416,590,0,0,0.02451
Run 1,Adrian Vale,22,solo,0,0,444,0,0,0.051282,663,0,0,0.070485
Run 1,Adrian Vale,22,solo,0,0,383,0,0,0.094118,566,0,0,0.05848
Run 1,Adrian Vale,22,solo,0,0,349,1,0,1.0,645,1,0,1.0
Run 1,Adrian Vale,22,solo,0,0,281,0,0,0.050505,675,0,0,0.060086
Run 1,Adrian Vale,22,solo,0,0,399,0,0,0.117117,573,0,0,0.07177
Run 1,Adrian Vale,22,solo,0,0,366,0,0,0.089888,599,0,0,0.058537
Run 1,Adrian Vale,22,joint,1,0,11,1,0,0.0,0,0,0,0.0
Run 1,Adrian Vale,22,solo,0,0,351,1,0,1.0,647,1,0,1.0
Run 1,Adrian Vale,23,joint,0,0,357,0,0,0.0,535,0,0,0.0
Run 1,Adrian Vale,23,solo,0,0,310,0,1,0.896552,734,0,0,0.589404
Run 1,Adrian Vale,23,solo,0,0,349,1,0,1.0,732,0,1,0.96875
Run 1,Adrian Vale,23,solo,0,0,358,0,0,0.058333,732,0,0,0.040323
Run 1,Adrian Vale,23,solo,0,0,378,0,0,0.082569,625,0,0,0.06383
Run 1,Adrian Vale,23,solo,0,0,328,0,0,0.056075,543,0,0,0.026882
Run 1,Adrian Vale,23,joint,1,0,11,1,0,0.0,0,0,0,0.0
Run 1,Adrian Vale,23,solo,0,0,336,0,0,0.057143,656,0,0,0.091743
Run 1,Adrian Vale,23,solo,0,0,349,1,0,1.0,732,1,0,1.0
Run 1,Adrian Vale,23,solo,0,0,258,0,0,0.048193,540,0,0,0.03125
Run 1,Adrian Vale,23,solo,0,0,399,0,0,0.145631,604,0,0,0.06701
Run 1,Adrian Vale,23,solo,0,0,341,0,0,0.128205,782,0,0,0.058594
Run 1,Adrian Vale,23,solo,0,0,349,1,0,1.0,732,1,0,1.0
Run 1,Adrian Vale,23,solo,0,0,341,0,0,0.029126,677,0,0,0.030303
Run 1,Adrian Vale,23,solo,0,0,438,0,0,0.097744,631,0,0,0.044118
Run 1,Adrian Vale,23,solo,0,0,374,0,0,0.06383,665,0,0,0.049107
Run 1,Adrian Vale,24,solo,0,0,350,0,1,0.870968,578,0,0,0.717742
Run 1,Adrian Vale,24,solo,0,0,395,0,0,0.035461,587,0,0,0.059459
Run 1,Adrian Vale,24,solo,0,0,521,0,0,0.060606,643,0,0,0.050926
Run 1,Adrian Vale,24,solo,0,0,482,0,0,0.075758,660,0,0,0.04186
Run 1,Adrian Vale,24,joint,1,0,11,1,0,0.0,0,0,0,0.0
Run 1,Adrian Vale,24,solo,0,0,351,1,0,1.0,580,0,1,0.960396
Run 1,Adrian Vale,24,solo,0,0,349,1,0,1.0,578,1,0,1.0
Run 1,Adrian Vale,24,solo,0,0,447,0,0,0.049296,697,0,0,0.026923
Run 1,Adrian Vale,24,solo,0,0,266,0,0,0.106796,420,0,0,0.038961
Run 1,Adrian Vale,24,solo,0,0,286,0,0,0.059406,518,0,0,0.030457
Run 1,Adrian Vale,24,solo,0,0,349,1,0,1.0,813,0,0,0.678082
Run 1,Adrian Vale,24,solo,0,0,406,0,0,0.041237,829,0,0,0.028571
Run 1,Adrian Vale,24,solo,0,0,322,0,0,0.050505,698,0,0,0.015873
Run 1,Adrian Vale,24,solo,0,0,332,0,0,0.105263,709,0,0,0.035088
Run 1,Adrian Vale,24,solo,0,0,416,0,0,0.72,813,1,0,1.0
Run 1,Adrian Vale,24,solo,0,0,348,0,0,0.027523,593,0,0,0.042553
Run 1,Adrian Vale,24,solo,0,0,438,0,0,0.070922,689,0,0,0.035433
Run 1,Adrian Vale,24,solo,0,0,392,0,0,0.095238,697,0,0,0.033019
Run 1,Adrian Vale,25,solo,0,0,349,1,0,1.0,656,0,0,0.507042
Run 1,Adrian Vale,25,solo,0,0,412,0,0,0.05,563,0,0,0.039801
Run 1,Adrian Vale,25,solo,0,0,345,0,0,0.046296,574,0,0,0.037634
Run 1,Adrian Vale,25,solo,0,0,293,0,0,0.103093,540,0,0,0.033981
Run 1,Adrian Vale,25,joint,1,0,11,1,0,0.0,0,0,0,0.0
Run 1,Adrian Vale,25,solo,0,0,385,0,0,0.321429,591,0,0,0.009852
Run 1,Adrian Vale,25,solo,0,0,427,0,0,0.625,662,0,0,0.038647
Run 1,Adrian Vale,25,solo,0,0,309,0,0,0.132653,696,0,0,0.068182
Run 1,Adrian Vale,25,solo,0,0,427,0,0,0.07619,627,0,0,0.037915
Run 1,Adrian Vale,25,solo,0,0,472,0,0,0.019481,734,0,0,0.059322
Run 1,Adrian Vale,25,solo,0,0,416,1,0,1.0,656,1,0,1.0
Run 1,Adrian Vale,25,solo,0,0,244,0,0,0.0625,750,0,0,0.070093
Run 1,Adrian Vale,25,solo,0,0,378,0,0,0.090164,525,0,0,0.04712
Run 1,Adrian Vale,25,solo,0,0,286,0,0,0.126316,637,0,0,0.013274
Run 1,Adrian Vale,25,solo,0,0,375,0,1,0.915493,656,1,0,1.0
Run 1,Adrian Vale,25,solo,0,0,352,0,0,0.108696,584,0,0,0.043478
Run 1,Adrian Vale,25,solo,0,0,386,0,0,0.130841,607,0,0,0.053659
Run 1,Adrian Vale,25,solo,0,0,356,0,0,0.072072,643,0,0,0.046729
Run 1,Adrian Vale,26,solo,0,0,337,0,0,0.530303,583,0,0,0.257862
Run 1,Adrian Vale,26,solo,0,0,340,0,0,0.072072,944,0,0,0.039855
Run 1,Adrian Vale,26,solo,0,0,471,0,0,0.057377,661,0,0,0.043902
Run 1,Adrian Vale,26,solo,0,0,285,0,0,0.13,607,0,0,0.029557
Run 1,Adrian Vale,26,solo,0,0,378,0,1,0.90625,619,0,0,0.637681
Run 1,Adrian Vale,26,solo,0,0,450,0,0,0.056452,670,0,0,0.038278
Run 1,Adrian Vale,26,solo,0,0,373,0,0,0.033058,590,0,0,0.050761
Run 1,Adrian Vale,26,solo,0,0,348,0,0,0.181818,988,0,0,0.03012
Run 1,Adrian Vale,26,solo,0,0,355,0,0,0.268293,619,1,0,1.0
Run 1,Adrian Vale,26,solo,0,0,415,0,0,0.025862,589,0,0,0.057292
Run 1,Adrian Vale,26,solo,0,0,426,0,0,0.038095,746,0,0,0.028226
Run 1,Adrian Vale,26,solo,0,0,459,0,0,0.126984,679,0,0,0.031111
Run 1,Adrian Vale,26,joint,1,0,11,1,0,0.0,0,0,0,0.0
Run 1,Adrian Vale,26,solo,1,0,11,1,0,0.0,11,1,0,0.0
Run 1,Adrian Vale,26,solo,1,0,11,1,0,0.0,11,1,0,0.0
Run 1,Adrian Vale,26,solo,0,0,389,0,0,0.044248,606,0,0,0.026667
Run 1,Adrian Vale,26,solo,0,0,332,0,0,0.094828,755,0,0,0.030702
Run 1,Adrian Vale,26,solo,0,0,323,0,0,0.076923,597,0,0,0.050926
Run 1,Adrian Vale,27,solo,0,0,413,0,0,0.28866,638,0,0,0.485714
Run 1,Adrian Vale,27,solo,0,0,496,0,0,0.02963,680,0,0,0.018433
Run 1,Adrian Vale,27,solo,0,0,382,0,0,0.085938,521,0,0,0.016667
Run 1,Adrian Vale,27,solo,0,0,399,0,0,0.107143,660,0,0,0.049505
Run 1,Adrian Vale,27,joint,1,0,11,1,0,0.0,0,0,0,0.0
Run 1,Adrian Vale,27,solo,0,0,461,0,0,0.217391,658,0,0,0.151042
Run 1,Adrian Vale,27,solo,0,0,399,0,1,0.88,551,0,0,0.706897
Run 1,Adrian Vale,27,solo,0,0,390,0,0,0.055118,691,0,0,0.025
Run 1,Adrian Vale,27,solo,0,0,555,0,0,0.04908,572,0,0,0.084746
Run 1,Adrian Vale,27,solo,0,0,516,0,0,0.070968,642,0,0,0.040179
Run 1,Adrian Vale,27,solo,0,0,431,0,1,0.822785,616,0,0,0.703125
Run 1,Adrian Vale,27,solo,0,0,290,0,0,0.09901,613,0,0,0.065
Run 1,Adrian Vale,27,solo,0,0,335,0,0,0.07,609,0,0,0.057592
Run 1,Adrian Vale,27,solo,0,0,359,0,0,0.066038,648,0,0,0.067265
Run 1,Adrian Vale,27,solo,1,0,11,1,0,0.0,11,1,0,0.0
Run 1,Adrian Vale,27,solo,0,0,353,0,0,0.030303,638,0,0,0.015873
Run 1,Adrian Vale,27,solo,0,0,383,0,0,0.063636,768,0,0,0.026087
Run 1,Adrian Vale,27,solo,0,0,237,0,0,0.086957,734,0,0,0.060606
Run 1,Adrian Vale,28,solo,0,0,472,0,0,0.41,687,0,0,0.071429
Run 1,Adrian Vale,28,solo,0,0,410,0,0,0.070175,589,0,0,0.033333
Run 1,Adrian Vale,28,solo,0,0,454,0,0,0.067797,617,0,0,0.030435
Run 1,Adrian Vale,28,solo,0,0,273,0,0,0.117021,762,0,0,0.077586
Run 1,Adrian Vale,28,joint,1,0,11,1,0,0.0,0,0,0,0.0
Run 1,Adrian Vale,28,solo,0,0,457,0,0,0.448598,1066,0,0,0.113553
Run 1,Adrian Vale,28,solo,0,0,488,0,0,0.481132,687,1,0,1.0
Run 1,Adrian Vale,28,solo,0,0,449,0,0,0.084507,668,0,0,0.064935
Run 1,Adrian Vale,28,solo,0,0,540,0,0,0.060606,709,0,0,0.049327
Run 1,Adrian Vale,28,solo,0,0,351,0,0,0.104167,644,0,0,0.056995
Run 1,Adrian Vale,28,solo,0,0,472,1,0,1.0,732,0,0,0.515924
Run 1,Adrian Vale,28,solo,0,0,394,0,0,0.063636,577,0,0,0.038278
Run 1,Adrian Vale,28,solo,0,0,391,0,0,0.025862,579,0,0,0.059113
Run 1,Adrian Vale,28,solo,0,0,489,0,0,0.053435,641,0,0,0.046083
Run 1,Adrian Vale,28,joint,1,0,11,1,0,0.0,0,0,0,0.0
Run 1,Adrian Vale,28,solo,1,0,474,0,1,0.875,11,1,0,0.0
Run 1,Adrian Vale,29,solo,0,0,431,0,1,0.822785,672,0,0,0.574324
Run 1,Adrian Vale,29,solo,0,0,331,0,0,0.081967,811,0,0,0.039683
Run 1,Adrian Vale,29,solo,0,0,468,0,0,0.090909,679,0,0,0.027397
Run 1,Adrian Vale,29,solo,0,0,575,0,0,0.019481,626,0,0,0.029851
Run 1,Adrian Vale,29,solo,0,0,453,0,0,0.59,720,0,0,0.540881
Run 1,Adrian Vale,29,solo,0,0,316,0,0,0.138298,554,0,0,0.044944
Run 1,Adrian Vale,29,solo,0,0,353,0,0,0.131868,601,0,0,0.033019
Run 1,Adrian Vale,29,solo,0,0,364,0,0,0.104167,700,0,0,0.046296
Run 1,Adrian Vale,29,solo,0,0,453,1,0,1.0,675,0,1,0.918033
Run 1,Adrian Vale,29,solo,0,0,344,0,0,0.086207,676,0,0,0.03653
Run 1,Adrian Vale,29,solo,0,0,324,0,0,0.063063,707,0,0,0.029787
Run 1,Adrian Vale,29,solo,0,0,409,0,0,0.083333,606,0,0,0.04712
Run 1,Adrian Vale,29,joint,1,0,11,1,0,0.0,0,0,0,0.0
Run 1,Adrian Vale,29,solo,0,0,455,0,1,0.878049,722,0,1,0.968
Run 1,Adrian Vale,29,solo,1,0,453,1,0,1.0,11,1,0,0.0
Run 1,Adrian Vale,29,solo,0,0,300,0,0,0.078652,571,0,0,0.05618
Run 1,Adrian Vale,29,solo,0,0,534,0,0,0.097561,761,0,0,0.047244
Run 1,Adrian Vale,29,solo,0,0,375,0,0,0.087719,661,0,0,0.022831
Run 1,Adrian Vale,30,solo,0,0,355,0,0,0.34,595,0,0,0.661654
Run 1,Adrian Vale,30,solo,0,0,411,0,0,0.112,532,0,0,0.061798
Run 1,Adrian Vale,30,solo,0,0,622,0,0,0.045752,807,0,0,0.022013
Run 1,Adrian Vale,30,solo,0,0,402,0,0,0.113636,674,0,0,0.050209
Run 1,Adrian Vale,30,solo,0,0,453,1,0,1.0,693,0,1,0.808333
Run 1,Adrian Vale,30,solo,0,0,370,0,0,0.04065,788,0,0,0.056522
Run 1,Adrian Vale,30,solo,0,0,541,0,0,0.06015,784,0,0,0.020492
Run 1,Adrian Vale,30,solo,0,0,380,0,0,0.028302,695,0,0,0.037594
Run 1,Adrian Vale,30,joint,1,0,11,1,0,0.0,0,0,0,0.0
Run 1,Adrian Vale,30,solo,0,0,378,0,0,0.533333,695,0,1,0.966942
Run 1,Adrian Vale,30,solo,0,0,453,1,0,1.0,693,1,0,1.0
Run 1,Adrian Vale,30,solo,0,0,398,0,0,0.11215,542,0,0,0.048544
Run 1,Adrian Vale,30,solo,0,0,506,0,0,0.034483,658,0,0,0.056701
Run 1,Adrian Vale,30,solo,0,0,519,0,0,0.048,1052,0,0,0.02349
Run 1,Adrian Vale,30,solo,1,0,11,1,0,0.0,11,1,0,0.0
Run 1,Adrian Vale,30,solo,0,0,472,0,0,0.056452,613,0,0,0.084906
Run 1,Adrian Vale,30,solo,0,0,484,0,0,0.065041,661,0,0,0.014151
Run 1,Adrian Vale,30,solo,0,0,380,0,0,0.066667,756,0,0,0.048035
Run 1,Adrian Vale,31,solo,0,0,376,0,1,0.84127,722,0,0,0.531034
Run 1,Adrian Vale,31,solo,0,0,561,0,0,0.044872,724,0,0,0.027778
Run 1,Adrian Vale,31,solo,0,0,423,0,0,0.027027,789,0,0,0.03719
Run 1,Adrian Vale,31,solo,0,0,231,0,0,0.233766,656,0,0,0.031111
Run 1,Adrian Vale,31,joint,1,0,11,1,0,0.0,0,0,0,0.0
Run 1,Adrian Vale,31,solo,0,0,405,0,0,0.657534,656,1,0,1.0
Run 1,Adrian Vale,31,solo,0,0,426,0,0,0.6,698,0,1,0.891473
Run 1,Adrian Vale,31,solo,0,0,295,0,0,0.225352,695,0,0,0.022321
Run 1,Adrian Vale,31,solo,0,0,441,0,0,0.07563,709,0,0,0.041096
Run 1,Adrian Vale,31,solo,0,0,266,0,0,0.0,621,0,0,0.013274
Run 1,Adrian Vale,31,solo,0,0,351,0,0,0.37234,656,1,0,1.0
Run 1,Adrian Vale,31,solo,0,0,375,0,0,0.115385,700,0,0,0.070093
Run 1,Adrian Vale,31,solo,0,0,460,0,0,0.059259,728,0,0,0.021834
Run 1,Adrian Vale,31,solo,0,0,341,0,0,0.038095,621,0,0,0.057971
Run 1,Adrian Vale,31,solo,1,0,349,0,1,0.836066,11,1,0,0.0
Run 1,Adrian Vale,31,solo,0,0,380,0,0,0.030612,619,0,0,0.088083
Run 1,Adrian Vale,31,solo,0,0,401,0,0,0.107527,716,0,0,0.043137
Run 1,Adrian Vale,31,solo,0,0,289,0,0,0.079208,573,0,0,0.040816
Run 1,Adrian Vale,32,solo,0,0,410,0,0,0.61039,742,0,0,0.566434
Run 1,Adrian Vale,32,solo,0,0,315,0,0,0.101124,693,0,0,0.034653
Run 1,Adrian Vale,32,solo,0,0,397,0,0,0.076923,629,0,0,0.048387
Run 1,Adrian Vale,32,solo,0,0,375,0,0,0.091837,588,0,0,0.050691
Run 1,Adrian Vale,32,joint,1,0,11,1,0,0.0,0,0,0,0.0
Run 1,Adrian Vale,32,solo,0,0,312,0,0,0.77193,681,0,1,0.909091
Run 1,Adrian Vale,32,solo,0,0,415,0,1,0.837838,742,1,0,1.0
Run 1,Adrian Vale,32,solo,0,0,383,0,0,0.1,647,0,0,0.07177
Run 1,Adrian Vale,32,solo,0,0,385,0,0,0.117647,723,0,0,0.07438
Run 1,Adrian Vale,32,solo,0,0,475,0,0,0.04,637,0,0,0.034314
Run 1,Adrian Vale,32,solo,0,0,410,1,0,1.0,742,1,0,1.0
Run 1,Adrian Vale,32,solo,0,0,451,0,0,0.05303,615,0,0,0.060914
Run 1,Adrian Vale,32,solo,0,0,372,0,0,0.09901,641,0,0,0.046948
Run 1,Adrian Vale,32,solo,0,0,330,0,0,0.238636,610,0,0,0.045918
Run 1,Adrian Vale,32,solo,1,0,11,1,0,0.0,11,1,0,0.0
Run 1,Adrian Vale,32,solo,0,0,551,0,0,0.04908,801,0,0,0.045833
Run 1,Adrian Vale,32,solo,0,0,396,0,0,0.148515,641,0,0,0.084821
Run 1,Adrian Vale,32,solo,0,0,319,0,0,0.065934,663,0,0,0.027273
Run 1,Adrian Vale,33,solo,0,0,415,1,0,1.0,617,0,0,0.571429
Run 1,Adrian Vale,33,solo,0,0,264,0,0,0.155844,689,0,0,0.044444
Run 1,Adrian Vale,33,solo,0,0,366,0,0,0.057692,593,0,0,0.020513
Run 1,Adrian Vale,33,solo,0,0,264,0,0,0.136364,629,0,0,0.051402
Run 1,Adrian Vale,33,joint,1,0,11,1,0,0.0,0,0,0,0.0
Run 1,Adrian Vale,33,solo,0,0,417,0,1,0.863014,617,1,0,1.0
Run 1,Adrian Vale,33,solo,0,0,364,0,0,0.190909,519,0,0,0.050505
Run 1,Adrian Vale,33,solo,0,0,373,0,0,0.075472,520,0,0,0.054726
Run 1,Adrian Vale,33,solo,0,0,408,0,0,0.058824,673,0,0,0.04386
Run 1,Adrian Vale,33,solo,0,0,301,0,0,0.119048,528,0,0,0.090909
Run 1,Adrian Vale,33,joint,1,0,11,1,0,0.0,0,0,0,0.0
Run 1,Adrian Vale,33,solo,0,0,432,0,0,0.555556,708,0,0,0.637037
Run 1,Adrian Vale,33,solo,0,0,415,1,0,1.0,617,1,0,1.0
Run 1,Adrian Vale,33,solo,0,0,354,0,0,0.073171,733,0,0,0.038462
Run 1,Adrian Vale,33,solo,0,0,378,0,0,0.073171,681,0,0,0.035398
Run 1,Adrian Vale,33,solo,0,0,428,0,0,0.137097,698,0,0,0.018779
Run 1,Adrian Vale,34,joint,0,0,313,0,0,0.0,462,0,0,0.0
Run 1,Adrian Vale,34,solo,0,0,417,0,0,0.74359,698,0,0,0.656489
Run 1,Adrian Vale,34,solo,0,0,415,1,0,1.0,698,1,0,1.0
Run 1,Adrian Vale,34,solo,0,0,398,0,0,0.07767,634,0,0,0.046512
Run 1,Adrian Vale,34,solo,0,0,437,0,0,0.080645,631,0,0,0.067961
Run 1,Adrian Vale,34,solo,0,0,367,0,0,0.084112,684,0,0,0.031532
Run 1,Adrian Vale,34,solo,0,0,415,1,0,1.0,730,0,0,0.786207
Run 1,Adrian Vale,34,solo,0,0,371,0,0,0.055118,568,0,0,0.029557
Run 1,Adrian Vale,34,solo,0,0,502,0,0,0.039474,748,0,0,0.036866
Run 1,Adrian Vale,34,solo,0,0,311,0,0,0.083333,626,0,0,0.08
Run 1,Adrian Vale,34,solo,0,0,415,1,0,1.0,730,1,0,1.0
Run 1,Adrian Vale,34,solo,0,0,350,0,0,0.066038,760,0,0,0.030568
Run 1,Adrian Vale,34,solo,0,0,353,0,0,0.063063,641,0,0,0.06422
Run 1,Adrian Vale,34,solo,0,0,430,0,0,0.070796,665,0,0,0.027451
Run 1,Adrian Vale,34,solo,1,0,11,1,0,0.0,11,1,0,0.0
Run 1,Adrian Vale,34,solo,0,0,431,0,0,0.030769,717,0,0,0.021834
Run 1,Adrian Vale,34,solo,0,0,433,0,0,0.021429,702,0,0,0.043103
Run 1,Adrian Vale,34,solo,0,0,394,0,0,0.028846,677,0,0,0.019417
Run 1,Adrian Vale,35,solo,0,0,415,1,0,1.0,688,0,0,0.671875
Run 1,Adrian Vale,35,solo,0,0,367,0,0,0.045045,560,0,0,0.067039
Run 1,Adrian Vale,35,solo,0,0,504,0,0,0.067669,642,0,0,0.022422
Run 1,Adrian Vale,35,solo,0,0,422,0,0,0.096491,699,0,0,0.060302
Run 1,Adrian Vale,35,joint,1,0,11,1,0,0.0,0,0,0,0.0
Run 1,Adrian Vale,35,solo,0,0,438,0,0,0.103448,692,0,1,0.927419
Run 1,Adrian Vale,35,solo,0,0,415,1,0,1.0,631,0,1,0.823009
Run 1,Adrian Vale,35,solo,0,0,353,0,0,0.057143,594,0,0,0.052632
Run 1,Adrian Vale,35,solo,0,0,396,0,0,0.056338,554,0,0,0.047619
Run 1,Adrian Vale,35,solo,0,0,429,0,0,0.165289,651,0,0,0.032653
Run 1,Adrian Vale,35,solo,0,0,433,0,0,0.295238,612,0,0,0.527397
Run 1,Adrian Vale,35,solo,0,0,394,0,0,0.08,616,0,0,0.051887
Run 1,Adrian Vale,35,solo,0,0,475,0,0,0.042553,622,0,0,0.026549
Run 1,Adrian Vale,35,solo,0,0,442,0,0,0.02381,565,0,0,0.051546
Run 1,Adrian Vale,35,solo,1,0,11,1,0,0.0,11,1,0,0.0
Run 1,Adrian Vale,35,solo,0,0,428,0,0,0.04065,568,0,0,0.060914
Run 1,Adrian Vale,35,solo,0,0,331,0,0,0.14,495,0,0,0.096386
Run 1,Adrian Vale,35,solo,0,0,405,0,0,0.093458,607,0,0,0.123656
Run 1,Adrian Vale,36,solo,0,0,415,1,0,1.0,760,0,0,0.69403
Run 1,Adrian Vale,36,solo,0,0,446,0,0,0.09322,564,0,0,0.060606
Run 1,Adrian Vale,36,solo,0,0,348,0,0,0.029412,720,0,0,0.027397
Run 1,Adrian Vale,36,solo,0,0,278,0,0,0.075269,685,0,0,0.054795
Run 1,Adrian Vale,36,joint,1,0,11,1,0,0.0,0,0,0,0.0
Run 1,Adrian Vale,36,solo,0,0,401,0,0,0.482759,762,0,1,0.970588
Run 1,Adrian Vale,36,solo,0,0,415,1,0,1.0,762,1,0,1.0
Run 1,Adrian Vale,36,solo,0,0,540,0,0,0.067164,673,0,0,0.026316
Run 1,Adrian Vale,36,solo,0,0,341,0,0,0.0625,583,0,0,0.045455
Run 1,Adrian Vale,36,solo,0,0,310,0,0,0.1625,638,0,0,0.040323
Run 1,Adrian Vale,36,solo,0,0,397,0,0,0.494382,760,1,0,1.0
Run 1,Adrian Vale,36,solo,0,0,552,0,0,0.036232,597,0,0,0.018692
Run 1,Adrian Vale,36,solo,0,0,419,0,0,0.021429,633,0,0,0.063107
Run 1,Adrian Vale,36,solo,0,0,368,0,0,0.042735,579,0,0,0.087805
Run 1,Adrian Vale,36,solo,1,0,11,1,0,0.0,11,1,0,0.0
Run 1,Adrian Vale,36,solo,0,0,353,0,0,0.038462,569,0,0,0.038095
Run 1,Adrian Vale,36,solo,0,0,440,0,0,0.070707,713,0,0,0.035088
Run 1,Adrian Vale,36,solo,0,0,389,0,0,0.008333,550,0,0,0.054545
Run 1,Adrian Vale,37,solo,0,0,397,1,0,1.0,748,0,0,0.677852
Run 1,Adrian Vale,37,solo,0,0,319,0,0,0.040984,558,0,0,0.053922
Run 1,Adrian Vale,37,solo,0,0,406,0,0,0.051282,515,0,0,0.067633
Run 1,Adrian Vale,37,solo,0,0,363,0,0,0.225,600,0,0,0.027397
Run 1,Adrian Vale,37,joint,1,0,11,1,0,0.0,0,0,0,0.0
Run 1,Adrian Vale,37,solo,0,0,399,0,1,0.857143,750,0,1,0.971223
Run 1,Adrian Vale,37,solo,0,0,397,1,0,1.0,748,1,0,1.0
Run 1,Adrian Vale,37,solo,0,0,491,0,0,0.055556,533,0,0,0.035
Run 1,Adrian Vale,37,solo,0,0,408,0,0,0.052632,642,0,0,0.075
Run 1,Adrian Vale,37,solo,0,0,365,0,0,0.152941,783,0,0,0.0375
Run 1,Adrian Vale,37,solo,0,0,485,0,1,0.844156,651,0,0,0.595588
Run 1,Adrian Vale,37,solo,0,0,322,0,0,0.046875,553,0,0,0.025253
Run 1,Adrian Vale,37,solo,0,0,421,0,0,0.066667,686,0,0,0.091398
Run 1,Adrian Vale,37,solo,0,0,246,0,0,0.078947,745,0,0,0.024793
Run 1,Adrian Vale,37,solo,1,0,11,1,0,0.0,11,1,0,0.0
Run 1,Adrian Vale,37,solo,0,0,287,0,0,0.025424,601,0,0,0.045
Run 1,Adrian Vale,37,solo,0,0,335,0,0,0.014388,718,0,0,0.004587
Run 1,Adrian Vale,37,solo,0,0,333,0,0,0.0625,603,0,0,0.086538
Run 1,Adrian Vale,38,joint,0,0,294,0,0,0.035714,628,0,0,0.0
Run 1,Adrian Vale,38,solo,0,0,358,0,0,0.1375,832,0,0,0.568627
Run 1,Adrian Vale,38,solo,0,0,439,0,0,0.125,577,0,0,0.264901
Run 1,Adrian Vale,38,solo,0,0,415,0,0,0.056911,531,0,0,0.035897
Run 1,Adrian Vale,38,solo,0,0,490,0,0,0.067164,499,0,0,0.030303
Run 1,Adrian Vale,38,solo,0,0,588,0,0,0.058065,628,0,0,0.043478
Run 1,Adrian Vale,38,solo,0,0,414,0,0,0.540541,676,0,0,0.596026
Run 1,Adrian Vale,38,solo,0,0,355,0,0,0.043478,692,0,0,0.054299
Run 1,Adrian Vale,38,solo,0,0,320,0,0,0.091837,564,0,0,0.082524
Run 1,Adrian Vale,38,solo,0,0,495,0,0,0.035398,633,0,0,0.022831
Run 1,Adrian Vale,38,joint,1,0,11,1,0,0.0,0,0,0,0.0
Run 1,Adrian Vale,38,solo,0,0,471,0,0,0.515152,560,0,0,0.789474
Run 1,Adrian Vale,38,solo,0,0,471,1,0,1.0,832,1,0,1.0
Run 1,Adrian Vale,38,solo,0,0,365,0,0,0.132075,729,0,0,0.057143
Run 1,Adrian Vale,38,solo,0,0,406,0,0,0.098214,722,0,0,0.069565
Run 1,Adrian Vale,38,solo,0,0,504,0,0,0.07971,604,0,0,0.086957
Run 1,Adrian Vale,39,solo,0,0,427,0,0,0.21,754,0,0,0.75625
Run 1,Adrian Vale,39,solo,0,0,251,0,0,0.068966,510,0,0,0.028902
Run 1,Adrian Vale,39,solo,0,0,434,0,0,0.131868,691,0,0,0.054299
Run 1,Adrian Vale,39,solo,0,0,380,0,0,0.214286,1019,0,0,0.104869
Run 1,Adrian Vale,39,solo,0,0,364,0,0,0.560976,752,0,1,0.970588
Run 1,Adrian Vale,39,solo,0,0,371,0,0,0.067961,580,0,0,0.026201
Run 1,Adrian Vale,39,solo,0,0,494,0,0,0.168067,769,0,0,0.027668
Run 1,Adrian Vale,39,solo,0,0,493,0,0,0.089041,664,0,0,0.033493
Run 1,Adrian Vale,39,solo,0,0,381,0,0,0.717949,752,1,0,1.0
Run 1,Adrian Vale,39,solo,0,0,360,0,0,0.075188,573,0,0,0.015152
Run 1,Adrian Vale,39,solo,0,0,379,0,0,0.054545,600,0,0,0.030303
Run 1,Adrian Vale,39,solo,0,0,305,0,0,0.172414,590,0,0,0.06599
Run 1,Adrian Vale,39,solo,1,0,11,1,0,0.0,11,1,0,0.0
Run 1,Adrian Vale,39,solo,0,0,451,0,0,0.131579,615,0,0,0.072917
Run 1,Adrian Vale,39,solo,0,0,268,0,0,0.011364,540,0,0,0.031746
Run 1,Adrian Vale,39,solo,0,0,281,0,0,0.058824,654,0,0,0.043269
Run 1,Adrian Vale,39,joint,1,0,11,1,0,0.0,0,0,0,0.0
Run 1,Adrian Vale,39,solo,1,0,11,1,0,0.0,11,1,0,0.0
Run 1,Adrian Vale,40,solo,0,0,342,0,0,0.177083,744,0,0,0.654412
Run 1,Adrian Vale,40,solo,0,0,481,0,0,0.091743,646,0,0,0.034314
Run 1,Adrian Vale,40,solo,0,0,370,0,0,0.06087,710,0,0,0.063025
Run 1,Adrian Vale,40,solo,0,0,403,0,0,0.016949,649,0,0,0.08
Run 1,Adrian Vale,40,joint,1,0,11,1,0,0.0,0,0,0,0.0
Run 1,Adrian Vale,40,solo,0,0,451,0,0,0.284483,746,0,1,0.970149
Run 1,Adrian Vale,40,solo,0,0,353,0,0,0.703125,744,1,0,1.0
Run 1,Adrian Vale,40,solo,0,0,316,0,0,0.087379,696,0,0,0.040179
Run 1,Adrian Vale,40,solo,0,0,328,0,0,0.119266,523,0,0,0.065657
Run 1,Adrian Vale,40,solo,0,0,311,0,0,0.106383,556,0,0,0.078125
Run 1,Adrian Vale,40,solo,0,0,364,0,1,0.847458,744,1,0,1.0
Run 1,Adrian Vale,40,solo,0,0,372,0,0,0.070866,638,0,0,0.046729
Run 1,Adrian Vale,40,solo,0,0,393,0,0,0.092593,585,0,0,0.043269
Run 1,Adrian Vale,40,solo,0,0,442,0,0,0.085271,476,0,0,0.1
Run 1,Adrian Vale,40,joint,1,0,11,1,0,0.0,0,0,0,0.0
Run 1,Adrian Vale,40,solo,0,0,351,0,0,0.703125,746,1,0,1.0
Run 1,Adrian Vale,41,solo,0,0,349,0,1,0.847458,703,0,0,0.695312
Run 1,Adrian Vale,41,solo,0,0,304,0,0,0.035088,532,0,0,0.026596
Run 1,Adrian Vale,41,solo,0,0,296,0,0,0.117021,598,0,0,0.137363
Run 1,Adrian Vale,41,solo,0,0,305,0,0,0.182796,664,0,0,0.018018
Run 1,Adrian Vale,41,joint,0,0,403,0,0,0.0,632,0,0,0.004695
Run 1,Adrian Vale,41,solo,0,0,382,0,0,0.247312,476,1,0,1.0
Run 1,Adrian Vale,41,solo,0,0,380,0,0,0.268817,703,1,0,1.0
Run 1,Adrian Vale,41,solo,0,0,451,0,0,0.046875,646,0,0,0.03653
Run 1,Adrian Vale,41,solo,0,0,377,0,0,0.0625,566,0,0,0.060606
Run 1,Adrian Vale,41,solo,0,0,269,0,0,0.081395,634,0,0,0.026549
Run 1,Adrian Vale,41,solo,0,0,365,0,0,0.202128,511,0,0,0.032407
Run 1,Adrian Vale,41,solo,0,0,462,0,0,0.086093,623,0,0,0.078431
Run 1,Adrian Vale,41,solo,0,0,401,0,0,0.106061,551,0,0,0.043956
Run 1,Adrian Vale,41,solo,0,0,363,0,0,0.038835,653,0,0,0.023256
Run 1,Adrian Vale,41,solo,0,0,468,0,1,0.842105,703,1,0,1.0
Run 1,Adrian Vale,41,solo,0,0,382,0,0,0.05042,501,0,0,0.011976
Run 1,Adrian Vale,41,solo,0,0,501,0,0,0.069231,735,0,0,0.049774
Run 1,Adrian Vale,41,solo,0,0,340,0,0,0.119565,668,0,0,0.066351
Run 1,Adrian Vale,42,joint,0,0,406,0,0,0.0,449,0,0,0.046784
Run 1,Adrian Vale,42,solo,0,0,382,0,1,0.855072,514,0,1,0.978261
Run 1,Adrian Vale,42,solo,0,0,468,1,0,1.0,617,0,0,0.664179
Run 1,Adrian Vale,42,solo,0,0,386,0,0,0.073394,626,0,0,0.03211
Run 1,Adrian Vale,42,solo,0,0,456,0,0,0.052174,653,0,0,0.033493
Run 1,Adrian Vale,42,solo,0,0,457,0,0,0.081967,699,0,0,0.086364
Run 1,Adrian Vale,42,solo,0,0,271,0,0,0.204819,725,0,0,0.046414
Run 1,Adrian Vale,42,solo,0,0,469,0,0,0.069444,572,0,0,0.068063
Run 1,Adrian Vale,42,solo,0,0,491,0,0,0.070064,615,0,0,0.0553
Run 1,Adrian Vale,42,solo,0,0,280,0,0,0.06,628,0,0,0.024752
Run 1,Adrian Vale,42,solo,0,0,353,0,0,0.646154,602,0,1,0.809091
Run 1,Adrian Vale,42,solo,0,0,396,0,0,0.051282,520,0,0,0.035714
Run 1,Adrian Vale,42,solo,0,0,344,0,0,0.030303,707,0,0,0.052381
Run 1,Adrian Vale,42,solo,0,0,379,0,0,0.035714,589,0,0,0.050926
Run 1,Adrian Vale,42,solo,1,0,11,1,0,0.0,11,1,0,0.0
Run 1,Adrian Vale,42,solo,0,0,398,0,0,0.058333,628,0,0,0.019802
Run 1,Adrian Vale,42,solo,0,0,406,0,0,0.063636,697,0,0,0.052632
Run 1,Adrian Vale,42,solo,0,0,284,0,0,0.017241,668,0,0,0.028436
Run 1,Adrian Vale,43,solo,0,0,418,0,0,0.386364,671,0,0,0.206349
Run 1,Adrian Vale,43,solo,0,0,400,0,0,0.057377,569,0,0,0.074713
Run 1,Adrian Vale,43,solo,0,0,543,0,0,0.075188,668,0,0,0.04386
Run 1,Adrian Vale,43,solo,0,0,458,0,0,0.089552,572,0,0,0.039216
Run 1,Adrian Vale,43,solo,0,0,456,0,0,0.34,544,0,1,0.807692
Run 1,Adrian Vale,43,solo,0,0,332,0,0,0.06087,564,0,0,0.050562
Run 1,Adrian Vale,43,solo,0,0,429,0,0,0.069231,570,0,0,0.03
Run 1,Adrian Vale,43,solo,0,0,291,0,0,0.090909,663,0,0,0.034483
Run 1,Adrian Vale,43,solo,0,0,435,0,0,0.66,670,0,0,0.079646
Run 1,Adrian Vale,43,solo,0,0,420,0,0,0.053097,605,0,0,0.037559
Run 1,Adrian Vale,43,solo,0,0,386,0,0,0.077586,588,0,0,0.062147
Run 1,Adrian Vale,43,solo,0,0,399,0,0,0.041958,670,0,0,0.039024
Run 1,Adrian Vale,43,solo,1,0,11,1,0,0.0,11,1,0,0.0
Run 1,Adrian Vale,43,solo,0,0,428,0,0,0.070707,655,0,0,0.075676
Run 1,Adrian Vale,43,solo,0,0,507,0,0,0.04918,554,0,0,0.085227
Run 1,Adrian Vale,43,solo,0,0,396,0,0,0.032787,949,0,0,0.02214
Run 1,Adrian Vale,43,joint,1,0,11,1,0,0.0,0,0,0,0.0
Run 1,Adrian Vale,43,solo,1,0,11,1,0,0.0,11,1,0,0.0
Run 1,Adrian Vale,44,solo,0,0,364,0,0,0.027523,651,0,0,0.663934
Run 1,Adrian Vale,44,solo,0,0,393,0,0,0.062016,629,0,0,0.069444
Run 1,Adrian Vale,44,solo,0,0,553,0,0,0.08589,567,0,0,0.052023
Run 1,Adrian Vale,44,solo,0,0,351,0,0,0.106383,576,0,0,0.073529
Run 1,Adrian Vale,44,joint,1,0,11,1,0,0.0,0,0,0,0.0
Run 1,Adrian Vale,44,solo,0,0,366,0,0,0.209302,722,0,0,0.066079
Run 1,Adrian Vale,44,solo,0,0,397,0,0,0.402439,599,0,0,0.130841
Run 1,Adrian Vale,44,solo,0,0,330,0,0,0.100775,567,0,0,0.025381
Run 1,Adrian Vale,44,solo,0,0,345,0,0,0.036364,620,0,0,0.023256
Run 1,Adrian Vale,44,solo,0,0,471,0,0,0.034783,819,0,0,0.039474
Run 1,Adrian Vale,44,solo,0,0,452,0,1,0.835616,629,0,0,0.046875
Run 1,Adrian Vale,44,solo,0,0,376,0,0,0.084906,500,0,0,0.078313
Run 1,Adrian Vale,44,solo,0,0,323,0,0,0.104167,515,0,0,0.070588
Run 1,Adrian Vale,44,solo,0,0,341,0,0,0.018519,579,0,0,0.052885
Run 1,Adrian Vale,44,joint,1,0,11,1,0,0.0,0,0,0,0.0
Run 1,Adrian Vale,44,solo,0,0,454,0,1,0.871795,629,1,0,1.0
Run 1,Adrian Vale,45,solo,0,0,452,1,0,1.0,661,0,0,0.16
Run 1,Adrian Vale,45,solo,0,0,383,0,0,0.009709,639,0,0,0.072115
Run 1,Adrian Vale,45,solo,0,0,437,0,0,0.05,734,0,0,0.045662
Run 1,Adrian Vale,45,solo,0,0,317,0,0,0.056075,634,0,0,0.042553
Run 1,Adrian Vale,45,joint,1,0,11,1,0,0.0,0,0,0,0.0
Run 1,Adrian Vale,45,solo,0,0,454,1,0,1.0,673,0,0,0.551724
Run 1,Adrian Vale,45,solo,0,0,452,1,0,1.0,673,1,0,1.0
Run 1,Adrian Vale,45,solo,0,0,342,0,0,0.027523,663,0,0,0.038793
Run 1,Adrian Vale,45,solo,0,0,389,0,0,0.038095,562,0,0,0.056122
Run 1,Adrian Vale,45,solo,0,0,343,0,0,0.015267,603,0,0,0.012658
Run 1,Adrian Vale,45,solo,0,0,452,1,0,1.0,661,1,0,1.0
Run 1,Adrian Vale,45,solo,0,0,420,0,0,0.094828,659,0,0,0.061611
Run 1,Adrian Vale,45,solo,0,0,430,0,0,0.17757,673,0,0,0.030303
Run 1,Adrian Vale,45,solo,0,0,335,0,0,0.103774,659,0,0,0.050251
Run 1,Adrian Vale,45,joint,1,0,11,1,0,0.0,0,0,0,0.0
Run 1,Adrian Vale,45,solo,1,0,11,1,0,0.0,11,1,0,0.0
Run 1,Adrian Vale,46,joint,0,0,310,0,0,0.029703,524,0,0,0.0
Run 1,Adrian Vale,46,solo,0,0,454,1,0,1.0,634,0,0,0.421384
Run 1,Adrian Vale,46,joint,0,0,295,0,0,0.020408,449,0,0,0.033898
Run 1,Adrian Vale,46,solo,0,0,454,1,0,1.0,634,1,0,1.0
Run 1,Adrian Vale,46,solo,0,0,452,1,0,1.0,634,1,0,1.0
Run 1,Adrian Vale,46,solo,0,0,502,0,0,0.044248,694,0,0,0.050691
Run 1,Adrian Vale,46,solo,0,0,396,0,0,0.070866,582,0,0,0.07732
Run 1,Adrian Vale,46,solo,0,0,412,0,0,0.133929,667,0,0,0.064677
Run 1,Adrian Vale,46,joint,1,0,11,1,0,0.0,0,0,0,0.0
Run 1,Adrian Vale,46,solo,0,0,454,1,0,1.0,668,0,1,0.973684
Run 1,Adrian Vale,46,solo,0,0,452,1,0,1.0,668,1,0,1.0
Run 1,Adrian Vale,46,solo,0,0,434,0,0,0.088235,577,0,0,0.039823
Run 1,Adrian Vale,46,solo,0,0,393,0,0,0.083333,530,0,0,0.053191
Run 1,Adrian Vale,46,solo,0,0,425,0,0,0.057143,590,0,0,0.06701
Run 1,Adrian Vale,47,joint,0,0,587,0,0,0.045455,775,0,0,0.03
Run 1,Adrian Vale,47,solo,0,0,524,0,0,0.298246,612,0,0,0.606061
Run 1,Adrian Vale,47,solo,0,0,452,1,0,1.0,693,0,0,0.543624
Run 1,Adrian Vale,47,solo,0,0,448,0,0,0.020833,512,0,0,0.030151
Run 1,Adrian Vale,47,solo,0,0,426,0,0,0.068702,587,0,0,0.038251
Run 1,Adrian Vale,47,solo,0,0,585,0,0,0.082192,673,0,0,0.038793
Run 1,Adrian Vale,47,joint,1,0,11,1,0,0.0,0,0,0,0.0
Run 1,Adrian Vale,47,solo,0,0,604,0,0,0.241611,671,0,0,0.206522
Run 1,Adrian Vale,47,solo,0,0,452,1,0,1.0,693,1,0,1.0
Run 1,Adrian Vale,47,solo,0,0,329,0,0,0.078947,632,0,0,0.038647
Run 1,Adrian Vale,47,solo,0,0,460,0,0,0.057377,623,0,0,0.036036
Run 1,Adrian Vale,47,solo,0,0,399,0,0,0.076923,576,0,0,0.073864
Run 1,Adrian Vale,47,solo,0,0,448,0,1,0.846154,693,1,0,1.0
Run 1,Adrian Vale,47,solo,0,0,398,0,0,0.026087,664,0,0,0.022936
Run 1,Adrian Vale,47,solo,0,0,369,0,0,0.103774,597,0,0,0.056995
Run 1,Adrian Vale,47,solo,0,0,392,0,0,0.082569,674,0,0,0.061538
Run 1,Adrian Vale,48,joint,1,0,11,1,0,0.0,0,0,0,0.0
Run 1,Adrian Vale,48,solo,0,0,431,0,0,0.534653,556,0,0,0.737705
Run 1,Adrian Vale,48,solo,0,0,341,0,0,0.229167,630,0,0,0.337838
Run 1,Adrian Vale,48,solo,0,0,355,0,0,0.017699,648,0,0,0.058201
Run 1,Adrian Vale,48,solo,0,0,375,0,0,0.164948,768,0,0,0.033898
Run 1,Adrian Vale,48,solo,0,0,445,0,0,0.109589,521,0,0,0.065934
Run 1,Adrian Vale,48,solo,0,0,463,0,0,0.376238,556,1,0,1.0
Run 1,Adrian Vale,48,solo,0,0,339,0,0,0.018349,665,0,0,0.016393
Run 1,Adrian Vale,48,solo,0,0,407,0,0,0.105769,762,0,0,0.020408
Run 1,Adrian Vale,48,solo,0,0,402,0,0,0.075472,583,0,0,0.030973
Run 1,Adrian Vale,48,solo,0,0,461,0,0,0.448598,865,0,0,0.251256
Run 1,Adrian Vale,48,solo,0,0,433,0,0,0.062992,674,0,0,0.078603
Run 1,Adrian Vale,48,solo,0,0,387,0,0,0.109244,535,0,0,0.035533
Run 1,Adrian Vale,48,solo,0,0,431,0,0,0.111111,618,0,0,0.087912
Run 1,Adrian Vale,48,joint,1,0,11,1,0,0.0,0,0,0,0.0
Run 1,Adrian Vale,48,solo,1,0,11,1,0,0.0,11,1,0,0.0
Run 1,Adrian Vale,49,solo,0,0,414,0,0,0.47,868,0,0,0.512563
Run 1,Adrian Vale,49,solo,0,0,390,0,0,0.071429,698,0,0,0.017544
Run 1,Adrian Vale,49,solo,0,0,463,0,0,0.071429,644,0,0,0.070093
Run 1,Adrian Vale,49,solo,0,0,429,0,0,0.067797,608,0,0,0.014218
Run 1,Adrian Vale,49,solo,0,0,445,0,0,0.436893,745,0,0,0.246073
Run 1,Adrian Vale,49,solo,0,0,414,0,0,0.064,749,0,0,0.07767
Run 1,Adrian Vale,49,solo,0,0,310,0,0,0.078652,664,0,0,0.02439
Run 1,Adrian Vale,49,solo,0,0,405,0,0,0.086538,641,0,0,0.104712
Run 1,Adrian Vale,49,joint,1,0,11,1,0,0.0,0,0,0,0.0
Run 1,Adrian Vale,49,solo,0,0,420,0,0,0.55102,745,1,0,1.0
Run 1,Adrian Vale,49,solo,0,0,407,0,0,0.58427,745,1,0,1.0
Run 1,Adrian Vale,49,solo,0,0,351,0,0,0.0625,788,0,0,0.033613
Run 1,Adrian Vale,49,solo,0,0,338,0,0,0.072072,521,0,0,0.028708
Run 1,Adrian Vale,49,solo,0,0,460,0,0,0.06338,837,0,0,0.04661
Run 1,Adrian Vale,49,solo,1,0,320,0,0,0.140187,11,1,0,0.0
Run 1,Adrian Vale,49,solo,0,0,335,0,0,0.041667,593,0,0,0.037433
Run 1,Adrian Vale,49,solo,0,0,389,0,0,0.122807,733,0,0,0.038168
Run 1,Adrian Vale,49,solo,0,0,506,0,0,0.052632,584,0,0,0.089385
Run 1,Adrian Vale,50,solo,0,0,449,0,1,0.844156,673,0,0,0.428571
Run 1,Adrian Vale,50,solo,0,0,380,0,0,0.06087,584,0,0,0.075
Run 1,Adrian Vale,50,solo,0,0,431,0,0,0.050847,712,0,0,0.032558
Run 1,Adrian Vale,50,solo,0,0,338,0,0,0.06383,482,0,0,0.048649
Run 1,Adrian Vale,50,solo,0,0,449,1,0,1.0,673,1,0,1.0
Run 1,Adrian Vale,50,solo,0,0,410,0,0,0.072072,622,0,0,0.029915
Run 1,Adrian Vale,50,solo,0,0,412,0,0,0.084906,624,0,0,0.024038
Run 1,Adrian Vale,50,solo,0,0,433,0,0,0.095238,738,0,0,0.093596
Run 1,Adrian Vale,50,joint,1,0,11,1,0,0.0,0,0,0,0.0
Run 1,Adrian Vale,50,solo,0,0,389,0,0,0.740741,673,1,0,1.0
Run 1,Adrian Vale,50,solo,1,0,347,0,0,0.368421,11,1,0,0.0
Run 1,Adrian Vale,50,solo,0,0,367,0,0,0.070866,627,0,0,0.047368
Run 1,Adrian Vale,50,solo,0,0,443,0,0,0.097561,640,0,0,0.063559
Run 1,Adrian Vale,50,solo,0,0,1362,0,0,0.017986,647,0,0,0.029412
Run 1,Adrian Vale,50,joint,1,0,11,1,0,0.0,0,0,0,0.0
Run 1,Adrian Vale,50,solo,1,0,11,1,0,0.0,11,1,0,0.0
Run 1,Adrian Vale,51,solo,0,0,516,0,0,0.485714,753,0,0,0.482759
Run 1,Adrian Vale,51,solo,0,0,306,0,0,0.082474,532,0,0,0.038835
Run 1,Adrian Vale,51,solo,0,0,478,0,0,0.064748,625,0,0,0.050228
Run 1,Adrian Vale,51,solo,0,0,508,0,0,0.023077,701,0,0,0.054299
Run 1,Adrian Vale,51,solo,0,0,385,0,1,0.873239,753,1,0,1.0
Run 1,Adrian Vale,51,solo,0,0,564,0,0,0.054422,519,0,0,0.066667
Run 1,Adrian Vale,51,solo,0,0,272,0,0,0.074468,687,0,0,0.046948
Run 1,Adrian Vale,51,solo,0,0,257,0,0,0.078431,593,0,0,0.026042
Run 1,Adrian Vale,51,solo,0,0,389,0,0,0.252525,634,0,0,0.085308
Run 1,Adrian Vale,51,solo,0,0,389,0,0,0.07563,782,0,0,0.066372
Run 1,Adrian Vale,51,solo,0,0,480,0,0,0.03937,831,0,0,0.035433
Run 1,Adrian Vale,51,solo,0,0,225,0,0,0.117647,659,0,0,0.028926
Run 1,Adrian Vale,51,joint,1,0,11,1,0,0.0,0,0,0,0.0
Run 1,Adrian Vale,51,solo,0,0,389,1,0,1.0,753,1,0,1.0
Run 1,Adrian Vale,51,solo,1,0,408,0,0,0.586207,11,1,0,0.0
Run 1,Adrian Vale,51,solo,0,0,333,0,0,0.150442,584,0,0,0.107345
Run 1,Adrian Vale,51,solo,0,0,612,0,0,0.062069,619,0,0,0.040404
Run 1,Adrian Vale,51,solo,0,0,624,0,0,0.041916,722,0,0,0.061611
Run 1,Adrian Vale,52,solo,0,0,411,0,0,0.769231,619,0,0,0.552795
Run 1,Adrian Vale,52,solo,0,0,473,0,0,0.026846,577,0,0,0.009901
Run 1,Adrian Vale,52,solo,0,0,451,0,0,0.042735,676,0,0,0.04878
Run 1,Adrian Vale,52,solo,0,0,427,0,0,0.076336,679,0,0,0.029787
Run 1,Adrian Vale,52,joint,1,0,11,1,0,0.0,0,0,0,0.0
Run 1,Adrian Vale,52,solo,0,0,411,1,0,1.0,610,0,1,0.890756
Run 1,Adrian Vale,52,solo,0,0,411,1,0,1.0,619,1,0,1.0
Run 1,Adrian Vale,52,solo,0,0,388,0,0,0.084746,801,0,0,0.057377
Run 1,Adrian Vale,52,solo,0,0,552,0,0,0.019355,576,0,0,0.023474
Run 1,Adrian Vale,52,solo,0,0,412,0,0,0.1,550,0,0,0.064815
Run 1,Adrian Vale,52,solo,0,0,409,0,1,0.945205,619,1,0,1.0
Run 1,Adrian Vale,52,solo,0,0,391,0,0,0.070796,787,0,0,0.026201
Run 1,Adrian Vale,52,solo,0,0,475,0,0,0.135338,701,0,0,0.032787
Run 1,Adrian Vale,52,solo,0,0,424,0,0,0.114504,585,0,0,0.045455
Run 1,Adrian Vale,52,solo,1,0,11,1,0,0.0,11,1,0,0.0
Run 1,Adrian Vale,52,solo,0,0,422,0,0,0.04918,719,0,0,0.043668
Run 1,Adrian Vale,52,solo,0,0,470,0,0,0.047619,702,0,0,0.069565
Run 1,Adrian Vale,52,solo,0,0,484,0,0,0.064748,565,0,0,0.043243
Run 1,Alaric Voss,1,solo,0,0,438,0,0,0.0,627,0,0,0.0
Run 1,Alaric Voss,1,solo,0,0,283,0,0,0.0,625,0,0,0.0
Run 1,Alaric Voss,1,solo,0,0,302,0,0,0.017544,557,0,0,0.0
Run 1,Alaric Voss,1,solo,0,0,473,0,0,0.007874,692,0,0,0.018519
Run 1,Alaric Voss,1,solo,0,0,324,0,0,0.75,608,0,0,0.036199
Run 1,Alaric Voss,1,solo,0,0,295,0,0,0.101124,704,0,0,0.017021
Run 1,Alaric Voss,1,solo,0,0,342,0,0,0.029703,571,0,0,0.014085
Run 1,Alaric Voss,1,solo,0,0,360,0,0,0.0,554,0,0,0.004608
Run 1,Alaric Voss,1,joint,0,0,454,0,0,0.0,506,0,0,0.0
Run 1,Alaric Voss,1,solo,0,0,435,0,0,0.006098,687,0,0,0.004082
Run 1,Alaric Voss,1,solo,0,0,438,1,0,1.0,606,0,1,0.892562
Run 1,Alaric Voss,1,solo,0,0,295,0,0,0.043956,741,0,0,0.027149
Run 1,Alaric Voss,1,solo,0,0,414,0,0,0.028571,589,0,0,0.020408
Run 1,Alaric Voss,1,solo,0,0,361,0,0,0.017857,554,0,0,0.010309
Run 1,Alaric Voss,1,joint,0,0,414,0,0,0.0,520,0,0,0.064706
Run 1,Alaric Voss,1,solo,0,0,413,0,0,0.061947,529,0,0,0.029126
Run 1,Alaric Voss,2,solo,0,0,438,1,0,1.0,607,0,0,0.03913
Run 1,Alaric Voss,2,solo,0,0,341,0,0,0.115385,710,0,0,0.049327
Run 1,Alaric Voss,2,solo,0,0,356,0,0,0.09,655,0,0,0.055556
Run 1,Alaric Voss,2,solo,0,0,432,0,0,0.014599,595,0,0,0.015707
Run 1,Alaric Voss,2,joint,0,0,412,0,0,0.0,638,0,0,0.091398
Run 1,Alaric Voss,2,solo,0,0,413,1,0,1.0,601,0,0,0.068807
Run 1,Alaric Voss,2,solo,0,0,438,1,0,1.0,581,0,0,0.789474
Run 1,Alaric Voss,2,solo,0,0,334,0,0,0.008403,551,0,0,0.010929
Run 1,Alaric Voss,2,solo,0,0,415,0,0,0.034188,646,0,0,0.030043
Run 1,Alaric Voss,2,solo,0,0,385,0,0,0.007812,568,0,0,0.016216
Run 1,Alaric Voss,2,joint,1,0,11,0,0,0.0,0,0,0,0.0
Run 1,Alaric Voss,2,solo,0,0,413,1,0,1.0,604,0,1,0.964286
Run 1,Alaric Voss,2,solo,0,0,525,0,0,0.703297,602,0,1,0.964286
Run 1,Alaric Voss,2,solo,0,0,336,0,0,0.029412,541,0,0,0.028846
Run 1,Alaric Voss,2,solo,0,0,299,0,0,0.046296,660,0,0,0.034043
Run 1,Alaric Voss,2,solo,0,0,315,0,0,0.0,624,0,0,0.009479
Run 1,Alaric Voss,3,joint,0,0,350,0,0,0.0,548,0,0,0.021978
Run 1,Alaric Voss,3,solo,0,0,527,0,1,0.89011,577,0,0,0.760331
Run 1,Alaric Voss,3,solo,0,0,495,0,1,0.94186,781,0,0,0.478261
Run 1,Alaric Voss,3,solo,0,0,338,0,0,0.054348,568,0,0,0.039024
Run 1,Alaric Voss,3,solo,0,0,432,0,0,0.054545,509,0,0,0.02551
Run 1,Alaric Voss,3,solo,0,0,444,0,0,0.024194,589,0,0,0.023697
Run 1,Alaric Voss,3,joint,1,0,11,1,0,0.0,0,0,0,0.0
Run 1,Alaric Voss,3,solo,0,0,406,0,0,0.100719,594,0,1,0.833333
Run 1,Alaric Voss,3,solo,0,0,495,1,0,1.0,575,0,1,0.961905
Run 1,Alaric Voss,3,solo,0,0,361,0,0,0.075472,507,0,0,0.027473
Run 1,Alaric Voss,3,solo,0,0,434,0,0,0.072072,565,0,0,0.020942
Run 1,Alaric Voss,3,solo,0,0,337,0,0,0.023622,590,0,0,0.019512
Run 1,Alaric Voss,3,solo,0,0,404,0,1,0.861111,589,1,0,1.0
Run 1,Alaric Voss,3,solo,0,0,536,0,0,0.027397,790,0,0,0.024
Run 1,Alaric Voss,3,solo,0,0,419,0,0,0.033058,533,0,0,0.041885
Run 1,Alaric Voss,3,solo,0,0,238,0,0,0.066038,583,0,0,0.027473
Run 1,Alaric Voss,4,joint,0,0,484,0,0,0.007634,584,0,0,0.296552
Run 1,Alaric Voss,4,solo,0,0,406,1,0,1.0,694,0,0,0.625899
Run 1,Alaric Voss,4,solo,0,0,404,1,0,1.0,694,1,0,1.0
Run 1,Alaric Voss,4,solo,0,0,399,0,0,0.017544,638,0,0,0.00495
Run 1,Alaric Voss,4,solo,0,0,419,0,0,0.030075,580,0,0,0.057971
Run 1,Alaric Voss,4,solo,0,0,411,0,0,0.021739,624,0,0,0.019048
Run 1,Alaric Voss,4,joint,0,0,318,0,0,0.0,580,0,1,0.918367
Run 1,Alaric Voss,4,solo,0,0,406,1,0,1.0,694,1,0,1.0
Run 1,Alaric Voss,4,solo,0,0,404,1,0,1.0,694,1,0,1.0
Run 1,Alaric Voss,4,solo,0,0,568,0,0,0.013605,580,0,0,0.033333
Run 1,Alaric Voss,4,solo,0,0,398,0,0,0.057971,572,0,0,0.060606
Run 1,Alaric Voss,4,solo,0,0,309,0,0,0.025,642,0,0,0.02765
Run 1,Alaric Voss,4,solo,0,0,404,1,0,1.0,694,1,0,1.0
Run 1,Alaric Voss,4,solo,0,0,342,0,0,0.050847,653,0,0,0.020161
Run 1,Alaric Voss,4,solo,0,0,543,0,0,0.110236,619,0,0,0.025381
Run 1,Alaric Voss,4,solo,0,0,289,0,0,0.053571,569,0,0,0.015957
Run 1,Alaric Voss,5,solo,0,0,396,0,1,0.808219,707,0,0,0.635036
Run 1,Alaric Voss,5,solo,0,0,427,0,0,0.034188,547,0,0,0.026738
Run 1,Alaric Voss,5,solo,0,0,409,0,0,0.041322,606,0,0,0.039604
Run 1,Alaric Voss,5,solo,0,0,421,0,0,0.028571,680,0,0,0.021008
Run 1,Alaric Voss,5,joint,0,0,415,0,0,0.0,550,0,0,0.024752
Run 1,Alaric Voss,5,solo,0,0,400,0,1,0.857143,707,1,0,1.0
Run 1,Alaric Voss,5,solo,0,0,396,1,0,1.0,634,0,0,0.040724
Run 1,Alaric Voss,5,solo,0,0,491,0,0,0.058824,656,0,0,0.027273
Run 1,Alaric Voss,5,solo,0,0,431,0,0,0.115385,603,0,0,0.033019
Run 1,Alaric Voss,5,solo,0,0,403,0,0,0.035971,730,0,0,0.038647
Run 1,Alaric Voss,5,joint,1,0,11,1,0,0.0,0,0,0,0.0
Run 1,Alaric Voss,5,solo,0,0,398,1,0,1.0,634,1,0,1.0
Run 1,Alaric Voss,5,solo,0,0,396,1,0,1.0,634,1,0,1.0
Run 1,Alaric Voss,5,solo,0,0,390,0,0,0.019868,564,0,0,0.041096
Run 1,Alaric Voss,5,solo,0,0,440,0,0,0.125984,599,0,0,0.062802
Run 1,Alaric Voss,5,solo,0,0,467,0,0,0.020408,767,0,0,0.02834
Run 1,Alaric Voss,6,joint,1,0,11,1,0,0.0,0,0,0,0.0
Run 1,Alaric Voss,6,solo,0,0,398,1,0,1.0,634,0,0,0.708955
Run 1,Alaric Voss,6,solo,0,0,396,1,0,1.0,634,1,0,1.0
Run 1,Alaric Voss,6,solo,0,0,338,0,0,0.05,600,0,0,0.075377
Run 1,Alaric Voss,6,solo,0,0,480,0,0,0.073529,676,0,0,0.023474
Run 1,Alaric Voss,6,solo,0,0,359,0,0,0.032258,621,0,0,0.028846
Run 1,Alaric Voss,6,joint,1,0,11,1,0,0.0,0,0,0,0.0
Run 1,Alaric Voss,6,solo,0,0,397,0,1,0.884058,634,1,0,1.0
Run 1,Alaric Voss,6,solo,0,0,396,1,0,1.0,634,1,0,1.0
Run 1,Alaric Voss,6,solo,0,0,426,0,0,0.030303,725,0,0,0.025641
Run 1,Alaric Voss,6,solo,0,0,390,0,0,0.09375,540,0,0,0.0199
Run 1,Alaric Voss,6,solo,0,0,417,0,0,0.022727,712,0,0,0.047619
Run 1,Alaric Voss,6,solo,0,0,396,1,0,1.0,634,1,0,1.0
Run 1,Alaric Voss,6,solo,0,0,356,0,0,0.036364,592,0,0,0.044693
Run 1,Alaric Voss,6,solo,0,0,445,0,0,0.031008,618,0,0,0.061856
Run 1,Alaric Voss,6,solo,0,0,388,0,0,0.040323,601,0,0,0.053922
Run 1,Alaric Voss,7,solo,0,0,398,1,0,1.0,630,0,0,0.686567
Run 1,Alaric Voss,7,solo,0,0,373,0,0,0.055556,631,0,0,0.051546
Run 1,Alaric Voss,7,solo,0,0,445,0,0,0.088235,627,0,0,0.046875
Run 1,Alaric Voss,7,solo,0,0,312,0,0,0.247423,743,0,0,0.0553
Run 1,Alaric Voss,7,joint,1,0,11,1,0,0.0,0,0,0,0.0
Run 1,Alaric Voss,7,solo,0,0,400,1,0,1.0,730,0,1,0.875
Run 1,Alaric Voss,7,solo,0,0,398,1,0,1.0,730,1,0,1.0
Run 1,Alaric Voss,7,solo,0,0,466,0,0,0.050725,601,0,0,0.055838
Run 1,Alaric Voss,7,solo,0,0,438,0,0,0.05036,615,0,0,0.015707
Run 1,Alaric Voss,7,solo,0,0,359,0,0,0.048,608,0,0,0.044776
Run 1,Alaric Voss,7,joint,1,0,11,1,0,0.0,0,0,0,0.0
Run 1,Alaric Voss,7,solo,0,0,400,1,0,1.0,730,1,0,1.0
Run 1,Alaric Voss,7,solo,0,0,398,1,0,1.0,734,0,1,0.924812
Run 1,Alaric Voss,7,solo,0,0,382,0,0,0.074766,604,0,0,0.029703
Run 1,Alaric Voss,7,solo,0,0,365,0,0,0.134615,752,0,0,0.026201
Run 1,Alaric Voss,7,solo,0,0,380,0,0,0.059322,729,0,0,0.030303
Run 1,Alaric Voss,8,joint,1,0,11,1,0,0.0,0,0,0,0.0
Run 1,Alaric Voss,8,solo,0,0,522,0,0,0.648936,666,0,0,0.572368
Run 1,Alaric Voss,8,solo,0,0,357,0,0,0.592593,663,0,1,0.968504
Run 1,Alaric Voss,8,solo,0,0,582,0,0,0.046784,933,0,0,0.058824
Run 1,Alaric Voss,8,solo,0,0,445,0,0,0.098485,698,0,0,0.051402
Run 1,Alaric Voss,8,solo,0,0,399,0,0,0.037037,782,0,0,0.035294
Run 1,Alaric Voss,8,solo,0,0,520,0,1,0.894737,663,1,0,1.0
Run 1,Alaric Voss,8,solo,0,0,400,0,0,0.078431,486,0,0,0.014423
Run 1,Alaric Voss,8,solo,0,0,457,0,0,0.07563,603,0,0,0.020833
Run 1,Alaric Voss,8,solo,0,0,315,0,0,0.019608,777,0,0,0.021645
Run 1,Alaric Voss,8,solo,0,0,409,0,1,0.811111,664,0,1,0.968504
Run 1,Alaric Voss,8,solo,0,0,512,0,0,0.006849,603,0,0,0.040909
Run 1,Alaric Voss,8,solo,0,0,293,0,0,0.061856,677,0,0,0.030837
Run 1,Alaric Voss,8,solo,0,0,400,0,0,0.05303,635,0,0,0.040816
Run 1,Alaric Voss,8,solo,0,0,520,1,0,1.0,664,1,0,1.0
Run 1,Alaric Voss,8,solo,0,0,275,0,0,0.027273,582,0,0,0.02551
Run 1,Alaric Voss,8,solo,0,0,514,0,0,0.05298,654,0,0,0.027907
Run 1,Alaric Voss,8,solo,0,0,380,0,0,0.047244,514,0,0,0.046243
Run 1,Alaric Voss,9,joint,1,0,11,1,0,0.0,0,0,0,0.0
Run 1,Alaric Voss,9,solo,0,0,411,0,1,0.871795,593,0,0,0.626761
Run 1,Alaric Voss,9,solo,0,0,409,1,0,1.0,591,0,1,0.962963
Run 1,Alaric Voss,9,solo,0,0,375,0,0,0.084906,570,0,0,0.032609
Run 1,Alaric Voss,9,solo,0,0,388,0,0,0.07,526,0,0,0.024752
Run 1,Alaric Voss,9,solo,0,0,257,0,0,0.068966,459,0,0,0.078947
Run 1,Alaric Voss,9,joint,1,0,11,1,0,0.0,0,0,0,0.0
Run 1,Alaric Voss,9,solo,0,0,411,1,0,1.0,593,1,0,1.0
Run 1,Alaric Voss,9,solo,0,0,409,1,0,1.0,591,1,0,1.0
Run 1,Alaric Voss,9,solo,0,0,322,0,0,0.054688,609,0,0,0.020101
Run 1,Alaric Voss,9,solo,0,0,331,0,0,0.066116,615,0,0,0.051163
Run 1,Alaric Voss,9,solo,0,0,341,0,0,0.076271,501,0,0,0.037634
Run 1,Alaric Voss,9,solo,0,0,409,1,0,1.0,591,1,0,1.0
Run 1,Alaric Voss,9,solo,0,0,517,0,0,0.029197,621,0,0,0.032086
Run 1,Alaric Voss,9,solo,0,0,419,0,0,0.103448,607,0,0,0.038043
Run 1,Alaric Voss,9,solo,0,0,539,0,0,0.057554,650,0,0,0.036697
Run 1,Alaric Voss,10,joint,0,0,306,0,0,0.0,569,0,0,0.015385
Run 1,Alaric Voss,10,solo,0,0,411,1,0,1.0,594,0,0,0.040936
Run 1,Alaric Voss,10,solo,0,0,409,1,0,1.0,629,0,0,0.676923
Run 1,Alaric Voss,10,solo,0,0,375,0,0,0.035461,671,0,0,0.050251
Run 1,Alaric Voss,10,solo,0,0,330,0,0,0.153153,677,0,0,0.04717
Run 1,Alaric Voss,10,solo,0,0,423,0,0,0.031008,748,0,0,0.04955
Run 1,Alaric Voss,10,joint,1,0,11,1,0,0.0,0,0,0,0.0
Run 1,Alaric Voss,10,solo,0,0,411,1,0,1.0,666,0,0,0.061611
Run 1,Alaric Voss,10,solo,0,0,409,1,0,1.0,525,0,0,0.263158
Run 1,Alaric Voss,10,solo,0,0,340,0,0,0.03876,498,0,0,0.065868
Run 1,Alaric Voss,10,solo,0,0,456,0,0,0.144,720,0,0,0.043689
Run 1,Alaric Voss,10,solo,0,0,281,0,0,0.181818,645,0,0,0.031088
Run 1,Alaric Voss,10,solo,0,0,409,1,0,1.0,629,1,0,1.0
Run 1,Alaric Voss,10,solo,0,0,352,0,0,0.086538,531,0,0,0.043011
Run 1,Alaric Voss,10,solo,0,0,287,0,0,0.09434,540,0,0,0.0625
Run 1,Alaric Voss,10,solo,0,0,371,0,0,0.034188,536,0,0,0.068421
Run 1,Alaric Voss,11,solo,0,0,465,0,0,0.47619,640,0,1,0.85124
Run 1,Alaric Voss,11,solo,0,0,427,0,0,0.052632,657,0,0,0.035398
Run 1,Alaric Voss,11,solo,0,0,386,0,0,0.112,553,0,0,0.026738
Run 1,Alaric Voss,11,solo,0,0,366,0,0,0.059322,484,0,0,0.034826
Run 1,Alaric Voss,11,joint,1,0,11,1,0,0.0,0,0,0,0.0
Run 1,Alaric Voss,11,solo,0,0,499,0,1,0.820225,585,0,0,0.572414
Run 1,Alaric Voss,11,solo,0,0,379,0,0,0.210084,585,1,0,1.0
Run 1,Alaric Voss,11,solo,0,0,465,0,0,0.036232,681,0,0,0.018265
Run 1,Alaric Voss,11,solo,0,0,365,0,0,0.08046,510,0,0,0.063953
Run 1,Alaric Voss,11,solo,0,0,330,0,0,0.018692,688,0,0,0.035714
Run 1,Alaric Voss,11,solo,0,0,497,0,1,0.893617,464,0,0,0.236842
Run 1,Alaric Voss,11,solo,0,0,240,0,0,0.037037,702,0,0,0.042373
Run 1,Alaric Voss,11,solo,0,0,368,0,0,0.018018,634,0,0,0.031674
Run 1,Alaric Voss,11,solo,0,0,429,0,0,0.042553,510,0,0,0.038462
Run 1,Alaric Voss,11,solo,0,0,497,1,0,1.0,464,1,0,1.0
Run 1,Alaric Voss,11,solo,0,0,397,0,0,0.028571,690,0,0,0.035
Run 1,Alaric Voss,11,solo,0,0,385,0,0,0.049505,658,0,0,0.03653
Run 1,Alaric Voss,11,solo,0,0,400,0,0,0.031746,561,0,0,0.016949
Run 1,Alaric Voss,12,solo,0,0,409,1,0,1.0,464,1,0,1.0
Run 1,Alaric Voss,12,solo,0,0,451,0,0,0.081301,552,0,0,0.053892
Run 1,Alaric Voss,12,solo,0,0,372,0,0,0.087379,646,0,0,0.051163
Run 1,Alaric Voss,12,solo,0,0,371,0,0,0.03252,776,0,0,0.017699
Run 1,Alaric Voss,12,joint,1,0,11,1,0,0.0,0,0,0,0.0
Run 1,Alaric Voss,12,solo,0,0,505,0,1,0.864583,598,0,0,0.761468
Run 1,Alaric Voss,12,joint,1,0,11,1,0,0.0,0,0,0,0.0
Run 1,Alaric Voss,12,solo,0,0,505,1,0,1.0,619,0,1,0.871795
Run 1,Alaric Voss,12,solo,0,0,316,0,0,0.071429,598,1,0,1.0
Run 1,Alaric Voss,12,solo,0,0,497,0,0,0.056818,613,0,0,0.019608
Run 1,Alaric Voss,12,solo,0,0,347,0,0,0.169811,513,0,0,0.034146
Run 1,Alaric Voss,12,solo,0,0,470,0,0,0.083333,651,0,0,0.041026
Run 1,Alaric Voss,12,solo,1,0,409,1,0,1.0,11,0,0,0.0
Run 1,Alaric Voss,12,solo,0,0,371,0,0,0.035088,547,0,0,0.046875
Run 1,Alaric Voss,12,solo,0,0,249,0,0,0.044944,577,0,0,0.011236
Run 1,Alaric Voss,12,solo,0,0,374,0,0,0.169643,731,0,0,0.035294
Run 1,Alaric Voss,13,solo,0,0,409,1,0,1.0,733,0,0,0.690141
Run 1,Alaric Voss,13,solo,0,0,324,0,0,0.033708,706,0,0,0.033019
Run 1,Alaric Voss,13,solo,0,0,371,0,0,0.078431,543,0,0,0.068421
Run 1,Alaric Voss,13,solo,0,0,357,0,0,0.035398,631,0,0,0.052885
Run 1,Alaric Voss,13,joint,0,0,495,0,0,0.0,571,0,0,0.0
Run 1,Alaric Voss,13,solo,0,0,411,1,0,1.0,715,0,1,0.925373
Run 1,Alaric Voss,13,solo,0,0,380,0,0,0.604167,733,1,0,1.0
Run 1,Alaric Voss,13,solo,0,0,422,0,0,0.1,591,0,0,0.056818
Run 1,Alaric Voss,13,solo,0,0,477,0,0,0.026846,694,0,0,0.030435
Run 1,Alaric Voss,13,solo,0,0,366,0,0,0.03125,523,0,0,0.06044
Run 1,Alaric Voss,13,joint,1,0,11,1,0,0.0,0,0,0,0.0
Run 1,Alaric Voss,13,solo,0,0,364,0,0,0.638554,526,0,0,0.153846
Run 1,Alaric Voss,13,solo,0,0,409,1,0,1.0,624,0,1,0.917355
Run 1,Alaric Voss,13,solo,0,0,326,0,0,0.044643,529,0,0,0.035088
Run 1,Alaric Voss,13,solo,0,0,415,0,0,0.066667,492,0,0,0.034653
Run 1,Alaric Voss,13,solo,0,0,432,0,0,0.044586,572,0,0,0.023923
Run 1,Alaric Voss,14,solo,0,0,409,1,0,1.0,579,0,0,0.717557
Run 1,Alaric Voss,14,solo,0,0,382,0,0,0.04065,743,0,0,0.104072
Run 1,Alaric Voss,14,solo,0,0,285,0,0,0.036364,707,0,0,0.034483
Run 1,Alaric Voss,14,solo,0,0,301,0,0,0.044643,551,0,0,0.053571
Run 1,Alaric Voss,14,solo,0,0,450,0,1,0.924051,581,0,1,0.963964
Run 1,Alaric Voss,14,solo,0,0,292,0,0,0.038835,460,0,0,0.026178
Run 1,Alaric Voss,14,solo,0,0,353,0,0,0.078431,587,0,0,0.044248
Run 1,Alaric Voss,14,solo,0,0,221,0,0,0.051948,633,0,0,0.046875
Run 1,Alaric Voss,14,solo,0,0,409,1,0,1.0,689,0,1,0.816794
Run 1,Alaric Voss,14,solo,0,0,361,0,0,0.070175,660,0,0,0.053763
Run 1,Alaric Voss,14,solo,0,0,395,0,0,0.114754,607,0,0,0.057895
Run 1,Alaric Voss,14,solo,0,0,401,0,0,0.071429,535,0,0,0.022727
Run 1,Alaric Voss,14,solo,1,0,409,1,0,1.0,11,1,0,0.0
Run 1,Alaric Voss,14,solo,0,0,385,0,0,0.115385,506,0,0,0.037037
Run 1,Alaric Voss,14,solo,0,0,360,0,0,0.122642,616,0,0,0.055556
Run 1,Alaric Voss,14,solo,0,0,332,0,0,0.056075,566,0,0,0.04
Run 1,Alaric Voss,14,solo,1,0,11,0,0,0.0,11,1,0,0.0
Run 1,Alaric Voss,14,solo,0,0,467,0,0,0.035714,598,0,0,0.036866
Run 1,Alaric Voss,14,solo,0,0,398,0,0,0.022059,537,0,0,0.038043
Run 1,Alaric Voss,14,solo,0,0,403,0,0,0.058333,570,0,0,0.053191
Run 1,Alaric Voss,15,solo,0,0,358,0,0,0.565217,619,0,0,0.736434
Run 1,Alaric Voss,15,solo,0,0,396,0,0,0.030075,637,0,0,0.015789
Run 1,Alaric Voss,15,solo,0,0,282,0,0,0.157303,545,0,0,0.050279
Run 1,Alaric Voss,15,solo,0,0,231,0,0,0.028846,528,0,0,0.02551
Run 1,Alaric Voss,15,solo,0,0,410,0,0,0.759036,619,1,0,1.0
Run 1,Alaric Voss,15,solo,0,0,461,0,0,0.04878,636,0,0,0.055556
Run 1,Alaric Voss,15,solo,0,0,421,0,0,0.031496,506,0,0,0.026178
Run 1,Alaric Voss,15,solo,0,0,308,0,0,0.07619,585,0,0,0.022422
Run 1,Alaric Voss,15,solo,0,0,358,1,0,1.0,719,0,1,0.877863
Run 1,Alaric Voss,15,solo,0,0,242,0,0,0.065217,525,0,0,0.038889
Run 1,Alaric Voss,15,solo,0,0,358,0,0,0.095238,572,0,0,0.090909
Run 1,Alaric Voss,15,solo,0,0,416,0,0,0.010101,882,0,0,0.018657
Run 1,Alaric Voss,15,joint,1,0,11,1,0,0.0,0,0,0,0.0
Run 1,Alaric Voss,15,solo,0,0,453,0,1,0.809524,721,0,1,0.969925
Run 1,Alaric Voss,15,solo,1,0,410,1,0,1.0,11,1,0,0.0
Run 1,Alaric Voss,15,solo,0,0,565,0,0,0.072368,662,0,0,0.059113
Run 1,Alaric Voss,15,solo,0,0,346,0,0,0.193548,526,0,0,0.060302
Run 1,Alaric Voss,15,solo,0,0,398,0,0,0.04878,672,0,0,0.029703
Run 1,Alaric Voss,16,joint,1,0,11,1,0,0.0,0,0,0,0.0
Run 1,Alaric Voss,16,solo,0,0,360,0,1,0.850746,867,0,0,0.53125
Run 1,Alaric Voss,16,solo,0,0,358,1,0,1.0,865,0,1,0.975758
Run 1,Alaric Voss,16,solo,0,0,568,0,0,0.037267,574,0,0,0.053476
Run 1,Alaric Voss,16,solo,0,0,324,0,0,0.144444,550,0,0,0.049451
Run 1,Alaric Voss,16,solo,0,0,382,0,0,0.065217,662,0,0,0.025126
Run 1,Alaric Voss,16,joint,1,0,11,1,0,0.0,0,0,0,0.0
Run 1,Alaric Voss,16,solo,0,0,360,1,0,1.0,867,1,0,1.0
Run 1,Alaric Voss,16,solo,0,0,358,1,0,1.0,865,1,0,1.0
Run 1,Alaric Voss,16,solo,0,0,447,0,0,0.040268,599,0,0,0.05
Run 1,Alaric Voss,16,solo,0,0,481,0,0,0.060606,432,0,0,0.037736
Run 1,Alaric Voss,16,solo,0,0,382,0,0,0.084507,565,0,0,0.024752
Run 1,Alaric Voss,16,solo,0,0,358,1,0,1.0,865,1,0,1.0
Run 1,Alaric Voss,16,solo,0,0,309,0,0,0.023256,476,0,0,0.028249
Run 1,Alaric Voss,16,solo,0,0,370,0,0,0.059322,640,0,0,0.065
Run 1,Alaric Voss,16,solo,0,0,387,0,0,0.02459,635,0,0,0.054054
Run 1,Alaric Voss,17,solo,0,0,358,1,0,1.0,638,0,0,0.676471
Run 1,Alaric Voss,17,solo,0,0,351,0,0,0.010989,673,0,0,0.029126
Run 1,Alaric Voss,17,solo,0,0,431,0,0,0.096,558,0,0,0.061798
Run 1,Alaric Voss,17,solo,0,0,296,0,0,0.047619,662,0,0,0.056075
Run 1,Alaric Voss,17,solo,0,0,358,1,0,1.0,708,0,0,0.455128
Run 1,Alaric Voss,17,solo,0,0,257,0,0,0.119048,574,0,0,0.041667
Run 1,Alaric Voss,17,solo,0,0,356,0,0,0.122222,437,0,0,0.006098
Run 1,Alaric Voss,17,solo,0,0,274,0,0,0.063158,515,0,0,0.042105
Run 1,Alaric Voss,17,joint,1,0,11,1,0,0.0,0,0,0,0.0
Run 1,Alaric Voss,17,solo,0,0,360,1,0,1.0,710,0,1,0.966942
Run 1,Alaric Voss,17,solo,0,0,358,1,0,1.0,638,1,0,1.0
Run 1,Alaric Voss,17,solo,0,0,348,0,0,0.072581,664,0,0,0.07619
Run 1,Alaric Voss,17,solo,0,0,446,0,0,0.135135,524,0,0,0.081218
Run 1,Alaric Voss,17,solo,0,0,395,0,0,0.109091,609,0,0,0.063158
Run 1,Alaric Voss,17,joint,1,0,11,1,0,0.0,0,0,0,0.0
Run 1,Alaric Voss,17,solo,0,0,360,1,0,1.0,640,0,1,0.966942
Run 1,Alaric Voss,18,solo,0,0,358,1,0,1.0,644,0,0,0.692857
Run 1,Alaric Voss,18,solo,0,0,400,0,0,0.023256,537,0,0,0.039801
Run 1,Alaric Voss,18,solo,0,0,343,0,0,0.056075,620,0,0,0.04142
Run 1,Alaric Voss,18,solo,0,0,349,0,0,0.032787,639,0,0,0.028571
Run 1,Alaric Voss,18,solo,0,0,358,1,0,1.0,644,1,0,1.0
Run 1,Alaric Voss,18,solo,0,0,366,0,0,0.061404,573,0,0,0.094118
Run 1,Alaric Voss,18,solo,0,0,354,0,0,0.112245,560,0,0,0.043243
Run 1,Alaric Voss,18,solo,0,0,425,0,0,0.044776,435,0,0,0.055556
Run 1,Alaric Voss,18,joint,1,0,11,1,0,0.0,0,0,0,0.0
Run 1,Alaric Voss,18,solo,0,0,362,1,0,1.0,718,0,1,0.885496
Run 1,Alaric Voss,18,solo,0,0,253,0,0,0.083333,713,0,0,0.140625
Run 1,Alaric Voss,18,solo,0,0,394,0,0,0.087719,633,0,0,0.038835
Run 1,Alaric Voss,18,solo,0,0,358,0,0,0.112069,667,0,0,0.04386
Run 1,Alaric Voss,18,solo,0,0,325,0,0,0.094118,602,0,0,0.062802
Run 1,Alaric Voss,18,joint,1,0,11,1,0,0.0,0,0,0,0.0
Run 1,Alaric Voss,18,solo,0,0,362,1,0,1.0,718,1,0,1.0
Run 1,Alaric Voss,19,solo,0,0,358,1,0,1.0,697,0,0,0.618421
Run 1,Alaric Voss,19,solo,0,0,351,0,0,0.043011,559,0,0,0.034653
Run 1,Alaric Voss,19,solo,0,0,397,0,0,0.037037,513,0,0,0.060976
Run 1,Alaric Voss,19,solo,0,0,366,0,0,0.059829,657,0,0,0.0625
Run 1,Alaric Voss,19,solo,0,0,360,1,0,1.0,697,1,0,1.0
Run 1,Alaric Voss,19,solo,0,0,374,0,0,0.044643,646,0,0,0.079439
Run 1,Alaric Voss,19,solo,0,0,416,0,0,0.097345,708,0,0,0.067265
Run 1,Alaric Voss,19,solo,0,0,417,0,0,0.051724,592,0,0,0.044554
Run 1,Alaric Voss,19,solo,0,0,358,1,0,1.0,647,0,1,0.883333
Run 1,Alaric Voss,19,solo,0,0,447,0,0,0.055046,627,0,0,0.043716
Run 1,Alaric Voss,19,solo,0,0,504,0,0,0.147541,667,0,0,0.187135
Run 1,Alaric Voss,19,solo,0,0,330,0,0,0.017241,486,0,0,0.025381
Run 1,Alaric Voss,19,joint,1,0,11,1,0,0.0,0,0,0,0.0
Run 1,Alaric Voss,19,solo,0,0,423,0,0,0.516854,575,0,0,0.552632
Run 1,Alaric Voss,19,joint,1,0,11,1,0,0.0,0,0,0,0.0
Run 1,Alaric Voss,19,solo,0,0,423,1,0,1.0,575,1,0,1.0
Run 1,Alaric Voss,20,joint,0,0,478,0,0,0.0,682,0,0,0.0
Run 1,Alaric Voss,20,solo,0,0,356,0,0,0.592105,566,0,0,0.798165
Run 1,Alaric Voss,20,solo,0,0,356,1,0,1.0,566,1,0,1.0
Run 1,Alaric Voss,20,solo,0,0,247,0,0,0.065217,637,0,0,0.050388
Run 1,Alaric Voss,20,solo,0,0,397,0,0,0.04386,545,0,0,0.032258
Run 1,Alaric Voss,20,solo,0,0,263,0,0,0.074468,701,0,0,0.049327
Run 1,Alaric Voss,20,joint,1,0,11,1,0,0.0,0,0,0,0.0
Run 1,Alaric Voss,20,solo,0,0,356,1,0,1.0,640,0,1,0.963636
Run 1,Alaric Voss,20,solo,0,0,354,0,1,0.84375,595,0,0,0.671429
Run 1,Alaric Voss,20,solo,0,0,447,0,0,0.03876,586,0,0,0.069519
Run 1,Alaric Voss,20,solo,0,0,265,0,0,0.095238,475,0,0,0.023256
Run 1,Alaric Voss,20,solo,0,0,350,0,0,0.040984,1016,0,0,0.014235
Run 1,Alaric Voss,20,solo,0,0,300,0,0,0.69697,719,0,1,0.822695
Run 1,Alaric Voss,20,solo,0,0,311,0,0,0.064103,617,0,0,0.052632
Run 1,Alaric Voss,20,solo,0,0,522,0,0,0.043165,613,0,0,0.042105
Run 1,Alaric Voss,20,solo,0,0,411,0,0,0.02381,650,0,0,0.088083
Run 1,Alaric Voss,21,solo,0,0,354,1,0,1.0,566,0,0,0.738462
Run 1,Alaric Voss,21,solo,0,0,459,0,0,0.036496,771,0,0,0.054054
Run 1,Alaric Voss,21,solo,0,0,437,0,0,0.039062,593,0,0,0.069519
Run 1,Alaric Voss,21,solo,0,0,392,0,0,0.040323,508,0,0,0.069892
Run 1,Alaric Voss,21,joint,0,0,397,0,0,0.0,613,0,0,0.018957
Run 1,Alaric Voss,21,solo,0,0,356,1,0,1.0,576,0,1,0.878261
Run 1,Alaric Voss,21,solo,0,0,356,1,0,1.0,787,0,0,0.736486
Run 1,Alaric Voss,21,solo,0,0,384,0,0,0.061404,675,0,0,0.040724
Run 1,Alaric Voss,21,solo,0,0,320,0,0,0.16129,516,0,0,0.043243
Run 1,Alaric Voss,21,solo,0,0,316,0,0,0.059829,528,0,0,0.020833
Run 1,Alaric Voss,21,joint,1,0,11,1,0,0.0,0,0,0,0.0
Run 1,Alaric Voss,21,solo,0,0,356,1,0,1.0,573,0,1,0.963964
Run 1,Alaric Voss,21,solo,0,0,354,1,0,1.0,574,0,1,0.963964
Run 1,Alaric Voss,21,solo,0,0,387,0,0,0.038095,583,0,0,0.016216
Run 1,Alaric Voss,21,solo,0,0,392,0,0,0.132653,628,0,0,0.050847
Run 1,Alaric Voss,21,solo,0,0,371,0,0,0.145833,687,0,0,0.039604
Run 1,Alaric Voss,22,solo,0,0,354,1,0,1.0,493,0,0,0.033708
Run 1,Alaric Voss,22,solo,0,0,397,0,0,0.073684,656,0,0,0.065
Run 1,Alaric Voss,22,solo,0,0,344,0,0,0.14433,709,0,0,0.048309
Run 1,Alaric Voss,22,solo,0,0,410,0,0,0.022222,569,0,0,0.039773
Run 1,Alaric Voss,22,joint,0,0,335,0,0,0.0,515,0,0,0.0
Run 1,Alaric Voss,22,solo,0,0,358,1,0,1.0,608,0,0,0.744186
Run 1,Alaric Voss,22,solo,0,0,313,0,1,0.898305,493,1,0,1.0
Run 1,Alaric Voss,22,solo,0,0,457,0,0,0.037736,670,0,0,0.063107
Run 1,Alaric Voss,22,solo,0,0,430,0,0,0.125,702,0,0,0.035242
Run 1,Alaric Voss,22,solo,0,0,299,0,0,0.197802,674,0,0,0.057416
Run 1,Alaric Voss,22,joint,1,0,11,1,0,0.0,0,0,0,0.0
Run 1,Alaric Voss,22,solo,0,0,356,1,0,1.0,674,1,0,1.0
Run 1,Alaric Voss,22,solo,0,0,354,1,0,1.0,492,0,1,0.954545
Run 1,Alaric Voss,22,solo,0,0,640,0,0,0.029851,822,0,0,0.058036
Run 1,Alaric Voss,22,solo,0,0,503,0,0,0.113636,614,0,0,0.065
Run 1,Alaric Voss,22,solo,0,0,475,0,0,0.108527,752,0,0,0.059908
Run 1,Alaric Voss,23,joint,1,0,11,1,0,0.0,0,0,0,0.0
Run 1,Alaric Voss,23,solo,0,0,340,0,1,0.892857,613,0,0,0.691729
Run 1,Alaric Voss,23,joint,1,0,11,1,0,0.0,0,0,0,0.0
Run 1,Alaric Voss,23,solo,0,0,845,0,0,0.536364,523,0,0,0.132979
Run 1,Alaric Voss,23,solo,0,0,354,1,0,1.0,521,0,1,0.959184
Run 1,Alaric Voss,23,solo,0,0,299,0,0,0.091743,643,0,0,0.071795
Run 1,Alaric Voss,23,solo,0,0,377,0,0,0.07619,611,0,0,0.063492
Run 1,Alaric Voss,23,solo,0,0,505,0,0,0.028986,772,0,0,0.038793
Run 1,Alaric Voss,23,joint,1,0,11,1,0,0.0,0,0,0,0.0
Run 1,Alaric Voss,23,solo,0,0,356,1,0,1.0,518,0,1,0.862745
Run 1,Alaric Voss,23,solo,0,0,354,1,0,1.0,521,1,0,1.0
Run 1,Alaric Voss,23,solo,0,0,353,0,0,0.063063,667,0,0,0.033493
Run 1,Alaric Voss,23,solo,0,0,451,0,0,0.093023,575,0,0,0.08377
Run 1,Alaric Voss,23,solo,0,0,342,0,0,0.137615,558,0,0,0.065476
Run 1,Alaric Voss,24,solo,0,0,463,0,0,0.117647,520,0,1,0.959184
Run 1,Alaric Voss,24,solo,0,0,409,0,0,0.120879,687,0,0,0.048544
Run 1,Alaric Voss,24,solo,0,0,457,0,0,0.087719,643,0,0,0.037736
Run 1,Alaric Voss,24,solo,0,0,462,0,0,0.132867,859,0,0,0.046693
Run 1,Alaric Voss,24,joint,0,0,493,0,0,0.0,579,0,0,0.0
Run 1,Alaric Voss,24,solo,0,0,299,0,0,0.571429,523,1,0,1.0
Run 1,Alaric Voss,24,solo,0,0,299,0,0,0.758621,516,0,1,0.958333
Run 1,Alaric Voss,24,solo,0,0,380,0,0,0.063063,619,0,0,0.04717
Run 1,Alaric Voss,24,solo,0,0,419,0,0,0.176471,584,0,0,0.055838
Run 1,Alaric Voss,24,solo,0,0,432,0,0,0.08547,527,0,0,0.035503
Run 1,Alaric Voss,24,solo,0,0,297,1,0,1.0,523,1,0,1.0
Run 1,Alaric Voss,24,solo,0,0,382,0,0,0.035398,623,0,0,0.075377
Run 1,Alaric Voss,24,solo,0,0,308,0,0,0.05102,691,0,0,0.030457
Run 1,Alaric Voss,24,solo,0,0,328,0,0,0.05102,668,0,0,0.035897
Run 1,Alaric Voss,24,solo,0,0,306,0,1,0.807018,523,1,0,1.0
Run 1,Alaric Voss,24,solo,0,0,195,0,0,0.101266,646,0,0,0.052885
Run 1,Alaric Voss,24,solo,0,0,1320,0,0,0.03663,945,0,0,0.022388
Run 1,Alaric Voss,24,solo,0,0,397,0,0,0.008621,863,0,0,0.013289
Run 1,Alaric Voss,25,solo,0,0,270,0,0,0.714286,515,0,1,0.958333
Run 1,Alaric Voss,25,solo,0,0,451,0,0,0.054688,642,0,0,0.054455
Run 1,Alaric Voss,25,solo,0,0,355,0,0,0.040323,597,0,0,0.03125
Run 1,Alaric Voss,25,solo,0,0,309,0,0,0.02,662,0,0,0.04661
Run 1,Alaric Voss,25,joint,1,0,11,1,0,0.0,0,0,0,0.0
Run 1,Alaric Voss,25,solo,0,0,272,0,0,0.795918,523,1,0,1.0
Run 1,Alaric Voss,25,solo,0,0,270,1,0,1.0,521,1,0,1.0
Run 1,Alaric Voss,25,solo,0,0,346,0,0,0.045455,772,0,0,0.054054
Run 1,Alaric Voss,25,solo,0,0,426,0,0,0.065421,584,0,0,0.039604
Run 1,Alaric Voss,25,solo,0,0,273,0,0,0.096491,694,0,0,0.021164
Run 1,Alaric Voss,25,solo,0,0,272,1,0,1.0,521,1,0,1.0
Run 1,Alaric Voss,25,solo,0,0,434,0,0,0.040404,746,0,0,0.0625
Run 1,Alaric Voss,25,solo,0,0,399,0,0,0.075472,556,0,0,0.048309
Run 1,Alaric Voss,25,solo,0,0,341,0,0,0.081818,508,0,0,0.04142
Run 1,Alaric Voss,25,solo,1,0,270,1,0,1.0,11,1,0,0.0
Run 1,Alaric Voss,25,solo,0,0,365,0,0,0.033058,620,0,0,0.019417
Run 1,Alaric Voss,25,solo,0,0,359,0,0,0.050725,525,0,0,0.038889
Run 1,Alaric Voss,25,solo,0,0,437,0,0,0.049296,593,0,0,0.049261
Run 1,Alaric Voss,26,joint,0,0,366,0,0,0.0,479,0,0,0.017544
Run 1,Alaric Voss,26,solo,0,0,272,1,0,1.0,518,1,0,1.0
Run 1,Alaric Voss,26,joint,0,0,389,0,0,0.026316,553,0,0,0.025126
Run 1,Alaric Voss,26,solo,0,0,272,1,0,1.0,518,1,0,1.0
Run 1,Alaric Voss,26,solo,0,0,270,1,0,1.0,520,1,0,1.0
Run 1,Alaric Voss,26,solo,0,0,425,0,0,0.015625,708,0,0,0.039301
Run 1,Alaric Voss,26,solo,0,0,417,0,0,0.04,634,0,0,0.090909
Run 1,Alaric Voss,26,solo,0,0,393,0,0,0.014706,629,0,0,0.009174
Run 1,Alaric Voss,26,joint,1,0,11,1,0,0.0,0,0,0,0.0
Run 1,Alaric Voss,26,solo,0,0,401,0,0,0.547945,627,0,1,0.824561
Run 1,Alaric Voss,26,solo,0,0,270,1,0,1.0,518,1,0,1.0
Run 1,Alaric Voss,26,solo,0,0,352,0,0,0.057143,624,0,0,0.026455
Run 1,Alaric Voss,26,solo,0,0,374,0,0,0.037313,692,0,0,0.016667
Run 1,Alaric Voss,26,solo,0,0,299,0,0,0.067961,520,0,0,0.046154
Run 1,Alaric Voss,27,solo,0,0,349,0,0,0.575758,509,0,1,0.888889
Run 1,Alaric Voss,27,solo,0,0,253,0,0,0.044248,586,0,0,0.019417
Run 1,Alaric Voss,27,solo,0,0,449,0,0,0.163462,529,0,0,0.049724
Run 1,Alaric Voss,27,solo,0,0,353,0,0,0.226804,546,0,0,0.051724
Run 1,Alaric Voss,27,solo,0,0,270,1,0,1.0,509,1,0,1.0
Run 1,Alaric Voss,27,solo,0,0,385,0,0,0.041667,583,0,0,0.072222
Run 1,Alaric Voss,27,solo,0,0,366,0,0,0.125984,508,0,0,0.040609
Run 1,Alaric Voss,27,solo,0,0,350,0,0,0.055046,613,0,0,0.043478
Run 1,Alaric Voss,27,joint,1,0,11,1,0,0.0,0,0,0,0.0
Run 1,Alaric Voss,27,solo,0,0,392,0,1,0.857143,543,0,1,0.958763
Run 1,Alaric Voss,27,solo,0,0,272,1,0,1.0,518,1,0,1.0
Run 1,Alaric Voss,27,solo,0,0,379,0,0,0.053763,737,0,0,0.089286
Run 1,Alaric Voss,27,solo,0,0,344,0,0,0.054054,643,0,0,0.092683
Run 1,Alaric Voss,27,solo,0,0,311,0,0,0.065934,557,0,0,0.058824
Run 1,Alaric Voss,27,joint,1,0,11,1,0,0.0,0,0,0,0.0
Run 1,Alaric Voss,27,solo,0,0,272,1,0,1.0,518,1,0,1.0
Run 1,Alaric Voss,28,solo,0,0,292,0,0,0.690909,509,1,0,1.0
Run 1,Alaric Voss,28,solo,0,0,349,0,0,0.057377,520,0,0,0.044693
Run 1,Alaric Voss,28,solo,0,0,452,0,0,0.065421,605,0,0,0.027523
Run 1,Alaric Voss,28,solo,0,0,267,0,0,0.038835,572,0,0,0.014354
Run 1,Alaric Voss,28,solo,0,0,333,0,1,0.890909,515,1,0,1.0
Run 1,Alaric Voss,28,solo,0,0,409,0,0,0.064516,639,0,0,0.066116
Run 1,Alaric Voss,28,solo,0,0,377,0,0,0.135417,601,0,0,0.063158
Run 1,Alaric Voss,28,solo,0,0,422,0,0,0.172131,696,0,0,0.03719
Run 1,Alaric Voss,28,joint,1,0,11,1,0,0.0,0,0,0,0.0
Run 1,Alaric Voss,28,solo,0,0,294,0,1,0.814815,512,0,1,0.957895
Run 1,Alaric Voss,28,solo,0,0,292,1,0,1.0,651,0,0,0.788136
Run 1,Alaric Voss,28,solo,0,0,457,0,0,0.096,659,0,0,0.05641
Run 1,Alaric Voss,28,solo,0,0,340,0,0,0.05102,836,0,0,0.044944
Run 1,Alaric Voss,28,solo,0,0,375,0,0,0.084906,614,0,0,0.043689
Run 1,Alaric Voss,28,solo,0,0,292,1,0,1.0,609,0,1,0.823009
Run 1,Alaric Voss,28,solo,0,0,293,0,0,0.07,657,0,0,0.045249
Run 1,Alaric Voss,28,solo,0,0,357,0,0,0.148936,646,0,0,0.019231
Run 1,Alaric Voss,28,solo,0,0,254,0,0,0.041237,558,0,0,0.042254
Run 1,Alaric Voss,29,solo,0,0,333,1,0,1.0,515,1,0,1.0
Run 1,Alaric Voss,29,solo,0,0,279,0,0,0.019417,695,0,0,0.098958
Run 1,Alaric Voss,29,solo,0,0,392,0,0,0.05,573,0,0,0.029703
Run 1,Alaric Voss,29,solo,0,0,527,0,0,0.053333,528,0,0,0.02139
Run 1,Alaric Voss,29,solo,0,0,536,0,0,0.516484,685,0,0,0.764228
Run 1,Alaric Voss,29,solo,0,0,422,0,0,0.040323,490,0,0,0.051136
Run 1,Alaric Voss,29,solo,0,0,316,0,0,0.089109,632,0,0,0.047872
Run 1,Alaric Voss,29,solo,0,0,403,0,0,0.044248,666,0,0,0.074866
Run 1,Alaric Voss,29,joint,1,0,11,1,0,0.0,0,0,0,0.0
Run 1,Alaric Voss,29,solo,0,0,442,0,1,0.87013,666,1,0,1.0
Run 1,Alaric Voss,29,joint,1,0,11,1,0,0.0,0,0,0,0.0
Run 1,Alaric Voss,29,solo,0,0,401,0,1,0.943662,666,1,0,1.0
Run 1,Alaric Voss,29,solo,0,0,503,0,0,0.703297,707,0,1,0.95
Run 1,Alaric Voss,29,solo,0,0,292,0,0,0.019417,671,0,0,0.054455
Run 1,Alaric Voss,29,solo,0,0,437,0,0,0.018868,635,0,0,0.046875
Run 1,Alaric Voss,29,solo,0,0,293,0,0,0.05814,589,0,0,0.038647
Run 1,Alaric Voss,30,solo,0,0,442,1,0,1.0,570,0,0,0.664
Run 1,Alaric Voss,30,solo,0,0,326,0,0,0.066667,610,0,0,0.079602
Run 1,Alaric Voss,30,solo,0,0,337,0,0,0.122449,521,0,0,0.031915
Run 1,Alaric Voss,30,solo,0,0,441,0,0,0.042735,542,0,0,0.053571
Run 1,Alaric Voss,30,joint,0,0,391,0,0,0.053097,554,0,0,0.044693
Run 1,Alaric Voss,30,solo,0,0,442,1,0,1.0,653,0,1,0.839286
Run 1,Alaric Voss,30,solo,0,0,440,0,1,0.875,650,0,1,0.964912
Run 1,Alaric Voss,30,solo,0,0,423,0,0,0.013699,791,0,0,0.047414
Run 1,Alaric Voss,30,solo,0,0,367,0,0,0.058394,657,0,0,0.078431
Run 1,Alaric Voss,30,solo,0,0,397,0,0,0.058824,638,0,0,0.033654
Run 1,Alaric Voss,30,solo,0,0,449,0,0,0.495413,651,0,1,0.964912
Run 1,Alaric Voss,30,solo,0,0,445,0,0,0.035714,625,0,0,0.026667
Run 1,Alaric Voss,30,solo,0,0,436,0,0,0.070423,575,0,0,0.03
Run 1,Alaric Voss,30,solo,0,0,319,0,0,0.072072,555,0,0,0.027933
Run 1,Alaric Voss,30,solo,0,0,440,1,0,1.0,651,1,0,1.0
Run 1,Alaric Voss,30,solo,0,0,474,0,0,0.038168,522,0,0,0.032967
Run 1,Alaric Voss,30,solo,0,0,459,0,0,0.065574,530,0,0,0.015625
Run 1,Alaric Voss,30,solo,0,0,403,0,0,0.15,506,0,0,0.035928
Run 1,Alaric Voss,31,joint,0,0,408,0,0,0.00885,760,0,0,0.118812
Run 1,Alaric Voss,31,solo,0,0,442,1,0,1.0,737,0,0,0.607407
Run 1,Alaric Voss,31,solo,0,0,440,1,0,1.0,735,0,1,0.968
Run 1,Alaric Voss,31,solo,0,0,416,0,0,0.046512,590,0,0,0.054348
Run 1,Alaric Voss,31,solo,0,0,447,0,0,0.070796,612,0,0,0.045455
Run 1,Alaric Voss,31,solo,0,0,184,0,0,0.077922,684,0,0,0.033019
Run 1,Alaric Voss,31,solo,0,0,440,1,0,1.0,734,0,1,0.968
Run 1,Alaric Voss,31,solo,0,0,316,0,0,0.043956,639,0,0,0.063158
Run 1,Alaric Voss,31,solo,0,0,549,0,0,0.045161,556,0,0,0.035176
Run 1,Alaric Voss,31,solo,0,0,420,0,0,0.119658,620,0,0,0.016393
Run 1,Alaric Voss,31,joint,1,0,11,1,0,0.0,0,0,0,0.0
Run 1,Alaric Voss,31,solo,0,0,442,1,0,1.0,737,1,0,1.0
Run 1,Alaric Voss,31,solo,0,0,440,1,0,1.0,735,1,0,1.0
Run 1,Alaric Voss,31,solo,0,0,477,0,0,0.065041,604,0,0,0.02
Run 1,Alaric Voss,31,solo,0,0,370,0,0,0.101695,658,0,0,0.032407
Run 1,Alaric Voss,31,solo,0,0,536,0,0,0.171875,604,0,0,0.065934
Run 1,Alaric Voss,32,joint,0,0,393,0,0,0.044643,633,0,0,0.022026
Run 1,Alaric Voss,32,solo,0,0,506,0,1,0.821053,818,0,0,0.487179
Run 1,Alaric Voss,32,solo,0,0,438,0,1,0.875,818,1,0,1.0
Run 1,Alaric Voss,32,solo,0,0,327,0,0,0.07,550,0,0,0.067039
Run 1,Alaric Voss,32,solo,0,0,477,0,0,0.062016,642,0,0,0.060109
Run 1,Alaric Voss,32,solo,0,0,393,0,0,0.098765,562,0,0,0.078125
Run 1,Alaric Voss,32,solo,0,0,438,1,0,1.0,818,1,0,1.0
Run 1,Alaric Voss,32,solo,0,0,443,0,0,0.057143,627,0,0,0.014286
Run 1,Alaric Voss,32,solo,0,0,451,0,0,0.096774,621,0,0,0.025381
Run 1,Alaric Voss,32,solo,0,0,434,0,0,0.212963,507,0,0,0.032787
Run 1,Alaric Voss,32,joint,1,0,11,1,0,0.0,0,0,0,0.0
Run 1,Alaric Voss,32,solo,0,0,440,0,1,0.875,818,1,0,1.0
Run 1,Alaric Voss,32,solo,0,0,438,1,0,1.0,818,1,0,1.0
Run 1,Alaric Voss,32,solo,0,0,434,0,0,0.065217,634,0,0,0.073059
Run 1,Alaric Voss,32,solo,0,0,272,0,0,0.0625,602,0,0,0.087912
Run 1,Alaric Voss,32,solo,0,0,346,0,0,0.188679,642,0,0,0.046632
Run 1,Alaric Voss,33,solo,0,0,438,1,0,1.0,689,0,0,0.555556
Run 1,Alaric Voss,33,solo,0,0,344,0,0,0.066038,649,0,0,0.019417
Run 1,Alaric Voss,33,solo,0,0,338,0,0,0.121739,602,0,0,0.040201
Run 1,Alaric Voss,33,solo,0,0,445,0,0,0.263636,952,0,0,0.023256
Run 1,Alaric Voss,33,joint,0,0,302,0,0,0.0,669,0,0,0.305732
Run 1,Alaric Voss,33,solo,0,0,480,0,0,0.694118,935,0,1,0.91954
Run 1,Alaric Voss,33,solo,0,0,431,0,0,0.658824,935,1,0,1.0
Run 1,Alaric Voss,33,solo,0,0,392,0,0,0.044118,591,0,0,0.042654
Run 1,Alaric Voss,33,solo,0,0,508,0,0,0.057851,608,0,0,0.035
Run 1,Alaric Voss,33,solo,0,0,352,0,0,0.072072,678,0,0,0.02583
Run 1,Alaric Voss,33,joint,1,0,11,1,0,0.0,0,0,0,0.0
Run 1,Alaric Voss,33,solo,0,0,441,0,1,0.918919,938,0,1,0.97619
Run 1,Alaric Voss,33,solo,0,0,480,0,1,0.807692,935,1,0,1.0
Run 1,Alaric Voss,33,solo,0,0,472,0,0,0.062069,653,0,0,0.014706
Run 1,Alaric Voss,33,solo,0,0,391,0,0,0.054688,585,0,0,0.10177
Run 1,Alaric Voss,33,solo,0,0,397,0,0,0.048387,679,0,0,0.042453
Run 1,Alaric Voss,34,joint,0,0,412,0,0,0.025424,689,0,0,0.028571
Run 1,Alaric Voss,34,solo,0,0,441,0,1,0.8,608,0,0,0.494505
Run 1,Alaric Voss,34,solo,0,0,439,0,1,0.918919,608,1,0,1.0
Run 1,Alaric Voss,34,solo,0,0,445,0,0,0.042373,649,0,0,0.022624
Run 1,Alaric Voss,34,solo,0,0,381,0,0,0.044643,498,0,0,0.047619
Run 1,Alaric Voss,34,solo,0,0,503,0,0,0.042857,562,0,0,0.059783
Run 1,Alaric Voss,34,joint,1,0,11,1,0,0.0,0,0,0,0.0
Run 1,Alaric Voss,34,solo,0,0,441,1,0,1.0,559,0,1,0.961165
Run 1,Alaric Voss,34,solo,0,0,480,1,0,1.0,559,1,0,1.0
Run 1,Alaric Voss,34,solo,0,0,447,0,0,0.025,658,0,0,0.032558
Run 1,Alaric Voss,34,solo,0,0,378,0,0,0.106557,638,0,0,0.047619
Run 1,Alaric Voss,34,solo,0,0,328,0,0,0.036145,555,0,0,0.01087
Run 1,Alaric Voss,34,solo,0,0,474,0,1,0.917808,559,1,0,1.0
Run 1,Alaric Voss,34,solo,0,0,411,0,0,0.018182,702,0,0,0.044053
Run 1,Alaric Voss,34,solo,0,0,323,0,0,0.05102,568,0,0,0.045685
Run 1,Alaric Voss,34,solo,0,0,355,0,0,0.039604,505,0,0,0.039548
Run 1,Alaric Voss,35,solo,0,0,480,1,0,1.0,589,0,1,0.823009
Run 1,Alaric Voss,35,solo,0,0,508,0,0,0.034483,752,0,0,0.018519
Run 1,Alaric Voss,35,solo,0,0,600,0,0,0.03268,651,0,0,0.028571
Run 1,Alaric Voss,35,solo,0,0,477,0,0,0.03681,582,0,0,0.055
Run 1,Alaric Voss,35,joint,1,0,11,1,0,0.0,0,0,0,0.0
Run 1,Alaric Voss,35,solo,0,0,482,0,1,0.918919,592,0,1,0.962617
Run 1,Alaric Voss,35,solo,0,0,480,1,0,1.0,589,1,0,1.0
Run 1,Alaric Voss,35,solo,0,0,308,0,0,0.026316,461,0,0,0.021978
Run 1,Alaric Voss,35,solo,0,0,497,0,0,0.051471,585,0,0,0.044335
Run 1,Alaric Voss,35,solo,0,0,267,0,0,0.068966,692,0,0,0.034335
Run 1,Alaric Voss,35,solo,0,0,482,0,1,0.947368,589,1,0,1.0
Run 1,Alaric Voss,35,solo,0,0,365,0,0,0.085714,505,0,0,0.036145
Run 1,Alaric Voss,35,solo,0,0,426,0,0,0.087302,595,0,0,0.030612
Run 1,Alaric Voss,35,solo,0,0,438,0,0,0.053435,539,0,0,0.033333
Run 1,Alaric Voss,35,joint,1,0,11,1,0,0.0,0,0,0,0.0
Run 1,Alaric Voss,35,solo,1,0,482,1,0,1.0,11,1,0,0.0
Run 1,Alaric Voss,36,joint,1,0,11,1,0,0.0,0,0,0,0.0
Run 1,Alaric Voss,36,solo,0,0,482,1,0,1.0,582,0,1,0.853211
Run 1,Alaric Voss,36,solo,0,0,481,0,1,0.897436,582,1,0,1.0
Run 1,Alaric Voss,36,solo,0,0,369,0,0,0.07767,617,0,0,0.038043
Run 1,Alaric Voss,36,solo,0,0,459,0,0,0.09322,621,0,0,0.045918
Run 1,Alaric Voss,36,solo,0,0,275,0,0,0.039604,518,0,0,0.031414
Run 1,Alaric Voss,36,solo,0,0,357,0,0,0.641026,582,1,0,1.0
Run 1,Alaric Voss,36,solo,0,0,403,0,0,0.057851,638,0,0,0.058559
Run 1,Alaric Voss,36,solo,0,0,405,0,0,0.11215,566,0,0,0.07027
Run 1,Alaric Voss,36,solo,0,0,474,0,0,0.113821,788,0,0,0.070485
Run 1,Alaric Voss,36,solo,0,0,357,1,0,1.0,679,0,1,0.87069
Run 1,Alaric Voss,36,solo,0,0,415,0,0,0.016949,557,0,0,0.046083
Run 1,Alaric Voss,36,solo,0,0,457,0,0,0.068702,558,0,0,0.04142
Run 1,Alaric Voss,36,solo,0,0,216,0,0,0.067568,558,0,0,0.046875
Run 1,Alaric Voss,36,solo,0,0,482,1,0,1.0,582,1,0,1.0
Run 1,Alaric Voss,36,solo,0,0,422,0,0,0.066667,603,0,0,0.024752
Run 1,Alaric Voss,36,solo,0,0,398,0,0,0.070796,605,0,0,0.021858
Run 1,Alaric Voss,36,solo,0,0,455,0,0,0.120968,592,0,0,0.045685
Run 1,Alaric Voss,37,solo,0,0,483,1,0,1.0,574,0,1,0.8125
Run 1,Alaric Voss,37,solo,0,0,306,0,0,0.07619,647,0,0,0.064356
Run 1,Alaric Voss,37,solo,0,0,452,0,0,0.042254,562,0,0,0.015152
Run 1,Alaric Voss,37,solo,0,0,334,0,0,0.060241,632,0,0,0.023148
Run 1,Alaric Voss,37,joint,1,0,11,1,0,0.0,0,0,0,0.0
Run 1,Alaric Voss,37,solo,0,0,485,0,1,0.897436,669,0,0,0.296296
Run 1,Alaric Voss,37,solo,0,0,483,1,0,1.0,714,0,0,0.796875
Run 1,Alaric Voss,37,solo,0,0,387,0,0,0.041667,469,0,0,0.023256
Run 1,Alaric Voss,37,solo,0,0,476,0,0,0.094017,614,0,0,0.050251
Run 1,Alaric Voss,37,solo,0,0,474,0,0,0.092857,768,0,0,0.050926
Run 1,Alaric Voss,37,joint,1,0,11,1,0,0.0,0,0,0,0.0
Run 1,Alaric Voss,37,solo,0,0,485,1,0,1.0,669,1,0,1.0
Run 1,Alaric Voss,37,solo,0,0,483,1,0,1.0,666,0,1,0.964602
Run 1,Alaric Voss,37,solo,0,0,337,0,0,0.03937,673,0,0,0.029703
Run 1,Alaric Voss,37,solo,0,0,444,0,0,0.055118,511,0,0,0.034286
Run 1,Alaric Voss,37,solo,0,0,372,0,0,0.127273,575,0,0,0.042328
Run 1,Alaric Voss,38,solo,0,0,483,1,0,1.0,822,0,0,0.470238
Run 1,Alaric Voss,38,solo,0,0,493,0,0,0.036232,695,0,0,0.033816
Run 1,Alaric Voss,38,solo,0,0,278,0,0,0.028571,433,0,0,0.075
Run 1,Alaric Voss,38,solo,0,0,339,0,0,0.174312,548,0,0,0.046875
Run 1,Alaric Voss,38,solo,0,0,483,1,0,1.0,822,1,0,1.0
Run 1,Alaric Voss,38,solo,0,0,414,0,0,0.055118,487,0,0,0.042328
Run 1,Alaric Voss,38,solo,0,0,445,0,0,0.078125,712,0,0,0.03653
Run 1,Alaric Voss,38,solo,0,0,410,0,0,0.131148,695,0,0,0.040359
Run 1,Alaric Voss,38,solo,0,0,483,1,0,1.0,822,1,0,1.0
Run 1,Alaric Voss,38,solo,0,0,382,0,0,0.066116,670,0,0,0.047393
Run 1,Alaric Voss,38,solo,0,0,403,0,0,0.105263,562,0,0,0.046243
Run 1,Alaric Voss,38,solo,0,0,450,0,0,0.168,613,0,0,0.048544
Run 1,Alaric Voss,38,joint,1,0,11,1,0,0.0,0,0,0,0.0
Run 1,Alaric Voss,38,solo,1,0,451,0,0,0.56701,11,1,0,0.0
Run 1,Alaric Voss,38,joint,1,0,11,1,0,0.0,0,0,0,0.0
Run 1,Alaric Voss,38,solo,1,0,444,0,1,0.918919,11,1,0,0.0
Run 1,Alaric Voss,39,joint,0,0,432,0,0,0.016,714,0,0,0.055046
Run 1,Alaric Voss,39,solo,0,0,483,1,0,1.0,689,0,0,0.526667
Run 1,Alaric Voss,39,solo,0,0,481,1,0,1.0,689,1,0,1.0
Run 1,Alaric Voss,39,solo,0,0,359,0,0,0.045045,624,0,0,0.050761
Run 1,Alaric Voss,39,solo,0,0,460,0,0,0.04878,486,0,0,0.051724
Run 1,Alaric Voss,39,solo,0,0,298,0,0,0.059829,843,0,0,0.020833
Run 1,Alaric Voss,39,solo,0,0,483,1,0,1.0,689,1,0,1.0
Run 1,Alaric Voss,39,solo,0,0,448,0,0,0.106061,642,0,0,0.061224
Run 1,Alaric Voss,39,solo,0,0,393,0,0,0.048387,528,0,0,0.088235
Run 1,Alaric Voss,39,solo,0,0,367,0,0,0.272727,525,0,0,0.035294
Run 1,Alaric Voss,39,joint,0,0,369,0,0,0.0,502,0,0,0.010417
Run 1,Alaric Voss,39,solo,0,0,485,1,0,1.0,689,1,0,1.0
Run 1,Alaric Voss,39,solo,0,0,481,1,0,1.0,689,1,0,1.0
Run 1,Alaric Voss,39,solo,0,0,395,0,0,0.056,803,0,0,0.037344
Run 1,Alaric Voss,39,solo,0,0,345,0,0,0.126316,584,0,0,0.029268
Run 1,Alaric Voss,39,solo,0,0,444,0,0,0.057851,650,0,0,0.042857
Run 1,Alaric Voss,40,solo,0,0,481,1,0,1.0,613,0,0,0.617647
Run 1,Alaric Voss,40,solo,0,0,371,0,0,0.031008,763,0,0,0.028
Run 1,Alaric Voss,40,solo,0,0,401,0,0,0.025,540,0,0,0.046392
Run 1,Alaric Voss,40,solo,0,0,367,0,0,0.069767,669,0,0,0.036082
Run 1,Alaric Voss,40,joint,1,0,11,1,0,0.0,0,0,0,0.0
Run 1,Alaric Voss,40,solo,0,0,359,0,1,0.830508,613,1,0,1.0
Run 1,Alaric Voss,40,solo,0,0,357,1,0,1.0,765,0,0,0.778626
Run 1,Alaric Voss,40,solo,0,0,397,0,0,0.04918,562,0,0,0.016043
Run 1,Alaric Voss,40,solo,0,0,426,0,0,0.056738,621,0,0,0.040609
Run 1,Alaric Voss,40,solo,0,0,541,0,0,0.096296,640,0,0,0.024155
Run 1,Alaric Voss,40,joint,1,0,11,1,0,0.0,0,0,0,0.0
Run 1,Alaric Voss,40,solo,0,0,442,1,0,1.0,640,1,0,1.0
Run 1,Alaric Voss,40,solo,0,0,440,0,1,0.918919,663,0,0,0.48951
Run 1,Alaric Voss,40,solo,0,0,329,0,0,0.049505,544,0,0,0.065657
Run 1,Alaric Voss,40,solo,0,0,465,0,0,0.087591,672,0,0,0.031111
Run 1,Alaric Voss,40,solo,0,0,339,0,0,0.197802,657,0,0,0.07767
Run 1,Alaric Voss,41,joint,0,0,475,0,0,0.007299,557,0,0,0.015544
Run 1,Alaric Voss,41,solo,0,0,483,1,0,1.0,635,0,0,0.708661
Run 1,Alaric Voss,41,solo,0,0,440,1,0,1.0,628,0,1,0.909091
Run 1,Alaric Voss,41,solo,0,0,474,0,0,0.097015,591,0,0,0.026178
Run 1,Alaric Voss,41,solo,0,0,347,0,0,0.152381,505,0,0,0.022222
Run 1,Alaric Voss,41,solo,0,0,364,0,0,0.064,573,0,0,0.025751
Run 1,Alaric Voss,41,joint,0,0,352,0,0,0.008,570,0,0,0.41791
Run 1,Alaric Voss,41,solo,0,0,483,1,0,1.0,628,1,0,1.0
Run 1,Alaric Voss,41,solo,0,0,481,1,0,1.0,628,1,0,1.0
Run 1,Alaric Voss,41,solo,0,0,462,0,0,0.043165,519,0,0,0.040404
Run 1,Alaric Voss,41,solo,0,0,386,0,0,0.075472,746,0,0,0.048889
Run 1,Alaric Voss,41,solo,0,0,383,0,0,0.182692,584,0,0,0.056034
Run 1,Alaric Voss,41,solo,0,0,357,1,0,1.0,628,1,0,1.0
Run 1,Alaric Voss,41,solo,0,0,449,0,0,0.04,604,0,0,0.034314
Run 1,Alaric Voss,41,solo,0,0,261,0,0,0.049383,675,0,0,0.049724
Run 1,Alaric Voss,41,solo,0,0,401,0,0,0.2,561,0,0,0.091892
Run 1,Alaric Voss,42,joint,0,0,440,0,0,0.008065,558,0,0,0.048913
Run 1,Alaric Voss,42,solo,0,0,359,1,0,1.0,579,0,0,0.786325
Run 1,Alaric Voss,42,solo,0,0,357,1,0,1.0,579,1,0,1.0
Run 1,Alaric Voss,42,solo,0,0,444,0,0,0.049645,531,0,0,0.046083
Run 1,Alaric Voss,42,solo,0,0,350,0,0,0.094017,637,0,0,0.041885
Run 1,Alaric Voss,42,solo,0,0,383,0,0,0.05618,534,0,0,0.024242
Run 1,Alaric Voss,42,joint,1,0,11,1,0,0.0,0,0,0,0.0
Run 1,Alaric Voss,42,solo,0,0,440,0,1,0.859155,579,1,0,1.0
Run 1,Alaric Voss,42,solo,0,0,481,1,0,1.0,579,1,0,1.0
Run 1,Alaric Voss,42,solo,0,0,430,0,0,0.024096,568,0,0,0.052083
Run 1,Alaric Voss,42,solo,0,0,412,0,0,0.14876,570,0,0,0.076923
Run 1,Alaric Voss,42,solo,0,0,448,0,0,0.194444,626,0,0,0.071795
Run 1,Alaric Voss,42,solo,0,0,481,1,0,1.0,579,1,0,1.0
Run 1,Alaric Voss,42,solo,0,0,255,0,0,0.035714,490,0,0,0.015544
Run 1,Alaric Voss,42,solo,0,0,373,0,0,0.04878,633,0,0,0.041237
Run 1,Alaric Voss,42,solo,0,0,447,0,0,0.04918,726,0,0,0.0625
Run 1,Alaric Voss,43,joint,1,0,11,1,0,0.0,0,0,0,0.0
Run 1,Alaric Voss,43,solo,0,0,442,1,0,1.0,588,0,1,0.927928
Run 1,Alaric Voss,43,solo,0,0,356,0,1,0.862069,588,1,0,1.0
Run 1,Alaric Voss,43,solo,0,0,402,0,0,0.08547,517,0,0,0.036842
Run 1,Alaric Voss,43,solo,0,0,281,0,0,0.09375,581,0,0,0.037634
Run 1,Alaric Voss,43,solo,0,0,404,0,0,0.176471,554,0,0,0.055556
Run 1,Alaric Voss,43,solo,0,0,440,1,0,1.0,588,1,0,1.0
Run 1,Alaric Voss,43,solo,0,0,359,0,0,0.061404,643,0,0,0.05
Run 1,Alaric Voss,43,solo,0,0,463,0,0,0.117647,731,0,0,0.038462
Run 1,Alaric Voss,43,solo,0,0,417,0,0,0.096,580,0,0,0.051282
Run 1,Alaric Voss,43,solo,0,0,356,1,0,1.0,586,0,1,0.869565
Run 1,Alaric Voss,43,solo,0,0,414,0,0,0.130435,587,0,0,0.064865
Run 1,Alaric Voss,43,solo,0,0,447,0,0,0.077519,565,0,0,0.077778
Run 1,Alaric Voss,43,solo,0,0,388,0,0,0.133929,631,0,0,0.052885
Run 1,Alaric Voss,43,solo,1,0,442,1,0,1.0,11,1,0,0.0
Run 1,Alaric Voss,43,solo,0,0,327,0,0,0.053435,539,0,0,0.037634
Run 1,Alaric Voss,43,solo,0,0,536,0,0,0.071942,682,0,0,0.055
Run 1,Alaric Voss,43,solo,0,0,267,0,0,0.292683,580,0,0,0.040609
Run 1,Alaric Voss,44,joint,0,0,391,0,0,0.008403,615,0,0,0.053191
Run 1,Alaric Voss,44,solo,0,0,483,0,1,0.873418,766,0,0,0.565217
Run 1,Alaric Voss,44,solo,0,0,439,0,0,0.797468,766,1,0,1.0
Run 1,Alaric Voss,44,solo,0,0,451,0,0,0.027397,589,0,0,0.049107
Run 1,Alaric Voss,44,solo,0,0,376,0,0,0.072917,606,0,0,0.034653
Run 1,Alaric Voss,44,solo,0,0,336,0,0,0.151515,618,0,0,0.053763
Run 1,Alaric Voss,44,joint,1,0,11,1,0,0.0,0,0,0,0.0
Run 1,Alaric Voss,44,solo,0,0,482,0,1,0.897436,618,1,0,1.0
Run 1,Alaric Voss,44,solo,0,0,442,1,0,1.0,766,1,0,1.0
Run 1,Alaric Voss,44,solo,0,0,344,0,0,0.025424,542,0,0,0.019802
Run 1,Alaric Voss,44,solo,0,0,300,0,0,0.031579,623,0,0,0.043062
Run 1,Alaric Voss,44,solo,0,0,359,0,0,0.032609,520,0,0,0.116022
Run 1,Alaric Voss,44,joint,1,0,11,1,0,0.0,0,0,0,0.0
Run 1,Alaric Voss,44,solo,0,0,305,0,0,0.619048,599,0,0,0.614815
Run 1,Alaric Voss,45,solo,0,0,288,0,0,0.074468,595,0,0,0.035897
Run 1,Alaric Voss,45,solo,0,0,332,0,0,0.069565,754,0,0,0.039409
Run 1,Alaric Voss,45,solo,0,0,346,0,0,0.11,671,0,0,0.051887
Run 1,Alaric Voss,45,solo,0,0,318,0,0,0.058252,558,0,0,0.048649
Run 1,Alaric Voss,45,solo,0,0,481,0,1,0.873418,623,0,0,0.740157
Run 1,Alaric Voss,45,solo,0,0,356,0,0,0.061404,556,0,0,0.02139
Run 1,Alaric Voss,45,solo,0,0,399,0,0,0.02521,522,0,0,0.057471
Run 1,Alaric Voss,45,solo,0,0,435,0,0,0.020134,774,0,0,0.015625
Run 1,Alaric Voss,45,joint,0,0,302,0,0,0.0,580,0,0,0.057292
Run 1,Alaric Voss,45,solo,0,0,483,1,0,1.0,759,0,1,0.924658
Run 1,Alaric Voss,45,solo,0,0,492,0,0,0.118644,666,0,0,0.329412
Run 1,Alaric Voss,45,solo,0,0,309,0,0,0.087912,491,0,0,0.035714
Run 1,Alaric Voss,45,solo,0,0,383,0,0,0.093458,581,0,0,0.036866
Run 1,Alaric Voss,45,solo,0,0,389,0,0,0.038168,674,0,0,0.029557
Run 1,Alaric Voss,45,joint,1,0,11,1,0,0.0,0,0,0,0.0
Run 1,Alaric Voss,45,solo,0,0,483,1,0,1.0,623,1,0,1.0
Run 1,Alaric Voss,46,solo,0,0,481,1,0,1.0,654,0,0,0.516556
Run 1,Alaric Voss,46,solo,0,0,380,0,0,0.116667,660,0,0,0.031963
Run 1,Alaric Voss,46,solo,0,0,465,0,0,0.16129,572,0,0,0.037634
Run 1,Alaric Voss,46,solo,0,0,283,0,0,0.027778,580,0,0,0.017467
Run 1,Alaric Voss,46,solo,0,0,401,0,0,0.505618,654,1,0,1.0
Run 1,Alaric Voss,46,solo,0,0,468,0,0,0.035714,613,0,0,0.037559
Run 1,Alaric Voss,46,solo,0,0,385,0,0,0.064516,552,0,0,0.080189
Run 1,Alaric Voss,46,solo,0,0,330,0,0,0.026087,570,0,0,0.008439
Run 1,Alaric Voss,46,joint,1,0,11,1,0,0.0,0,0,0,0.0
Run 1,Alaric Voss,46,solo,0,0,483,1,0,1.0,654,1,0,1.0
Run 1,Alaric Voss,46,solo,0,0,481,1,0,1.0,654,1,0,1.0
Run 1,Alaric Voss,46,solo,0,0,454,0,0,0.086957,544,0,0,0.037037
Run 1,Alaric Voss,46,solo,0,0,316,0,0,0.117021,553,0,0,0.034934
Run 1,Alaric Voss,46,solo,0,0,430,0,0,0.12963,572,0,0,0.070707
Run 1,Alaric Voss,46,solo,1,0,481,1,0,1.0,11,1,0,0.0
Run 1,Alaric Voss,46,solo,0,0,387,0,0,0.079365,587,0,0,0.080214
Run 1,Alaric Voss,46,solo,0,0,554,0,0,0.046667,577,0,0,0.021277
Run 1,Alaric Voss,46,solo,0,0,350,0,0,0.211111,518,0,0,0.047619
Run 1,Alaric Voss,47,solo,0,0,481,1,0,1.0,564,0,0,0.677165
Run 1,Alaric Voss,47,solo,0,0,305,0,0,0.128713,669,0,0,0.042194
Run 1,Alaric Voss,47,solo,0,0,340,0,0,0.072727,614,0,0,0.059361
Run 1,Alaric Voss,47,solo,0,0,341,0,0,0.173913,671,0,0,0.095477
Run 1,Alaric Voss,47,solo,0,0,440,0,1,0.918919,668,0,1,0.964912
Run 1,Alaric Voss,47,solo,0,0,463,0,0,0.022059,514,0,0,0.077381
Run 1,Alaric Voss,47,solo,0,0,555,0,0,0.059701,606,0,0,0.02381
Run 1,Alaric Voss,47,solo,0,0,412,0,0,0.04386,687,0,0,0.024876
Run 1,Alaric Voss,47,joint,1,0,11,1,0,0.0,0,0,0,0.0
Run 1,Alaric Voss,47,solo,0,0,482,1,0,1.0,668,1,0,1.0
Run 1,Alaric Voss,47,solo,0,0,483,1,0,1.0,668,1,0,1.0
Run 1,Alaric Voss,47,solo,0,0,358,0,0,0.035714,574,0,0,0.116279
Run 1,Alaric Voss,47,solo,0,0,387,0,0,0.04878,600,0,0,0.054348
Run 1,Alaric Voss,47,solo,0,0,396,0,0,0.078947,584,0,0,0.086957
Run 1,Alaric Voss,47,solo,0,0,481,1,0,1.0,687,1,0,1.0
Run 1,Alaric Voss,47,solo,0,0,366,0,0,0.06087,584,0,0,0.052863
Run 1,Alaric Voss,47,solo,0,0,329,0,0,0.009091,599,0,0,0.021164
Run 1,Alaric Voss,47,solo,0,0,279,0,0,0.011236,682,0,0,0.02381
Run 1,Alaric Voss,48,joint,1,0,11,1,0,0.0,0,0,0,0.0
Run 1,Alaric Voss,48,solo,0,0,442,0,1,0.918919,695,0,0,0.589041
Run 1,Alaric Voss,48,solo,0,0,440,1,0,1.0,695,1,0,1.0
Run 1,Alaric Voss,48,solo,0,0,421,0,0,0.075,540,0,0,0.05618
Run 1,Alaric Voss,48,solo,0,0,419,0,0,0.069231,612,0,0,0.019048
Run 1,Alaric Voss,48,solo,0,0,384,0,0,0.016393,865,0,0,0.023256
Run 1,Alaric Voss,48,solo,0,0,440,1,0,1.0,695,1,0,1.0
Run 1,Alaric Voss,48,solo,0,0,506,0,0,0.021739,607,0,0,0.040816
Run 1,Alaric Voss,48,solo,0,0,384,0,0,0.085106,709,0,0,0.056701
Run 1,Alaric Voss,48,solo,0,0,412,0,0,0.029197,594,0,0,0.032558
Run 1,Alaric Voss,48,solo,0,0,481,1,0,1.0,695,1,0,1.0
Run 1,Alaric Voss,48,solo,0,0,330,0,0,0.061856,507,0,0,0.064706
Run 1,Alaric Voss,48,solo,0,0,434,0,0,0.080357,530,0,0,0.010989
Run 1,Alaric Voss,48,solo,0,0,376,0,0,0.178947,609,0,0,0.044118
Run 1,Alaric Voss,48,solo,1,0,481,1,0,1.0,11,1,0,0.0
Run 1,Alaric Voss,48,solo,0,0,389,0,0,0.090909,740,0,0,0.044554
Run 1,Alaric Voss,48,solo,0,0,366,0,0,0.185567,652,0,0,0.041475
Run 1,Alaric Voss,48,solo,0,0,356,0,0,0.07,678,0,0,0.043902
Run 1,Alaric Voss,49,solo,0,0,481,1,0,1.0,584,0,0,0.68254
Run 1,Alaric Voss,49,solo,0,0,552,0,0,0.012903,671,0,0,0.023585
Run 1,Alaric Voss,49,solo,0,0,468,0,0,0.068182,572,0,0,0.05102
Run 1,Alaric Voss,49,solo,0,0,326,0,0,0.055046,501,0,0,0.041667
Run 1,Alaric Voss,49,joint,1,0,11,1,0,0.0,0,0,0,0.0
Run 1,Alaric Voss,49,solo,0,0,442,1,0,1.0,658,0,0,0.443709
Run 1,Alaric Voss,49,solo,0,0,481,1,0,1.0,658,1,0,1.0
Run 1,Alaric Voss,49,solo,0,0,438,0,0,0.061404,588,0,0,0.023923
Run 1,Alaric Voss,49,solo,0,0,374,0,0,0.07767,576,0,0,0.033333
Run 1,Alaric Voss,49,solo,0,0,327,0,0,0.083333,660,0,0,0.037209
Run 1,Alaric Voss,49,solo,0,0,481,1,0,1.0,824,0,0,0.704225
Run 1,Alaric Voss,49,solo,0,0,412,0,0,0.051724,572,0,0,0.044444
Run 1,Alaric Voss,49,solo,0,0,418,0,0,0.069767,764,0,0,0.056604
Run 1,Alaric Voss,49,solo,0,0,322,0,0,0.113636,638,0,0,0.04
Run 1,Alaric Voss,49,solo,1,0,481,1,0,1.0,11,1,0,0.0
Run 1,Alaric Voss,49,solo,0,0,466,0,0,0.015385,572,0,0,0.061538
Run 1,Alaric Voss,49,solo,0,0,376,0,0,0.066116,542,0,0,0.058201
Run 1,Alaric Voss,49,solo,0,0,240,0,0,0.103896,573,0,0,0.046154
Run 1,Alaric Voss,50,solo,0,0,357,0,1,0.830508,673,0,0,0.609023
Run 1,Alaric Voss,50,solo,0,0,475,0,0,0.04918,494,0,0,0.034884
Run 1,Alaric Voss,50,solo,0,0,371,0,0,0.080808,682,0,0,0.046296
Run 1,Alaric Voss,50,solo,0,0,315,0,0,0.09375,534,0,0,0.075581
Run 1,Alaric Voss,50,joint,1,0,11,1,0,0.0,0,0,0,0.0
Run 1,Alaric Voss,50,solo,0,0,348,0,0,0.289157,559,0,0,0.617886
Run 1,Alaric Voss,50,solo,0,0,481,1,0,1.0,673,1,0,1.0
Run 1,Alaric Voss,50,solo,0,0,355,0,0,0.067961,611,0,0,0.019608
Run 1,Alaric Voss,50,solo,0,0,443,0,0,0.084034,586,0,0,0.041237
Run 1,Alaric Voss,50,solo,0,0,319,0,0,0.081633,461,0,0,0.042328
Run 1,Alaric Voss,50,solo,0,0,481,1,0,1.0,673,1,0,1.0
Run 1,Alaric Voss,50,solo,0,0,296,0,0,0.176471,618,0,0,0.047619
Run 1,Alaric Voss,50,solo,0,0,527,0,0,0.072848,672,0,0,0.069307
Run 1,Alaric Voss,50,solo,0,0,474,0,0,0.18018,582,0,0,0.054945
Run 1,Alaric Voss,50,joint,1,0,11,1,0,0.0,0,0,0,0.0
Run 1,Alaric Voss,50,solo,1,0,348,1,0,1.0,11,1,0,0.0
Run 1,Alaric Voss,51,joint,0,0,487,0,0,0.0,705,0,0,0.014218
Run 1,Alaric Voss,51,solo,0,0,446,0,0,0.554217,636,0,0,0.651852
Run 1,Alaric Voss,51,solo,0,0,509,0,0,0.036145,783,0,0,0.028689
Run 1,Alaric Voss,51,solo,0,0,357,0,0,0.030075,741,0,0,0.023585
Run 1,Alaric Voss,51,solo,0,0,358,0,0,0.063063,727,0,0,0.028436
Run 1,Alaric Voss,51,solo,0,0,352,0,0,0.025,620,0,0,0.071429
Run 1,Alaric Voss,51,solo,0,0,724,0,0,0.561983,615,0,0,0.705882
Run 1,Alaric Voss,51,solo,0,0,553,0,0,0.161765,500,0,0,0.025253
Run 1,Alaric Voss,51,solo,0,0,402,0,0,0.106195,599,0,0,0.066667
Run 1,Alaric Voss,51,solo,0,0,376,0,0,0.119205,666,0,0,0.019139
Run 1,Alaric Voss,51,joint,1,0,11,1,0,0.0,0,0,0,0.0
Run 1,Alaric Voss,51,solo,0,0,342,0,0,0.793651,615,1,0,1.0
Run 1,Alaric Voss,51,solo,0,0,357,1,0,1.0,615,1,0,1.0
Run 1,Alaric Voss,51,solo,0,0,434,0,0,0.056738,551,0,0,0.073684
Run 1,Alaric Voss,51,solo,0,0,515,0,0,0.060606,594,0,0,0.052632
Run 1,Alaric Voss,51,solo,0,0,485,0,0,0.176471,711,0,0,0.044843
Run 1,Alaric Voss,52,solo,0,0,525,0,0,0.790698,587,0,0,0.743363
Run 1,Alaric Voss,52,solo,0,0,256,0,0,0.037383,770,0,0,0.091346
Run 1,Alaric Voss,52,solo,0,0,390,0,0,0.067308,614,0,0,0.045455
Run 1,Alaric Voss,52,solo,0,0,340,0,0,0.023622,682,0,0,0.030303
Run 1,Alaric Voss,52,joint,1,0,11,1,0,0.0,0,0,0,0.0
Run 1,Alaric Voss,52,solo,0,0,359,0,1,0.830508,587,1,0,1.0
Run 1,Alaric Voss,52,solo,0,0,481,1,0,1.0,587,1,0,1.0
Run 1,Alaric Voss,52,solo,0,0,388,0,0,0.042373,746,0,0,0.017937
Run 1,Alaric Voss,52,solo,0,0,329,0,0,0.017699,599,0,0,0.018265
Run 1,Alaric Voss,52,solo,0,0,290,0,0,0.04,622,0,0,0.013274
Run 1,Alaric Voss,52,solo,0,0,394,0,0,0.4,674,0,1,0.9
Run 1,Alaric Voss,52,solo,0,0,423,0,0,0.037879,506,0,0,0.054878
Run 1,Alaric Voss,52,solo,0,0,335,0,0,0.135922,537,0,0,0.08
Run 1,Alaric Voss,52,solo,0,0,315,0,0,0.12037,674,0,0,0.020747
Run 1,Alaric Voss,52,solo,0,0,585,0,1,0.867347,628,0,1,0.942308
Run 1,Alaric Voss,52,solo,0,0,288,0,0,0.088235,507,0,0,0.044944
Run 1,Alaric Voss,52,solo,0,0,473,0,0,0.090164,648,0,0,0.074257
Run 1,Alaric Voss,52,solo,0,0,367,0,0,0.055556,493,0,0,0.011765
Run 1,Alessandro Vieri,1,joint,0,0,338,0,0,0.0,624,0,0,0.0
Run 1,Alessandro Vieri,1,solo,0,0,272,0,0,0.0,537,0,0,0.0
Run 1,Alessandro Vieri,1,solo,0,0,452,0,0,0.106557,760,0,0,0.0
Run 1,Alessandro Vieri,1,solo,0,0,365,0,0,0.108696,473,0,0,0.0
Run 1,Alessandro Vieri,1,solo,0,0,327,0,0,0.12963,549,0,0,0.0
Run 1,Alessandro Vieri,1,solo,0,0,355,0,0,0.009091,616,0,0,0.016393
Run 1,Alessandro Vieri,1,joint,0,0,549,0,0,0.0,666,0,0,0.004444
Run 1,Alessandro Vieri,1,solo,0,0,461,0,0,0.464912,726,0,0,0.622047
Run 1,Alessandro Vieri,1,solo,0,0,425,0,0,0.758242,726,1,0,1.0
Run 1,Alessandro Vieri,1,solo,0,0,388,0,0,0.115385,623,0,0,0.046875
Run 1,Alessandro Vieri,1,solo,0,0,399,0,0,0.014493,730,0,0,0.008621
Run 1,Alessandro Vieri,1,solo,0,0,333,0,0,0.0,602,0,0,0.03125
Run 1,Alessandro Vieri,1,solo,0,0,409,0,0,0.006369,609,0,0,0.017316
Run 1,Alessandro Vieri,1,solo,0,0,403,0,0,0.006579,680,0,0,0.029557
Run 1,Alessandro Vieri,1,solo,0,0,335,0,0,0.0,725,0,0,0.008163
Run 1,Alessandro Vieri,1,solo,0,0,502,0,0,0.0,603,0,0,0.00565
Run 1,Alessandro Vieri,2,solo,0,0,461,1,0,1.0,885,0,0,0.490683
Run 1,Alessandro Vieri,2,solo,0,0,352,0,0,0.008,579,0,0,0.038462
Run 1,Alessandro Vieri,2,solo,0,0,499,0,0,0.0,673,0,0,0.014085
Run 1,Alessandro Vieri,2,solo,0,0,328,0,0,0.0,667,0,0,0.043825
Run 1,Alessandro Vieri,2,solo,0,0,611,0,0,0.230263,652,0,0,0.071429
Run 1,Alessandro Vieri,2,solo,0,0,388,0,0,0.027972,597,0,0,0.031414
Run 1,Alessandro Vieri,2,solo,0,0,638,0,0,0.005882,564,0,0,0.071823
Run 1,Alessandro Vieri,2,solo,0,0,293,0,0,0.009091,642,0,0,0.024155
Run 1,Alessandro Vieri,2,joint,1,0,11,0,0,0.0,0,0,0,0.0
Run 1,Alessandro Vieri,2,solo,0,0,461,1,0,1.0,885,1,0,1.0
Run 1,Alessandro Vieri,2,solo,0,0,518,0,1,0.86,652,1,0,1.0
Run 1,Alessandro Vieri,2,solo,0,0,204,0,0,0.010526,514,0,0,0.042328
Run 1,Alessandro Vieri,2,solo,0,0,478,0,0,0.0,836,0,0,0.033195
Run 1,Alessandro Vieri,2,solo,0,0,370,0,0,0.008621,529,0,0,0.02454
Run 1,Alessandro Vieri,2,joint,1,0,11,1,0,0.0,0,0,0,0.0
Run 1,Alessandro Vieri,2,solo,1,0,443,0,0,0.504587,11,0,0,0.0
Run 1,Alessandro Vieri,3,solo,0,0,502,0,1,0.868132,577,0,0,0.79798
Run 1,Alessandro Vieri,3,solo,0,0,361,0,0,0.059259,582,0,0,0.02551
Run 1,Alessandro Vieri,3,solo,0,0,434,0,0,0.015038,628,0,0,0.033333
Run 1,Alessandro Vieri,3,solo,0,0,333,0,0,0.021429,618,0,0,0.012552
Run 1,Alessandro Vieri,3,joint,1,0,11,1,0,0.0,0,0,0,0.0
Run 1,Alessandro Vieri,3,solo,0,0,529,0,0,0.298611,645,0,0,0.578947
Run 1,Alessandro Vieri,3,solo,0,0,527,0,1,0.88764,645,1,0,1.0
Run 1,Alessandro Vieri,3,solo,0,0,202,0,0,0.054545,581,0,0,0.038961
Run 1,Alessandro Vieri,3,solo,0,0,302,0,0,0.150685,670,0,0,0.037915
Run 1,Alessandro Vieri,3,solo,0,0,360,0,0,0.009524,642,0,0,0.033493
Run 1,Alessandro Vieri,3,joint,1,0,11,1,0,0.0,0,0,0,0.0
Run 1,Alessandro Vieri,3,solo,0,0,498,0,0,0.276786,544,0,0,0.024155
Run 1,Alessandro Vieri,3,solo,0,0,527,1,0,1.0,645,1,0,1.0
Run 1,Alessandro Vieri,3,solo,0,0,360,0,0,0.015038,624,0,0,0.033981
Run 1,Alessandro Vieri,3,solo,0,0,399,0,0,0.007143,511,0,0,0.016216
Run 1,Alessandro Vieri,3,solo,0,0,537,0,0,0.023121,565,0,0,0.01
Run 1,Alessandro Vieri,4,solo,0,0,529,1,0,1.0,757,0,0,0.52795
Run 1,Alessandro Vieri,4,solo,0,0,340,0,0,0.038462,693,0,0,0.058537
Run 1,Alessandro Vieri,4,solo,0,0,308,0,0,0.164835,600,0,0,0.014151
Run 1,Alessandro Vieri,4,solo,0,0,272,0,0,0.03125,1304,0,0,0.007614
Run 1,Alessandro Vieri,4,joint,1,0,11,1,0,0.0,0,0,0,0.0
Run 1,Alessandro Vieri,4,solo,0,0,529,1,0,1.0,790,0,1,0.957143
Run 1,Alessandro Vieri,4,solo,0,0,529,1,0,1.0,790,1,0,1.0
Run 1,Alessandro Vieri,4,solo,0,0,582,0,0,0.036364,825,0,0,0.060606
Run 1,Alessandro Vieri,4,solo,0,0,449,0,0,0.047619,762,0,0,0.040146
Run 1,Alessandro Vieri,4,solo,0,0,329,0,0,0.023438,541,0,0,0.07177
Run 1,Alessandro Vieri,4,solo,0,0,711,0,0,0.59375,790,1,0,1.0
Run 1,Alessandro Vieri,4,solo,0,0,246,0,0,0.070423,497,0,0,0.010989
Run 1,Alessandro Vieri,4,solo,0,0,627,0,0,0.011111,685,0,0,0.046414
Run 1,Alessandro Vieri,4,solo,0,0,442,0,0,0.0,727,0,0,0.019417
Run 1,Alessandro Vieri,4,solo,1,0,11,0,0,0.0,11,1,0,0.0
Run 1,Alessandro Vieri,4,solo,0,0,536,0,0,0.042373,684,0,0,0.052133
Run 1,Alessandro Vieri,4,solo,0,0,601,0,0,0.027586,571,0,0,0.009302
Run 1,Alessandro Vieri,4,solo,0,0,339,0,0,0.063492,712,0,0,0.047847
Run 1,Alessandro Vieri,5,solo,0,0,623,0,0,0.697248,649,0,0,0.503226
Run 1,Alessandro Vieri,5,solo,0,0,375,0,0,0.039683,494,0,0,0.018519
Run 1,Alessandro Vieri,5,solo,0,0,433,0,0,0.030534,615,0,0,0.013889
Run 1,Alessandro Vieri,5,solo,0,0,246,0,0,0.028846,541,0,0,0.042328
Run 1,Alessandro Vieri,5,joint,1,0,11,1,0,0.0,0,0,0,0.0
Run 1,Alessandro Vieri,5,solo,0,0,540,0,0,0.546218,658,0,0,0.398773
Run 1,Alessandro Vieri,5,solo,0,0,538,0,1,0.897959,658,1,0,1.0
Run 1,Alessandro Vieri,5,solo,0,0,301,0,0,0.027027,584,0,0,0.019608
Run 1,Alessandro Vieri,5,solo,0,0,570,0,0,0.05914,633,0,0,0.080189
Run 1,Alessandro Vieri,5,solo,0,0,359,0,0,0.029126,617,0,0,0.043689
Run 1,Alessandro Vieri,5,solo,0,0,432,0,0,0.457944,656,0,0,0.7
Run 1,Alessandro Vieri,5,solo,0,0,604,0,0,0.020548,631,0,0,0.029412
Run 1,Alessandro Vieri,5,solo,0,0,514,0,0,0.014493,671,0,0,0.042194
Run 1,Alessandro Vieri,5,solo,0,0,397,0,0,0.056911,756,0,0,0.04878
Run 1,Alessandro Vieri,5,solo,1,0,11,1,0,0.0,11,1,0,0.0
Run 1,Alessandro Vieri,5,solo,0,0,337,0,0,0.016393,646,0,0,0.086294
Run 1,Alessandro Vieri,5,solo,0,0,342,0,0,0.0125,603,0,0,0.020833
Run 1,Alessandro Vieri,5,solo,0,0,322,0,0,0.057143,594,0,0,0.04717
Run 1,Alessandro Vieri,6,solo,0,0,369,0,0,0.106195,672,0,0,0.090909
Run 1,Alessandro Vieri,6,solo,0,0,523,0,0,0.021622,599,0,0,0.027778
Run 1,Alessandro Vieri,6,solo,0,0,380,0,0,0.057554,702,0,0,0.045662
Run 1,Alessandro Vieri,6,solo,0,0,351,0,0,0.017241,653,0,0,0.015544
Run 1,Alessandro Vieri,6,joint,1,0,11,1,0,0.0,0,0,0,0.0
Run 1,Alessandro Vieri,6,solo,0,0,362,0,0,0.675325,781,0,0,0.385475
Run 1,Alessandro Vieri,6,solo,0,0,360,0,1,0.861111,781,1,0,1.0
Run 1,Alessandro Vieri,6,solo,0,0,412,0,0,0.019417,761,0,0,0.014706
Run 1,Alessandro Vieri,6,solo,0,0,536,0,0,0.044025,631,0,0,0.016667
Run 1,Alessandro Vieri,6,solo,0,0,341,0,0,0.017857,544,0,0,0.031088
Run 1,Alessandro Vieri,6,joint,1,0,11,1,0,0.0,0,0,0,0.0
Run 1,Alessandro Vieri,6,solo,0,0,363,0,0,0.797297,781,1,0,1.0
Run 1,Alessandro Vieri,6,solo,0,0,366,0,1,0.875,841,0,0,0.339535
Run 1,Alessandro Vieri,6,solo,0,0,411,0,0,0.065693,712,0,0,0.066667
Run 1,Alessandro Vieri,6,solo,0,0,387,0,0,0.00813,628,0,0,0.017143
Run 1,Alessandro Vieri,6,solo,0,0,319,0,0,0.018018,602,0,0,0.025
Run 1,Alessandro Vieri,7,solo,0,0,407,0,0,0.22,598,0,0,0.689394
Run 1,Alessandro Vieri,7,solo,0,0,455,0,0,0.028571,666,0,0,0.024691
Run 1,Alessandro Vieri,7,solo,0,0,870,0,0,0.005076,773,0,0,0.043478
Run 1,Alessandro Vieri,7,solo,0,0,316,0,0,0.04918,645,0,0,0.035
Run 1,Alessandro Vieri,7,solo,0,0,432,0,0,0.320755,630,0,0,0.031111
Run 1,Alessandro Vieri,7,solo,0,0,288,0,0,0.0,618,0,0,0.025
Run 1,Alessandro Vieri,7,solo,0,0,499,0,0,0.027027,665,0,0,0.023148
Run 1,Alessandro Vieri,7,solo,0,0,318,0,0,0.041667,586,0,0,0.013453
Run 1,Alessandro Vieri,7,joint,1,0,11,1,0,0.0,0,0,0,0.0
Run 1,Alessandro Vieri,7,solo,0,0,499,0,0,0.74026,598,1,0,1.0
Run 1,Alessandro Vieri,7,solo,0,0,497,0,1,0.87013,688,0,1,0.913043
Run 1,Alessandro Vieri,7,solo,0,0,575,0,0,0.056497,1099,0,0,0.059028
Run 1,Alessandro Vieri,7,solo,0,0,536,0,0,0.011905,659,0,0,0.041667
Run 1,Alessandro Vieri,7,solo,0,0,239,0,0,0.055556,557,0,0,0.032787
Run 1,Alessandro Vieri,7,solo,1,0,11,1,0,0.0,11,1,0,0.0
Run 1,Alessandro Vieri,7,solo,0,0,416,0,0,0.034247,705,0,0,0.050459
Run 1,Alessandro Vieri,7,solo,0,0,342,0,0,0.050847,739,0,0,0.039216
Run 1,Alessandro Vieri,7,solo,0,0,190,0,0,0.0875,572,0,0,0.015789
Run 1,Alessandro Vieri,8,solo,0,0,407,1,0,1.0,695,0,0,0.61745
Run 1,Alessandro Vieri,8,solo,0,0,359,0,0,0.088,642,0,0,0.041812
Run 1,Alessandro Vieri,8,solo,0,0,434,0,0,0.055944,691,0,0,0.015625
Run 1,Alessandro Vieri,8,solo,0,0,392,0,0,0.061404,591,0,0,0.018957
Run 1,Alessandro Vieri,8,joint,1,0,11,1,0,0.0,0,0,0,0.0
Run 1,Alessandro Vieri,8,solo,0,0,481,0,0,0.298507,700,0,0,0.248619
Run 1,Alessandro Vieri,8,solo,0,0,2998,0,0,0.041304,1176,0,0,0.016667
Run 1,Alessandro Vieri,8,solo,0,0,248,0,0,0.063158,712,0,0,0.044843
Run 1,Alessandro Vieri,8,solo,0,0,538,0,0,0.01227,702,0,0,0.039648
Run 1,Alessandro Vieri,8,solo,0,0,427,0,0,0.0,697,0,0,0.01992
Run 1,Alessandro Vieri,8,solo,0,0,2998,1,0,1.0,764,0,0,0.028037
Run 1,Alessandro Vieri,8,solo,0,0,344,0,0,0.031746,521,0,0,0.032787
Run 1,Alessandro Vieri,8,solo,0,0,580,0,0,0.058442,838,0,0,0.051724
Run 1,Alessandro Vieri,8,solo,0,0,441,0,0,0.017241,755,0,0,0.012097
Run 1,Alessandro Vieri,8,solo,1,0,11,1,0,0.0,11,1,0,0.0
Run 1,Alessandro Vieri,8,solo,0,0,508,0,0,0.070588,723,0,0,0.078049
Run 1,Alessandro Vieri,8,solo,0,0,434,0,0,0.031746,552,0,0,0.036036
Run 1,Alessandro Vieri,8,solo,0,0,472,0,0,0.035928,672,0,0,0.09507
Run 1,Alessandro Vieri,9,solo,0,0,505,0,0,0.5,746,0,0,0.342105
Run 1,Alessandro Vieri,9,solo,0,0,461,0,0,0.021429,499,0,0,0.041237
Run 1,Alessandro Vieri,9,solo,0,0,733,0,0,0.041237,896,0,0,0.007812
Run 1,Alessandro Vieri,9,solo,0,0,395,0,0,0.008333,674,0,0,0.019417
Run 1,Alessandro Vieri,9,joint,1,0,11,1,0,0.0,0,0,0,0.0
Run 1,Alessandro Vieri,9,solo,0,0,461,0,1,0.817204,746,1,0,1.0
Run 1,Alessandro Vieri,9,solo,0,0,461,0,1,0.920455,746,1,0,1.0
Run 1,Alessandro Vieri,9,solo,0,0,405,0,0,0.0,569,0,0,0.014286
Run 1,Alessandro Vieri,9,solo,0,0,532,0,0,0.014706,635,0,0,0.035897
Run 1,Alessandro Vieri,9,solo,0,0,394,0,0,0.051282,598,0,0,0.030457
Run 1,Alessandro Vieri,9,solo,0,0,461,1,0,1.0,746,1,0,1.0
Run 1,Alessandro Vieri,9,solo,0,0,372,0,0,0.02439,476,0,0,0.05988
Run 1,Alessandro Vieri,9,solo,0,0,545,0,0,0.021583,682,0,0,0.051546
Run 1,Alessandro Vieri,9,solo,0,0,430,0,0,0.059701,642,0,0,0.022831
Run 1,Alessandro Vieri,9,solo,1,0,11,1,0,0.0,11,1,0,0.0
Run 1,Alessandro Vieri,9,solo,0,0,394,0,0,0.066667,726,0,0,0.08
Run 1,Alessandro Vieri,9,solo,0,0,317,0,0,0.068966,764,0,0,0.017167
Run 1,Alessandro Vieri,9,solo,0,0,289,0,0,0.035088,531,0,0,0.052632
Run 1,Alessandro Vieri,10,solo,0,0,461,1,0,1.0,817,0,0,0.513966
Run 1,Alessandro Vieri,10,solo,0,0,404,0,0,0.024194,503,0,0,0.039106
Run 1,Alessandro Vieri,10,solo,0,0,298,0,0,0.022901,576,0,0,0.052083
Run 1,Alessandro Vieri,10,solo,0,0,404,0,0,0.038462,602,0,0,0.025862
Run 1,Alessandro Vieri,10,joint,1,0,11,1,0,0.0,0,0,0,0.0
Run 1,Alessandro Vieri,10,solo,0,0,496,0,0,0.76,862,0,0,0.209091
Run 1,Alessandro Vieri,10,solo,0,0,494,0,1,0.892473,817,1,0,1.0
Run 1,Alessandro Vieri,10,solo,0,0,306,0,0,0.045455,605,0,0,0.055838
Run 1,Alessandro Vieri,10,solo,0,0,494,0,0,0.036364,694,0,0,0.014851
Run 1,Alessandro Vieri,10,solo,0,0,354,0,0,0.009434,740,0,0,0.027397
Run 1,Alessandro Vieri,10,solo,0,0,450,0,1,0.920455,817,1,0,1.0
Run 1,Alessandro Vieri,10,solo,0,0,399,0,0,0.057851,751,0,0,0.042017
Run 1,Alessandro Vieri,10,solo,0,0,320,0,0,0.026786,718,0,0,0.035714
Run 1,Alessandro Vieri,10,solo,0,0,292,0,0,0.0625,646,0,0,0.055556
Run 1,Alessandro Vieri,10,joint,1,0,11,1,0,0.0,0,0,0,0.0
Run 1,Alessandro Vieri,10,solo,1,0,11,1,0,0.0,11,1,0,0.0
Run 1,Alessandro Vieri,11,joint,1,0,11,1,0,0.0,0,0,0,0.0
Run 1,Alessandro Vieri,11,solo,0,0,496,1,0,1.0,620,0,0,0.614865
Run 1,Alessandro Vieri,11,solo,0,0,494,1,0,1.0,620,1,0,1.0
Run 1,Alessandro Vieri,11,solo,0,0,468,0,0,0.041667,696,0,0,0.029268
Run 1,Alessandro Vieri,11,solo,0,0,367,0,0,0.034014,565,0,0,0.053398
Run 1,Alessandro Vieri,11,solo,0,0,507,0,0,0.021277,683,0,0,0.012712
Run 1,Alessandro Vieri,11,solo,0,0,450,1,0,1.0,620,1,0,1.0
Run 1,Alessandro Vieri,11,solo,0,0,447,0,0,0.042017,631,0,0,0.051813
Run 1,Alessandro Vieri,11,solo,0,0,331,0,0,0.016529,654,0,0,0.030303
Run 1,Alessandro Vieri,11,solo,0,0,347,0,0,0.040404,592,0,0,0.025
Run 1,Alessandro Vieri,11,solo,0,0,450,1,0,1.0,747,0,1,0.832061
Run 1,Alessandro Vieri,11,solo,0,0,332,0,0,0.048077,602,0,0,0.082474
Run 1,Alessandro Vieri,11,solo,0,0,378,0,0,0.043796,611,0,0,0.055556
Run 1,Alessandro Vieri,11,solo,0,0,523,0,0,0.014599,576,0,0,0.05314
Run 1,Alessandro Vieri,11,solo,1,0,494,1,0,1.0,11,1,0,0.0
Run 1,Alessandro Vieri,11,solo,0,0,436,0,0,0.075,630,0,0,0.05641
Run 1,Alessandro Vieri,11,solo,0,0,450,0,0,0.065574,640,0,0,0.033175
Run 1,Alessandro Vieri,11,solo,0,0,365,0,0,0.022727,589,0,0,0.051163
Run 1,Alessandro Vieri,12,joint,1,0,11,1,0,0.0,0,0,0,0.0
Run 1,Alessandro Vieri,12,solo,0,0,452,0,1,0.920455,682,0,0,0.64539
Run 1,Alessandro Vieri,12,solo,0,0,450,1,0,1.0,682,1,0,1.0
Run 1,Alessandro Vieri,12,solo,0,0,312,0,0,0.044444,527,0,0,0.020942
Run 1,Alessandro Vieri,12,solo,0,0,317,0,0,0.01,543,0,0,0.036199
Run 1,Alessandro Vieri,12,solo,0,0,326,0,0,0.078947,648,0,0,0.005155
Run 1,Alessandro Vieri,12,solo,0,0,450,1,0,1.0,682,1,0,1.0
Run 1,Alessandro Vieri,12,solo,0,0,222,0,0,0.034884,563,0,0,0.015075
Run 1,Alessandro Vieri,12,solo,0,0,387,0,0,0.031646,969,0,0,0.028169
Run 1,Alessandro Vieri,12,solo,0,0,362,0,0,0.027972,710,0,0,0.038298
Run 1,Alessandro Vieri,12,joint,1,0,11,1,0,0.0,0,0,0,0.0
Run 1,Alessandro Vieri,12,solo,1,0,11,1,0,0.0,11,1,0,0.0
Run 1,Alessandro Vieri,12,solo,1,0,11,1,0,0.0,11,1,0,0.0
Run 1,Alessandro Vieri,12,solo,0,0,341,0,0,0.051852,501,0,0,0.031447
Run 1,Alessandro Vieri,12,solo,0,0,579,0,0,0.050562,607,0,0,0.016949
Run 1,Alessandro Vieri,12,solo,0,0,323,0,0,0.070707,734,0,0,0.069869
Run 1,Alessandro Vieri,13,joint,1,0,11,1,0,0.0,0,0,0,0.0
Run 1,Alessandro Vieri,13,solo,0,0,451,0,1,0.905882,728,0,0,0.619048
Run 1,Alessandro Vieri,13,solo,0,0,450,1,0,1.0,728,1,0,1.0
Run 1,Alessandro Vieri,13,solo,0,0,538,0,0,0.006944,722,0,0,0.023697
Run 1,Alessandro Vieri,13,solo,0,0,449,0,0,0.160584,659,0,0,0.078341
Run 1,Alessandro Vieri,13,solo,0,0,356,0,0,0.027027,667,0,0,0.028
Run 1,Alessandro Vieri,13,solo,0,0,450,1,0,1.0,728,1,0,1.0
Run 1,Alessandro Vieri,13,solo,0,0,346,0,0,0.053097,639,0,0,0.071429
Run 1,Alessandro Vieri,13,solo,0,0,325,0,0,0.04386,653,0,0,0.034146
Run 1,Alessandro Vieri,13,solo,0,0,332,0,0,0.016529,598,0,0,0.045
Run 1,Alessandro Vieri,13,joint,1,0,11,1,0,0.0,0,0,0,0.0
Run 1,Alessandro Vieri,13,solo,0,0,488,0,0,0.776596,903,0,0,0.236967
Run 1,Alessandro Vieri,13,solo,0,0,450,1,0,1.0,728,1,0,1.0
Run 1,Alessandro Vieri,13,solo,0,0,348,0,0,0.07619,615,0,0,0.047337
Run 1,Alessandro Vieri,13,solo,0,0,286,0,0,0.045455,623,0,0,0.043011
Run 1,Alessandro Vieri,13,solo,0,0,284,0,0,0.018182,563,0,0,0.010989
Run 1,Alessandro Vieri,14,solo,0,0,331,0,0,0.728395,690,0,0,0.654676
Run 1,Alessandro Vieri,14,solo,0,0,422,0,0,0.069231,663,0,0,0.044554
Run 1,Alessandro Vieri,14,solo,0,0,437,0,0,0.015267,1001,0,0,0.011765
Run 1,Alessandro Vieri,14,solo,0,0,420,0,0,0.069231,811,0,0,0.037657
Run 1,Alessandro Vieri,14,joint,1,0,11,1,0,0.0,0,0,0,0.0
Run 1,Alessandro Vieri,14,solo,0,0,284,1,0,1.0,699,0,0,0.093264
Run 1,Alessandro Vieri,14,solo,0,0,450,1,0,1.0,690,1,0,1.0
Run 1,Alessandro Vieri,14,solo,0,0,299,0,0,0.032,454,0,0,0.057325
Run 1,Alessandro Vieri,14,solo,0,0,644,0,0,0.006494,594,0,0,0.033333
Run 1,Alessandro Vieri,14,solo,0,0,264,0,0,0.072072,529,0,0,0.067485
Run 1,Alessandro Vieri,14,solo,0,0,450,1,0,1.0,690,1,0,1.0
Run 1,Alessandro Vieri,14,solo,0,0,435,0,0,0.070175,635,0,0,0.107843
Run 1,Alessandro Vieri,14,solo,0,0,405,0,0,0.043103,664,0,0,0.077922
Run 1,Alessandro Vieri,14,solo,0,0,360,0,0,0.112,474,0,0,0.028902
Run 1,Alessandro Vieri,14,solo,1,0,11,1,0,0.0,11,1,0,0.0
Run 1,Alessandro Vieri,14,solo,0,0,298,0,0,0.078125,649,0,0,0.025105
Run 1,Alessandro Vieri,14,solo,0,0,494,0,0,0.007092,576,0,0,0.020408
Run 1,Alessandro Vieri,14,solo,0,0,303,0,0,0.054054,478,0,0,0.032967
Run 1,Alessandro Vieri,15,solo,0,0,450,1,0,1.0,704,0,0,0.681159
Run 1,Alessandro Vieri,15,solo,0,0,472,0,0,0.017241,548,0,0,0.068966
Run 1,Alessandro Vieri,15,solo,0,0,441,0,0,0.047244,569,0,0,0.072072
Run 1,Alessandro Vieri,15,solo,0,0,295,0,0,0.034483,710,0,0,0.015444
Run 1,Alessandro Vieri,15,solo,0,0,450,1,0,1.0,704,1,0,1.0
Run 1,Alessandro Vieri,15,solo,0,0,372,0,0,0.019231,611,0,0,0.018779
Run 1,Alessandro Vieri,15,solo,0,0,557,0,0,0.075758,643,0,0,0.068182
Run 1,Alessandro Vieri,15,solo,0,0,289,0,0,0.09375,455,0,0,0.032432
Run 1,Alessandro Vieri,15,solo,0,0,450,1,0,1.0,704,1,0,1.0
Run 1,Alessandro Vieri,15,solo,0,0,425,0,0,0.045455,621,0,0,0.040404
Run 1,Alessandro Vieri,15,solo,0,0,323,0,0,0.089286,808,0,0,0.155251
Run 1,Alessandro Vieri,15,solo,0,0,368,0,0,0.021429,615,0,0,0.043902
Run 1,Alessandro Vieri,15,solo,1,0,11,1,0,0.0,11,1,0,0.0
Run 1,Alessandro Vieri,15,solo,0,0,310,0,0,0.046512,635,0,0,0.066298
Run 1,Alessandro Vieri,15,solo,0,0,383,0,0,0.012821,689,0,0,0.012605
Run 1,Alessandro Vieri,15,solo,0,0,550,0,0,0.040936,778,0,0,0.072874
Run 1,Alessandro Vieri,15,solo,1,0,11,1,0,0.0,11,1,0,0.0
Run 1,Alessandro Vieri,15,solo,0,0,353,0,0,0.025,704,0,0,0.030973
Run 1,Alessandro Vieri,15,solo,0,0,422,0,0,0.028302,613,0,0,0.057292
Run 1,Alessandro Vieri,15,solo,0,0,382,0,0,0.049587,477,0,0,0.023392
Run 1,Alessandro Vieri,16,solo,0,0,458,0,0,0.734043,719,0,0,0.631944
Run 1,Alessandro Vieri,16,solo,0,0,434,0,0,0.057851,690,0,0,0.068493
Run 1,Alessandro Vieri,16,solo,0,0,378,0,0,0.025862,711,0,0,0.037383
Run 1,Alessandro Vieri,16,solo,0,0,369,0,0,0.027778,673,0,0,0.027668
Run 1,Alessandro Vieri,16,joint,1,0,11,1,0,0.0,0,0,0,0.0
Run 1,Alessandro Vieri,16,solo,0,0,614,0,0,0.675439,719,1,0,1.0
Run 1,Alessandro Vieri,16,solo,0,0,438,0,0,0.626263,719,1,0,1.0
Run 1,Alessandro Vieri,16,solo,0,0,461,0,0,0.039474,691,0,0,0.018692
Run 1,Alessandro Vieri,16,solo,0,0,398,0,0,0.027027,620,0,0,0.023585
Run 1,Alessandro Vieri,16,solo,0,0,286,0,0,0.022727,648,0,0,0.015707
Run 1,Alessandro Vieri,16,solo,0,0,286,1,0,1.0,545,0,0,0.689655
Run 1,Alessandro Vieri,16,solo,0,0,498,0,0,0.056604,825,0,0,0.076923
Run 1,Alessandro Vieri,16,solo,0,0,388,0,0,0.033058,833,0,0,0.014815
Run 1,Alessandro Vieri,16,solo,0,0,263,0,0,0.026316,662,0,0,0.023904
Run 1,Alessandro Vieri,16,joint,1,0,11,1,0,0.0,0,0,0,0.0
Run 1,Alessandro Vieri,16,solo,1,0,11,1,0,0.0,11,1,0,0.0
Run 1,Alessandro Vieri,17,solo,0,0,461,0,0,0.639175,923,0,0,0.408163
Run 1,Alessandro Vieri,17,solo,0,0,436,0,0,0.007874,606,0,0,0.037838
Run 1,Alessandro Vieri,17,solo,0,0,390,0,0,0.069307,681,0,0,0.049505
Run 1,Alessandro Vieri,17,solo,0,0,306,0,0,0.066667,609,0,0,0.039106
Run 1,Alessandro Vieri,17,joint,1,0,11,1,0,0.0,0,0,0,0.0
Run 1,Alessandro Vieri,17,solo,0,0,449,0,0,0.645833,859,0,0,0.189076
Run 1,Alessandro Vieri,17,solo,0,0,531,0,0,0.747475,857,0,1,0.946309
Run 1,Alessandro Vieri,17,solo,0,0,327,0,0,0.055046,479,0,0,0.075581
Run 1,Alessandro Vieri,17,solo,0,0,613,0,0,0.02649,797,0,0,0.033195
Run 1,Alessandro Vieri,17,solo,0,0,662,0,0,0.065217,777,0,0,0.045113
Run 1,Alessandro Vieri,17,solo,0,0,447,0,1,0.880952,859,1,0,1.0
Run 1,Alessandro Vieri,17,solo,0,0,394,0,0,0.026087,570,0,0,0.054348
Run 1,Alessandro Vieri,17,solo,0,0,666,0,0,0.025806,617,0,0,0.038627
Run 1,Alessandro Vieri,17,solo,0,0,296,0,0,0.051546,585,0,0,0.044444
Run 1,Alessandro Vieri,17,joint,1,0,11,1,0,0.0,0,0,0,0.0
Run 1,Alessandro Vieri,17,solo,1,0,11,1,0,0.0,11,1,0,0.0
Run 1,Alessandro Vieri,18,joint,0,0,412,0,0,0.0,508,0,0,0.0
Run 1,Alessandro Vieri,18,solo,0,0,554,0,0,0.79798,800,0,0,0.521505
Run 1,Alessandro Vieri,18,joint,1,0,11,1,0,0.0,0,0,0,0.0
Run 1,Alessandro Vieri,18,solo,0,0,482,0,1,0.951807,800,1,0,1.0
Run 1,Alessandro Vieri,18,solo,0,0,447,1,0,1.0,800,1,0,1.0
Run 1,Alessandro Vieri,18,solo,0,0,273,0,0,0.0375,498,0,0,0.037037
Run 1,Alessandro Vieri,18,solo,0,0,471,0,0,0.024845,622,0,0,0.054187
Run 1,Alessandro Vieri,18,solo,0,0,341,0,0,0.045872,616,0,0,0.037209
Run 1,Alessandro Vieri,18,solo,0,0,447,1,0,1.0,800,1,0,1.0
Run 1,Alessandro Vieri,18,solo,0,0,271,0,0,0.041237,610,0,0,0.044335
Run 1,Alessandro Vieri,18,solo,0,0,564,0,0,0.045752,856,0,0,0.009302
Run 1,Alessandro Vieri,18,solo,0,0,409,0,0,0.042017,516,0,0,0.010471
Run 1,Alessandro Vieri,18,joint,1,0,11,1,0,0.0,0,0,0,0.0
Run 1,Alessandro Vieri,18,solo,0,0,535,0,1,0.831579,767,0,0,0.658385
Run 1,Alessandro Vieri,19,solo,0,0,536,0,1,0.84466,687,0,0,0.561728
Run 1,Alessandro Vieri,19,solo,0,0,318,0,0,0.02,703,0,0,0.021459
Run 1,Alessandro Vieri,19,solo,0,0,505,0,0,0.016129,541,0,0,0.022624
Run 1,Alessandro Vieri,19,solo,0,0,280,0,0,0.029126,546,0,0,0.054054
Run 1,Alessandro Vieri,19,joint,0,0,376,0,0,0.0,484,0,0,0.0
Run 1,Alessandro Vieri,19,solo,0,0,508,0,1,0.936842,880,0,0,0.468927
Run 1,Alessandro Vieri,19,joint,1,0,11,1,0,0.0,0,0,0,0.0
Run 1,Alessandro Vieri,19,solo,0,0,538,0,1,0.938776,880,1,0,1.0
Run 1,Alessandro Vieri,19,solo,0,0,506,0,1,0.936842,913,0,0,0.746753
Run 1,Alessandro Vieri,19,solo,0,0,406,0,0,0.024,585,0,0,0.042553
Run 1,Alessandro Vieri,19,solo,0,0,684,0,0,0.033654,771,0,0,0.065789
Run 1,Alessandro Vieri,19,solo,0,0,307,0,0,0.046296,557,0,0,0.014423
Run 1,Alessandro Vieri,19,solo,0,0,536,1,0,1.0,815,0,1,0.839416
Run 1,Alessandro Vieri,19,solo,0,0,389,0,0,0.052174,570,0,0,0.021978
Run 1,Alessandro Vieri,19,solo,0,0,488,0,0,0.017699,1022,0,0,0.022364
Run 1,Alessandro Vieri,19,solo,0,0,505,0,0,0.074074,615,0,0,0.038095
Run 1,Alessandro Vieri,20,solo,0,0,506,1,0,1.0,984,0,0,0.093878
Run 1,Alessandro Vieri,20,solo,0,0,468,0,0,0.098485,646,0,0,0.053398
Run 1,Alessandro Vieri,20,solo,0,0,332,0,0,0.040984,633,0,0,0.019417
Run 1,Alessandro Vieri,20,solo,0,0,359,0,0,0.034783,624,0,0,0.044335
Run 1,Alessandro Vieri,20,joint,1,0,11,1,0,0.0,0,0,0,0.0
Run 1,Alessandro Vieri,20,solo,0,0,449,1,0,1.0,933,0,0,0.513812
Run 1,Alessandro Vieri,20,solo,0,0,506,1,0,1.0,933,1,0,1.0
Run 1,Alessandro Vieri,20,solo,0,0,350,0,0,0.046296,703,0,0,0.026042
Run 1,Alessandro Vieri,20,solo,0,0,299,0,0,0.010753,568,0,0,0.024272
Run 1,Alessandro Vieri,20,solo,0,0,355,0,0,0.028846,841,0,0,0.027273
Run 1,Alessandro Vieri,20,joint,1,0,11,1,0,0.0,0,0,0,0.0
Run 1,Alessandro Vieri,20,solo,0,0,508,1,0,1.0,933,1,0,1.0
Run 1,Alessandro Vieri,20,solo,1,0,506,1,0,1.0,11,1,0,0.0
Run 1,Alessandro Vieri,20,solo,0,0,492,0,0,0.032,670,0,0,0.028436
Run 1,Alessandro Vieri,20,solo,0,0,454,0,0,0.006993,1009,0,0,0.003922
Run 1,Alessandro Vieri,20,solo,0,0,344,0,0,0.029703,633,0,0,0.03271
Run 1,Alessandro Vieri,21,solo,0,0,447,1,0,1.0,841,0,0,0.373391
Run 1,Alessandro Vieri,21,solo,0,0,377,0,0,0.051282,624,0,0,0.036697
Run 1,Alessandro Vieri,21,solo,0,0,407,0,0,0.0625,679,0,0,0.042654
Run 1,Alessandro Vieri,21,solo,0,0,442,0,0,0.034014,571,0,0,0.024272
Run 1,Alessandro Vieri,21,joint,1,0,11,1,0,0.0,0,0,0,0.0
Run 1,Alessandro Vieri,21,solo,0,0,539,0,1,0.822917,841,1,0,1.0
Run 1,Alessandro Vieri,21,solo,0,0,537,0,1,0.90099,841,1,0,1.0
Run 1,Alessandro Vieri,21,solo,0,0,414,0,0,0.008696,617,0,0,0.03252
Run 1,Alessandro Vieri,21,solo,0,0,470,0,0,0.080882,541,0,0,0.036269
Run 1,Alessandro Vieri,21,solo,0,0,315,0,0,0.076087,676,0,0,0.042857
Run 1,Alessandro Vieri,21,solo,0,0,537,1,0,1.0,841,1,0,1.0
Run 1,Alessandro Vieri,21,solo,0,0,445,0,0,0.07563,535,0,0,0.053763
Run 1,Alessandro Vieri,21,solo,0,0,371,0,0,0.036036,600,0,0,0.026596
Run 1,Alessandro Vieri,21,solo,0,0,514,0,0,0.007463,735,0,0,0.017391
Run 1,Alessandro Vieri,21,solo,1,0,11,1,0,0.0,11,1,0,0.0
Run 1,Alessandro Vieri,21,solo,0,0,499,0,0,0.045714,633,0,0,0.033981
Run 1,Alessandro Vieri,21,solo,0,0,475,0,0,0.014706,836,0,0,0.052632
Run 1,Alessandro Vieri,21,solo,0,0,333,0,0,0.023077,766,0,0,0.034632
Run 1,Alessandro Vieri,22,joint,1,0,11,1,0,0.0,0,0,0,0.0
Run 1,Alessandro Vieri,22,solo,0,0,511,0,0,0.788462,828,0,0,0.455882
Run 1,Alessandro Vieri,22,solo,0,0,447,1,0,1.0,828,1,0,1.0
Run 1,Alessandro Vieri,22,solo,0,0,430,0,0,0.02381,413,0,0,0.037975
Run 1,Alessandro Vieri,22,solo,0,0,469,0,0,0.052632,623,0,0,0.028708
Run 1,Alessandro Vieri,22,solo,0,0,463,0,0,0.162963,659,0,0,0.021459
Run 1,Alessandro Vieri,22,solo,0,0,537,1,0,1.0,828,1,0,1.0
Run 1,Alessandro Vieri,22,solo,0,0,489,0,0,0.007812,610,0,0,0.025381
Run 1,Alessandro Vieri,22,solo,0,0,489,0,0,0.010638,650,0,0,0.032129
Run 1,Alessandro Vieri,22,solo,0,0,361,0,0,0.029412,636,0,0,0.038095
Run 1,Alessandro Vieri,22,joint,1,0,11,1,0,0.0,0,0,0,0.0
Run 1,Alessandro Vieri,22,solo,1,0,539,1,0,1.0,11,1,0,0.0
Run 1,Alessandro Vieri,22,joint,1,0,11,1,0,0.0,0,0,0,0.0
Run 1,Alessandro Vieri,22,solo,1,0,449,1,0,1.0,11,1,0,0.0
Run 1,Alessandro Vieri,23,solo,0,0,447,1,0,1.0,641,0,0,0.517857
Run 1,Alessandro Vieri,23,solo,0,0,531,0,0,0.021277,520,0,0,0.04375
Run 1,Alessandro Vieri,23,solo,0,0,461,0,0,0.008065,670,0,0,0.033816
Run 1,Alessandro Vieri,23,solo,0,0,304,0,0,0.03252,581,0,0,0.058824
Run 1,Alessandro Vieri,23,solo,0,0,447,1,0,1.0,771,0,1,0.820896
Run 1,Alessandro Vieri,23,solo,0,0,445,0,0,0.028169,571,0,0,0.039648
Run 1,Alessandro Vieri,23,solo,0,0,370,0,0,0.055556,653,0,0,0.058296
Run 1,Alessandro Vieri,23,solo,0,0,354,0,0,0.04918,669,0,0,0.091787
Run 1,Alessandro Vieri,23,joint,1,0,11,1,0,0.0,0,0,0,0.0
Run 1,Alessandro Vieri,23,solo,0,0,539,1,0,1.0,771,1,0,1.0
Run 1,Alessandro Vieri,23,solo,0,0,447,1,0,1.0,771,1,0,1.0
Run 1,Alessandro Vieri,23,solo,0,0,384,0,0,0.01626,633,0,0,0.055
Run 1,Alessandro Vieri,23,solo,0,0,305,0,0,0.057692,597,0,0,0.044118
Run 1,Alessandro Vieri,23,solo,0,0,237,0,0,0.011765,536,0,0,0.020408
Run 1,Alessandro Vieri,23,solo,1,0,11,1,0,0.0,11,1,0,0.0
Run 1,Alessandro Vieri,23,solo,0,0,443,0,0,0.102564,632,0,0,0.030837
Run 1,Alessandro Vieri,23,solo,0,0,428,0,0,0.027933,665,0,0,0.009259
Run 1,Alessandro Vieri,23,solo,0,0,343,0,0,0.026087,661,0,0,0.024752
Run 1,Alessandro Vieri,24,joint,1,0,11,1,0,0.0,0,0,0,0.0
Run 1,Alessandro Vieri,24,solo,0,0,332,0,0,0.106383,582,0,0,0.019231
Run 1,Alessandro Vieri,24,solo,0,0,537,1,0,1.0,725,0,0,0.573333
Run 1,Alessandro Vieri,24,solo,0,0,270,0,0,0.066667,398,0,0,0.080882
Run 1,Alessandro Vieri,24,solo,0,0,411,0,0,0.062069,599,0,0,0.0625
Run 1,Alessandro Vieri,24,solo,0,0,328,0,0,0.02459,828,0,0,0.034632
Run 1,Alessandro Vieri,24,solo,0,0,537,1,0,1.0,552,0,0,0.375887
Run 1,Alessandro Vieri,24,solo,0,0,644,0,0,0.050562,669,0,0,0.038462
Run 1,Alessandro Vieri,24,solo,0,0,401,0,0,0.016529,793,0,0,0.022222
Run 1,Alessandro Vieri,24,solo,0,0,336,0,0,0.065574,668,0,0,0.027907
Run 1,Alessandro Vieri,24,solo,1,0,447,1,0,1.0,11,1,0,0.0
Run 1,Alessandro Vieri,24,solo,0,0,488,0,0,0.031008,557,0,0,0.015707
Run 1,Alessandro Vieri,24,solo,0,0,420,0,0,0.013245,449,0,0,0.023529
Run 1,Alessandro Vieri,24,solo,0,0,325,0,0,0.066038,659,0,0,0.018692
Run 1,Alessandro Vieri,24,solo,1,0,11,1,0,0.0,11,1,0,0.0
Run 1,Alessandro Vieri,24,solo,0,0,509,0,0,0.112583,645,0,0,0.075829
Run 1,Alessandro Vieri,24,solo,0,0,385,0,0,0.090226,675,0,0,0.040404
Run 1,Alessandro Vieri,24,solo,0,0,325,0,0,0.16129,572,0,0,0.085227
Run 1,Alessandro Vieri,25,joint,1,0,11,1,0,0.0,0,0,0,0.0
Run 1,Alessandro Vieri,25,solo,0,0,515,0,1,0.908163,579,0,0,0.672269
Run 1,Alessandro Vieri,25,solo,0,0,449,0,1,0.950617,579,1,0,1.0
Run 1,Alessandro Vieri,25,solo,0,0,453,0,0,0.00813,684,0,0,0.038095
Run 1,Alessandro Vieri,25,solo,0,0,347,0,0,0.027586,752,0,0,0.017937
Run 1,Alessandro Vieri,25,solo,0,0,344,0,0,0.04717,615,0,0,0.025773
Run 1,Alessandro Vieri,25,solo,0,0,513,0,1,0.908163,579,1,0,1.0
Run 1,Alessandro Vieri,25,solo,0,0,364,0,0,0.049587,592,0,0,0.037344
Run 1,Alessandro Vieri,25,solo,0,0,500,0,0,0.015625,677,0,0,0.024155
Run 1,Alessandro Vieri,25,solo,0,0,506,0,0,0.019608,636,0,0,0.032086
Run 1,Alessandro Vieri,25,solo,1,0,11,1,0,0.0,11,1,0,0.0
Run 1,Alessandro Vieri,25,solo,0,0,386,0,0,0.018018,646,0,0,0.058366
Run 1,Alessandro Vieri,25,solo,0,0,385,0,0,0.02459,589,0,0,0.020305
Run 1,Alessandro Vieri,25,solo,0,0,290,0,0,0.0,561,0,0,0.036697
Run 1,Alessandro Vieri,25,solo,1,0,11,1,0,0.0,11,1,0,0.0
Run 1,Alessandro Vieri,25,solo,0,0,416,0,0,0.11194,612,0,0,0.091837
Run 1,Alessandro Vieri,25,solo,0,0,440,0,0,0.01626,702,0,0,0.033613
Run 1,Alessandro Vieri,25,solo,0,0,393,0,0,0.036496,534,0,0,0.029557
Run 1,Alessandro Vieri,26,solo,0,0,449,1,0,1.0,568,0,1,0.823009
Run 1,Alessandro Vieri,26,solo,0,0,408,0,0,0.061069,611,0,0,0.055249
Run 1,Alessandro Vieri,26,solo,0,0,383,0,0,0.016393,619,0,0,0.009479
Run 1,Alessandro Vieri,26,solo,0,0,309,0,0,0.10101,628,0,0,0.025126
Run 1,Alessandro Vieri,26,solo,0,0,539,0,1,0.959184,568,1,0,1.0
Run 1,Alessandro Vieri,26,solo,0,0,530,0,0,0.030864,831,0,0,0.021459
Run 1,Alessandro Vieri,26,solo,0,0,586,0,0,0.012195,719,0,0,0.036697
Run 1,Alessandro Vieri,26,solo,0,0,336,0,0,0.11,666,0,0,0.064815
Run 1,Alessandro Vieri,26,joint,1,0,11,1,0,0.0,0,0,0,0.0
Run 1,Alessandro Vieri,26,solo,0,0,504,0,1,0.951807,747,0,0,0.047393
Run 1,Alessandro Vieri,26,solo,1,0,447,1,0,1.0,11,1,0,0.0
Run 1,Alessandro Vieri,26,solo,0,0,481,0,0,0.012987,609,0,0,0.034653
Run 1,Alessandro Vieri,26,solo,0,0,471,0,0,0.052239,971,0,0,0.022556
Run 1,Alessandro Vieri,26,solo,0,0,369,0,0,0.025641,513,0,0,0.016854
Run 1,Alessandro Vieri,26,joint,1,0,11,1,0,0.0,0,0,0,0.0
Run 1,Alessandro Vieri,26,solo,1,0,11,1,0,0.0,11,1,0,0.0
Run 1,Alessandro Vieri,27,solo,0,0,447,1,0,1.0,559,0,1,0.855856
Run 1,Alessandro Vieri,27,solo,0,0,284,0,0,0.045802,621,0,0,0.027397
Run 1,Alessandro Vieri,27,solo,0,0,320,0,0,0.192661,795,0,0,0.056522
Run 1,Alessandro Vieri,27,solo,0,0,273,0,0,0.016529,496,0,0,0.046512
Run 1,Alessandro Vieri,27,joint,1,0,11,1,0,0.0,0,0,0,0.0
Run 1,Alessandro Vieri,27,solo,0,0,369,1,0,1.0,509,0,1,0.89011
Run 1,Alessandro Vieri,27,solo,0,0,447,1,0,1.0,559,1,0,1.0
Run 1,Alessandro Vieri,27,solo,0,0,400,0,0,0.096154,585,0,0,0.030151
Run 1,Alessandro Vieri,27,solo,0,0,554,0,0,0.046053,966,0,0,0.035461
Run 1,Alessandro Vieri,27,solo,0,0,532,0,0,0.044944,638,0,0,0.075472
Run 1,Alessandro Vieri,27,solo,0,0,447,1,0,1.0,764,0,0,0.741007
Run 1,Alessandro Vieri,27,solo,0,0,487,0,0,0.06338,629,0,0,0.05314
Run 1,Alessandro Vieri,27,solo,0,0,454,0,0,0.055556,618,0,0,0.050761
Run 1,Alessandro Vieri,27,solo,0,0,349,0,0,0.099099,546,0,0,0.041237
Run 1,Alessandro Vieri,27,solo,1,0,11,1,0,0.0,11,1,0,0.0
Run 1,Alessandro Vieri,27,solo,0,0,302,0,0,0.051546,513,0,0,0.015306
Run 1,Alessandro Vieri,27,solo,0,0,429,0,0,0.143939,601,0,0,0.103093
Run 1,Alessandro Vieri,27,solo,0,0,408,0,0,0.017544,628,0,0,0.009852
Run 1,Alessandro Vieri,28,solo,0,0,447,1,0,1.0,566,0,1,0.81982
Run 1,Alessandro Vieri,28,solo,0,0,382,0,0,0.036765,622,0,0,0.038217
Run 1,Alessandro Vieri,28,solo,0,0,468,0,0,0.036765,585,0,0,0.017391
Run 1,Alessandro Vieri,28,solo,0,0,557,0,0,0.012987,727,0,0,0.012295
Run 1,Alessandro Vieri,28,solo,0,0,449,1,0,1.0,566,1,0,1.0
Run 1,Alessandro Vieri,28,solo,0,0,495,0,0,0.097222,608,0,0,0.009901
Run 1,Alessandro Vieri,28,solo,0,0,461,0,0,0.055556,561,0,0,0.029851
Run 1,Alessandro Vieri,28,solo,0,0,351,0,0,0.035398,676,0,0,0.022026
Run 1,Alessandro Vieri,28,joint,1,0,11,1,0,0.0,0,0,0,0.0
Run 1,Alessandro Vieri,28,solo,0,0,502,0,1,0.88764,566,1,0,1.0
Run 1,Alessandro Vieri,28,solo,1,0,500,0,1,0.893617,11,1,0,0.0
Run 1,Alessandro Vieri,28,solo,0,0,286,0,0,0.03125,514,0,0,0.036842
Run 1,Alessandro Vieri,28,solo,0,0,539,0,0,0.06383,758,0,0,0.039146
Run 1,Alessandro Vieri,28,solo,0,0,373,0,0,0.017391,574,0,0,0.028902
Run 1,Alessandro Vieri,28,joint,1,0,11,1,0,0.0,0,0,0,0.0
Run 1,Alessandro Vieri,28,solo,1,0,11,1,0,0.0,11,1,0,0.0
Run 1,Alessandro Vieri,29,solo,0,0,447,1,0,1.0,575,0,1,0.8125
Run 1,Alessandro Vieri,29,solo,0,0,522,0,0,0.152,695,0,0,0.041916
Run 1,Alessandro Vieri,29,solo,0,0,436,0,0,0.032787,720,0,0,0.080717
Run 1,Alessandro Vieri,29,solo,0,0,436,0,0,0.028571,869,0,0,0.04065
Run 1,Alessandro Vieri,29,joint,1,0,11,1,0,0.0,0,0,0,0.0
Run 1,Alessandro Vieri,29,solo,0,0,501,1,0,1.0,575,1,0,1.0
Run 1,Alessandro Vieri,29,solo,0,0,500,1,0,1.0,575,1,0,1.0
Run 1,Alessandro Vieri,29,solo,0,0,424,0,0,0.144144,555,0,0,0.028902
Run 1,Alessandro Vieri,29,solo,0,0,464,0,0,0.034014,718,0,0,0.056
Run 1,Alessandro Vieri,29,solo,0,0,407,0,0,0.047619,676,0,0,0.035398
Run 1,Alessandro Vieri,29,solo,0,0,500,1,0,1.0,575,1,0,1.0
Run 1,Alessandro Vieri,29,solo,0,0,499,0,0,0.038217,504,0,0,0.064706
Run 1,Alessandro Vieri,29,solo,0,0,468,0,0,0.033557,639,0,0,0.055556
Run 1,Alessandro Vieri,29,solo,0,0,322,0,0,0.113208,713,0,0,0.043651
Run 1,Alessandro Vieri,29,solo,1,0,11,1,0,0.0,11,1,0,0.0
Run 1,Alessandro Vieri,29,solo,0,0,721,0,0,0.032609,769,0,0,0.034783
Run 1,Alessandro Vieri,29,solo,0,0,430,0,0,0.021164,659,0,0,0.07177
Run 1,Alessandro Vieri,29,solo,0,0,262,0,0,0.041667,602,0,0,0.028986
Run 1,Alessandro Vieri,30,joint,1,0,11,1,0,0.0,0,0,0,0.0
Run 1,Alessandro Vieri,30,solo,0,0,504,0,1,0.956044,660,0,1,0.859504
Run 1,Alessandro Vieri,30,solo,0,0,500,1,0,1.0,660,1,0,1.0
Run 1,Alessandro Vieri,30,solo,0,0,245,0,0,0.066667,585,0,0,0.03
Run 1,Alessandro Vieri,30,solo,0,0,673,0,0,0.029412,831,0,0,0.041353
Run 1,Alessandro Vieri,30,solo,0,0,352,0,0,0.032609,690,0,0,0.074074
Run 1,Alessandro Vieri,30,joint,1,0,11,1,0,0.0,0,0,0,0.0
Run 1,Alessandro Vieri,30,solo,0,0,504,1,0,1.0,660,1,0,1.0
Run 1,Alessandro Vieri,30,solo,0,0,293,0,0,0.016393,606,0,0,0.0625
Run 1,Alessandro Vieri,30,solo,0,0,564,0,0,0.012903,804,0,0,0.017094
Run 1,Alessandro Vieri,30,solo,0,0,670,0,0,0.027322,732,0,0,0.038314
Run 1,Alessandro Vieri,30,solo,0,0,390,0,0,0.030303,684,0,0,0.029536
Run 1,Alessandro Vieri,30,solo,1,0,11,1,0,0.0,11,1,0,0.0
Run 1,Alessandro Vieri,30,solo,0,0,517,0,0,0.172185,639,0,0,0.104762
Run 1,Alessandro Vieri,30,solo,0,0,457,0,0,0.008547,533,0,0,0.035874
Run 1,Alessandro Vieri,30,solo,0,0,316,0,0,0.029126,540,0,0,0.036866
Run 1,Alessandro Vieri,31,solo,0,0,502,0,1,0.956044,575,1,0,1.0
Run 1,Alessandro Vieri,31,solo,0,0,281,0,0,0.020833,599,0,0,0.02139
Run 1,Alessandro Vieri,31,solo,0,0,494,0,0,0.035211,908,0,0,0.029787
Run 1,Alessandro Vieri,31,solo,0,0,349,0,0,0.033333,563,0,0,0.029268
Run 1,Alessandro Vieri,31,joint,1,0,11,1,0,0.0,0,0,0,0.0
Run 1,Alessandro Vieri,31,solo,0,0,406,0,0,0.691358,651,0,0,0.140777
Run 1,Alessandro Vieri,31,solo,0,0,502,1,0,1.0,575,1,0,1.0
Run 1,Alessandro Vieri,31,solo,0,0,431,0,0,0.052288,557,0,0,0.030303
Run 1,Alessandro Vieri,31,solo,0,0,545,0,0,0.057554,628,0,0,0.044776
Run 1,Alessandro Vieri,31,solo,0,0,318,0,0,0.051546,642,0,0,0.030435
Run 1,Alessandro Vieri,31,joint,1,0,11,1,0,0.0,0,0,0,0.0
Run 1,Alessandro Vieri,31,solo,0,0,449,1,0,0.88764,575,1,0,1.0
Run 1,Alessandro Vieri,31,solo,1,0,500,1,0,1.0,11,1,0,0.0
Run 1,Alessandro Vieri,31,solo,0,0,391,0,0,0.106383,633,0,0,0.044643
Run 1,Alessandro Vieri,31,solo,0,0,639,0,0,0.034682,726,0,0,0.021661
Run 1,Alessandro Vieri,31,solo,0,0,315,0,0,0.052083,590,0,0,0.03271
Run 1,Alessandro Vieri,32,solo,0,0,449,1,0,1.0,575,1,0,1.0
Run 1,Alessandro Vieri,32,solo,0,0,221,0,0,0.034884,506,0,0,0.051136
Run 1,Alessandro Vieri,32,solo,0,0,548,0,0,0.025316,732,0,0,0.058608
Run 1,Alessandro Vieri,32,solo,0,0,299,0,0,0.019802,741,0,0,0.01938
Run 1,Alessandro Vieri,32,joint,1,0,11,1,0,0.0,0,0,0,0.0
Run 1,Alessandro Vieri,32,solo,0,0,504,1,0,1.0,727,0,1,0.8125
Run 1,Alessandro Vieri,32,solo,0,0,447,1,0,1.0,575,1,0,1.0
Run 1,Alessandro Vieri,32,solo,0,0,416,0,0,0.024793,563,0,0,0.054054
Run 1,Alessandro Vieri,32,solo,0,0,324,0,0,0.075472,710,0,0,0.018868
Run 1,Alessandro Vieri,32,solo,0,0,313,0,0,0.079208,593,0,0,0.036269
Run 1,Alessandro Vieri,32,joint,1,0,11,1,0,0.0,0,0,0,0.0
Run 1,Alessandro Vieri,32,solo,0,0,449,1,0,1.0,727,1,0,1.0
Run 1,Alessandro Vieri,32,solo,0,0,449,1,0,1.0,727,1,0,1.0
Run 1,Alessandro Vieri,32,solo,0,0,445,0,0,0.012739,563,0,0,0.024631
Run 1,Alessandro Vieri,32,solo,0,0,420,0,0,0.015873,772,0,0,0.018868
Run 1,Alessandro Vieri,32,solo,0,0,429,0,0,0.02521,598,0,0,0.034314
Run 1,Alessandro Vieri,33,solo,0,0,447,1,0,1.0,587,0,0,0.794872
Run 1,Alessandro Vieri,33,solo,0,0,338,0,0,0.018182,466,0,0,0.070968
Run 1,Alessandro Vieri,33,solo,0,0,326,0,0,0.062992,629,0,0,0.033175
Run 1,Alessandro Vieri,33,solo,0,0,337,0,0,0.111111,584,0,0,0.043478
Run 1,Alessandro Vieri,33,solo,0,0,449,1,0,1.0,587,1,0,1.0
Run 1,Alessandro Vieri,33,solo,0,0,413,0,0,0.056911,618,0,0,0.082873
Run 1,Alessandro Vieri,33,solo,0,0,341,0,0,0.039604,550,0,0,0.036269
Run 1,Alessandro Vieri,33,solo,0,0,365,0,0,0.08,607,0,0,0.019324
Run 1,Alessandro Vieri,33,joint,1,0,11,1,0,0.0,0,0,0,0.0
Run 1,Alessandro Vieri,33,solo,0,0,504,1,0,1.0,587,1,0,1.0
Run 1,Alessandro Vieri,33,solo,0,0,365,0,1,0.84127,589,0,0,0.767241
Run 1,Alessandro Vieri,33,solo,0,0,320,0,0,0.050505,595,0,0,0.05291
Run 1,Alessandro Vieri,33,solo,0,0,514,0,0,0.059211,713,0,0,0.028302
Run 1,Alessandro Vieri,33,solo,0,0,499,0,0,0.057143,615,0,0,0.025641
Run 1,Alessandro Vieri,33,joint,1,0,11,1,0,0.0,0,0,0,0.0
Run 1,Alessandro Vieri,33,solo,1,0,11,1,0,0.0,11,1,0,0.0
Run 1,Alessandro Vieri,34,solo,0,0,447,1,0,1.0,609,0,0,0.682927
Run 1,Alessandro Vieri,34,solo,0,0,486,0,0,0.032895,600,0,0,0.049774
Run 1,Alessandro Vieri,34,solo,0,0,463,0,0,0.033113,615,0,0,0.064039
Run 1,Alessandro Vieri,34,solo,0,0,282,0,0,0.155556,602,0,0,0.062176
Run 1,Alessandro Vieri,34,joint,1,0,11,1,0,0.0,0,0,0,0.0
Run 1,Alessandro Vieri,34,solo,0,0,502,1,0,1.0,662,0,0,0.775194
Run 1,Alessandro Vieri,34,solo,0,0,500,1,0,1.0,662,1,0,1.0
Run 1,Alessandro Vieri,34,solo,0,0,548,0,0,0.04375,539,0,0,0.028736
Run 1,Alessandro Vieri,34,solo,0,0,734,0,0,0.011111,750,0,0,0.023474
Run 1,Alessandro Vieri,34,solo,0,0,316,0,0,0.019048,600,0,0,0.025381
Run 1,Alessandro Vieri,34,joint,1,0,11,1,0,0.0,0,0,0,0.0
Run 1,Alessandro Vieri,34,solo,1,0,448,0,0,0.72973,11,1,0,0.0
Run 1,Alessandro Vieri,34,solo,1,0,11,1,0,0.0,11,1,0,0.0
Run 1,Alessandro Vieri,34,solo,0,0,519,0,0,0.045455,627,0,0,0.080189
Run 1,Alessandro Vieri,34,solo,0,0,467,0,0,0.008772,634,0,0,0.027132
Run 1,Alessandro Vieri,34,solo,0,0,256,0,0,0.069307,660,0,0,0.025
Run 1,Alessandro Vieri,35,joint,1,0,11,1,0,0.0,0,0,0,0.0
Run 1,Alessandro Vieri,35,solo,0,0,502,1,0,1.0,575,0,1,0.834783
Run 1,Alessandro Vieri,35,solo,0,0,500,1,0,1.0,575,1,0,1.0
Run 1,Alessandro Vieri,35,solo,0,0,446,0,0,0.028037,832,0,0,0.015936
Run 1,Alessandro Vieri,35,solo,0,0,374,0,0,0.095588,629,0,0,0.117647
Run 1,Alessandro Vieri,35,solo,0,0,326,0,0,0.04717,628,0,0,0.015625
Run 1,Alessandro Vieri,35,solo,0,0,447,1,0,1.0,575,1,0,1.0
Run 1,Alessandro Vieri,35,solo,0,0,337,0,0,0.121739,668,0,0,0.042857
Run 1,Alessandro Vieri,35,solo,0,0,453,0,0,0.113821,510,0,0,0.02994
Run 1,Alessandro Vieri,35,solo,0,0,310,0,0,0.06087,641,0,0,0.058824
Run 1,Alessandro Vieri,35,solo,1,0,447,1,0,1.0,11,1,0,0.0
Run 1,Alessandro Vieri,35,solo,0,0,345,0,0,0.028037,567,0,0,0.055901
Run 1,Alessandro Vieri,35,solo,0,0,489,0,0,0.020548,526,0,0,0.051613
Run 1,Alessandro Vieri,35,solo,0,0,299,0,0,0.098039,871,0,0,0.020492
Run 1,Alessandro Vieri,35,solo,1,0,11,1,0,0.0,11,1,0,0.0
Run 1,Alessandro Vieri,35,solo,0,0,420,0,0,0.035211,614,0,0,0.078049
Run 1,Alessandro Vieri,35,solo,0,0,430,0,0,0.059829,635,0,0,0.042254
Run 1,Alessandro Vieri,35,solo,0,0,355,0,0,0.0,559,0,0,0.010989
Run 1,Alessandro Vieri,36,solo,0,0,447,1,0,1.0,648,0,0,0.728
Run 1,Alessandro Vieri,36,solo,0,0,437,0,0,0.07,653,0,0,0.031963
Run 1,Alessandro Vieri,36,solo,0,0,367,0,0,0.03125,658,0,0,0.022523
Run 1,Alessandro Vieri,36,solo,0,0,231,0,0,0.1,546,0,0,0.028708
Run 1,Alessandro Vieri,36,joint,1,0,11,1,0,0.0,0,0,0,0.0
Run 1,Alessandro Vieri,36,solo,0,0,506,0,1,0.864583,859,0,0,0.413462
Run 1,Alessandro Vieri,36,solo,0,0,504,0,1,0.894737,648,1,0,1.0
Run 1,Alessandro Vieri,36,solo,0,0,363,0,0,0.02963,413,0,0,0.026042
Run 1,Alessandro Vieri,36,solo,0,0,448,0,0,0.014925,621,0,0,0.031414
Run 1,Alessandro Vieri,36,solo,0,0,308,0,0,0.03876,598,0,0,0.088398
Run 1,Alessandro Vieri,36,solo,0,0,451,0,1,0.888889,857,0,1,0.972973
Run 1,Alessandro Vieri,36,solo,0,0,476,0,0,0.013423,596,0,0,0.040698
Run 1,Alessandro Vieri,36,solo,0,0,420,0,0,0.045045,563,0,0,0.017045
Run 1,Alessandro Vieri,36,solo,0,0,295,0,0,0.05618,826,0,0,0.043651
Run 1,Alessandro Vieri,36,solo,1,0,11,1,0,0.0,11,1,0,0.0
Run 1,Alessandro Vieri,36,solo,0,0,556,0,0,0.040698,712,0,0,0.128079
Run 1,Alessandro Vieri,36,solo,0,0,393,0,0,0.021583,707,0,0,0.025316
Run 1,Alessandro Vieri,36,solo,0,0,219,0,0,0.146341,691,0,0,0.014634
Run 1,Alessandro Vieri,37,joint,1,0,11,1,0,0.0,0,0,0,0.0
Run 1,Alessandro Vieri,37,solo,0,0,453,0,1,0.888889,582,0,1,0.801724
Run 1,Alessandro Vieri,37,solo,0,0,451,1,0,1.0,582,1,0,1.0
Run 1,Alessandro Vieri,37,solo,0,0,314,0,0,0.061224,489,0,0,0.053763
Run 1,Alessandro Vieri,37,solo,0,0,467,0,0,0.138686,643,0,0,0.059701
Run 1,Alessandro Vieri,37,solo,0,0,369,0,0,0.016129,510,0,0,0.011628
Run 1,Alessandro Vieri,37,solo,0,0,319,0,0,0.011905,858,0,0,0.004255
Run 1,Alessandro Vieri,37,solo,0,0,459,0,0,0.065789,682,0,0,0.131068
Run 1,Alessandro Vieri,37,solo,0,0,288,0,0,0.03125,686,0,0,0.009479
Run 1,Alessandro Vieri,37,solo,0,0,423,0,0,0.052632,819,0,0,0.029536
Run 1,Alessandro Vieri,37,joint,1,0,11,1,0,0.0,0,0,0,0.0
Run 1,Alessandro Vieri,37,solo,1,0,453,1,0,1.0,11,1,0,0.0
Run 1,Alessandro Vieri,37,solo,1,0,11,1,0,0.0,11,1,0,0.0
Run 1,Alessandro Vieri,37,solo,0,0,292,0,0,0.034783,594,0,0,0.04
Run 1,Alessandro Vieri,37,solo,0,0,395,0,0,0.030534,733,0,0,0.048035
Run 1,Alessandro Vieri,37,solo,0,0,339,0,0,0.007874,506,0,0,0.025424
Run 1,Alessandro Vieri,38,joint,1,0,11,1,0,0.0,0,0,0,0.0
Run 1,Alessandro Vieri,38,solo,0,0,356,0,0,0.7625,594,0,1,0.86087
Run 1,Alessandro Vieri,38,solo,0,0,451,1,0,1.0,594,1,0,1.0
Run 1,Alessandro Vieri,38,solo,0,0,301,0,0,0.028302,597,0,0,0.034483
Run 1,Alessandro Vieri,38,solo,0,0,521,0,0,0.014815,616,0,0,0.020101
Run 1,Alessandro Vieri,38,solo,0,0,270,0,0,0.042105,588,0,0,0.026882
Run 1,Alessandro Vieri,38,solo,0,0,503,0,1,0.909091,594,1,0,1.0
Run 1,Alessandro Vieri,38,solo,0,0,381,0,0,0.054054,622,0,0,0.025641
Run 1,Alessandro Vieri,38,solo,0,0,388,0,0,0.037037,570,0,0,0.00939
Run 1,Alessandro Vieri,38,solo,0,0,344,0,0,0.036036,810,0,0,0.027149
Run 1,Alessandro Vieri,38,solo,0,0,405,0,0,0.756757,594,1,0,1.0
Run 1,Alessandro Vieri,38,solo,0,0,376,0,0,0.038835,572,0,0,0.03
Run 1,Alessandro Vieri,38,solo,0,0,451,0,0,0.056,634,0,0,0.02193
Run 1,Alessandro Vieri,38,solo,0,0,246,0,0,0.011905,500,0,0,0.053571
Run 1,Alessandro Vieri,38,solo,1,0,11,1,0,0.0,11,1,0,0.0
Run 1,Alessandro Vieri,38,solo,0,0,381,0,0,0.040541,516,0,0,0.037267
Run 1,Alessandro Vieri,38,solo,0,0,591,0,0,0.011561,662,0,0,0.039024
Run 1,Alessandro Vieri,38,solo,0,0,270,0,0,0.038462,654,0,0,0.016598
Run 1,Alessandro Vieri,39,solo,0,0,451,1,0,1.0,542,0,1,0.827273
Run 1,Alessandro Vieri,39,solo,0,0,627,0,0,0.018987,734,0,0,0.024876
Run 1,Alessandro Vieri,39,solo,0,0,356,0,0,0.018182,878,0,0,0.021097
Run 1,Alessandro Vieri,39,solo,0,0,354,0,0,0.027523,625,0,0,0.029268
Run 1,Alessandro Vieri,39,joint,1,0,11,1,0,0.0,0,0,0,0.0
Run 1,Alessandro Vieri,39,solo,0,0,615,0,0,0.740741,814,0,0,0.664384
Run 1,Alessandro Vieri,39,solo,0,0,502,0,1,0.909091,814,1,0,1.0
Run 1,Alessandro Vieri,39,solo,0,0,355,0,0,0.060606,509,0,0,0.017094
Run 1,Alessandro Vieri,39,solo,0,0,303,0,0,0.035088,618,0,0,0.089202
Run 1,Alessandro Vieri,39,solo,0,0,357,0,0,0.018519,642,0,0,0.04955
Run 1,Alessandro Vieri,39,joint,1,0,11,1,0,0.0,0,0,0,0.0
Run 1,Alessandro Vieri,39,solo,0,0,406,0,1,0.884058,814,1,0,1.0
Run 1,Alessandro Vieri,39,solo,1,0,501,0,1,0.909091,11,1,0,0.0
Run 1,Alessandro Vieri,39,solo,0,0,462,0,0,0.029412,620,0,0,0.043668
Run 1,Alessandro Vieri,39,solo,0,0,444,0,0,0.136364,560,0,0,0.048309
Run 1,Alessandro Vieri,39,solo,0,0,395,0,0,0.082569,657,0,0,0.060185
Run 1,Alessandro Vieri,40,joint,1,0,11,1,0,0.0,0,0,0,0.0
Run 1,Alessandro Vieri,40,solo,0,0,524,0,0,0.006711,946,0,0,0.012461
Run 1,Alessandro Vieri,40,solo,0,0,426,0,0,0.655172,584,0,0,0.736842
Run 1,Alessandro Vieri,40,solo,0,0,411,0,0,0.007576,658,0,0,0.038462
Run 1,Alessandro Vieri,40,solo,0,0,537,0,0,0.054422,725,0,0,0.026786
Run 1,Alessandro Vieri,40,solo,0,0,294,0,0,0.045977,897,0,0,0.033755
Run 1,Alessandro Vieri,40,solo,0,0,476,0,1,0.898734,634,0,1,0.926606
Run 1,Alessandro Vieri,40,solo,0,0,248,0,0,0.011111,646,0,0,0.074689
Run 1,Alessandro Vieri,40,solo,0,0,343,0,0,0.030303,712,0,0,0.009479
Run 1,Alessandro Vieri,40,solo,0,0,454,0,0,0.014599,699,0,0,0.034188
Run 1,Alessandro Vieri,40,joint,1,0,11,1,0,0.0,0,0,0,0.0
Run 1,Alessandro Vieri,40,solo,1,0,592,0,0,0.57037,11,1,0,0.0
Run 1,Alessandro Vieri,40,joint,1,0,11,1,0,0.0,0,0,0,0.0
Run 1,Alessandro Vieri,40,solo,1,0,563,0,1,0.831933,11,1,0,0.0
Run 1,Alessandro Vieri,41,joint,1,0,11,1,0,0.0,0,0,0,0.0
Run 1,Alessandro Vieri,41,solo,0,0,465,0,0,0.714286,647,0,0,0.613139
Run 1,Alessandro Vieri,41,solo,0,0,483,0,1,0.876543,589,0,0,0.717742
Run 1,Alessandro Vieri,41,solo,0,0,442,0,0,0.054054,698,0,0,0.048458
Run 1,Alessandro Vieri,41,solo,0,0,392,0,0,0.044444,619,0,0,0.049451
Run 1,Alessandro Vieri,41,solo,0,0,249,0,0,0.1125,623,0,0,0.020101
Run 1,Alessandro Vieri,41,solo,0,0,485,0,1,0.951807,589,1,0,1.0
Run 1,Alessandro Vieri,41,solo,0,0,343,0,0,0.016,732,0,0,0.049774
Run 1,Alessandro Vieri,41,solo,0,0,529,0,0,0.01875,580,0,0,0.087629
Run 1,Alessandro Vieri,41,solo,0,0,345,0,0,0.033613,618,0,0,0.041237
Run 1,Alessandro Vieri,41,solo,0,0,485,1,0,1.0,589,1,0,1.0
Run 1,Alessandro Vieri,41,solo,0,0,363,0,0,0.038462,624,0,0,0.083333
Run 1,Alessandro Vieri,41,solo,0,0,414,0,0,0.083333,711,0,0,0.035088
Run 1,Alessandro Vieri,41,solo,0,0,240,0,0,0.265625,629,0,0,0.037037
Run 1,Alessandro Vieri,41,solo,1,0,483,1,0,1.0,11,1,0,0.0
Run 1,Alessandro Vieri,41,solo,0,0,331,0,0,0.092784,615,0,0,0.015
Run 1,Alessandro Vieri,41,solo,0,0,646,0,0,0.019737,657,0,0,0.025126
Run 1,Alessandro Vieri,41,solo,0,0,370,0,0,0.045113,717,0,0,0.059908
Run 1,Alessandro Vieri,42,solo,0,0,483,1,0,1.0,711,0,0,0.074074
Run 1,Alessandro Vieri,42,solo,0,0,426,0,0,0.083333,593,0,0,0.058511
Run 1,Alessandro Vieri,42,solo,0,0,375,0,0,0.025862,717,0,0,0.028169
Run 1,Alessandro Vieri,42,solo,0,0,339,0,0,0.026549,589,0,0,0.03
Run 1,Alessandro Vieri,42,joint,1,0,11,1,0,0.0,0,0,0,0.0
Run 1,Alessandro Vieri,42,solo,0,0,485,0,1,0.883721,680,0,0,0.167442
Run 1,Alessandro Vieri,42,solo,0,0,483,1,0,1.0,573,0,0,0.733333
Run 1,Alessandro Vieri,42,solo,0,0,353,0,0,0.02521,604,0,0,0.053191
Run 1,Alessandro Vieri,42,solo,0,0,446,0,0,0.009524,692,0,0,0.036082
Run 1,Alessandro Vieri,42,solo,0,0,473,0,0,0.029412,659,0,0,0.075758
Run 1,Alessandro Vieri,42,joint,1,0,11,1,0,0.0,0,0,0,0.0
Run 1,Alessandro Vieri,42,solo,1,0,11,1,0,0.0,11,1,0,0.0
Run 1,Alessandro Vieri,42,solo,1,0,11,1,0,0.0,11,1,0,0.0
Run 1,Alessandro Vieri,42,solo,0,0,399,0,0,0.008197,781,0,0,0.038095
Run 1,Alessandro Vieri,42,solo,0,0,327,0,0,0.025862,587,0,0,0.037209
Run 1,Alessandro Vieri,42,solo,0,0,256,0,0,0.096774,578,0,0,0.075829
Run 1,Alessandro Vieri,43,solo,0,0,483,1,0,1.0,692,0,0,0.596154
Run 1,Alessandro Vieri,43,solo,0,0,322,0,0,0.035398,585,0,0,0.070352
Run 1,Alessandro Vieri,43,solo,0,0,516,0,0,0.017964,521,0,0,0.017341
Run 1,Alessandro Vieri,43,solo,0,0,334,0,0,0.064935,629,0,0,0.045662
Run 1,Alessandro Vieri,43,joint,1,0,11,1,0,0.0,0,0,0,0.0
Run 1,Alessandro Vieri,43,solo,0,0,485,1,0,1.0,692,1,0,1.0
Run 1,Alessandro Vieri,43,solo,0,0,483,1,0,1.0,750,0,0,0.201031
Run 1,Alessandro Vieri,43,solo,0,0,496,0,0,0.045802,631,0,0,0.033816
Run 1,Alessandro Vieri,43,solo,0,0,426,0,0,0.039683,634,0,0,0.040201
Run 1,Alessandro Vieri,43,solo,0,0,213,0,0,0.077778,531,0,0,0.050847
Run 1,Alessandro Vieri,43,joint,1,0,11,1,0,0.0,0,0,0,0.0
Run 1,Alessandro Vieri,43,solo,0,0,593,0,0,0.657407,604,0,1,0.811966
Run 1,Alessandro Vieri,43,solo,0,0,483,1,0,1.0,692,1,0,1.0
Run 1,Alessandro Vieri,43,solo,0,0,428,0,0,0.023077,522,0,0,0.037838
Run 1,Alessandro Vieri,43,solo,0,0,524,0,0,0.045455,693,0,0,0.036199
Run 1,Alessandro Vieri,43,solo,0,0,302,0,0,0.05618,637,0,0,0.03211
Run 1,Alessandro Vieri,44,solo,0,0,483,1,0,1.0,585,0,0,0.525
Run 1,Alessandro Vieri,44,solo,0,0,415,0,0,0.056452,644,0,0,0.079602
Run 1,Alessandro Vieri,44,solo,0,0,562,0,0,0.011976,625,0,0,0.038095
Run 1,Alessandro Vieri,44,solo,0,0,388,0,0,0.02069,634,0,0,0.025
Run 1,Alessandro Vieri,44,joint,1,0,11,1,0,0.0,0,0,0,0.0
Run 1,Alessandro Vieri,44,solo,0,0,485,1,0,1.0,685,0,0,0.646667
Run 1,Alessandro Vieri,44,solo,0,0,483,1,0,1.0,685,1,0,1.0
Run 1,Alessandro Vieri,44,solo,0,0,441,0,0,0.008197,843,0,0,0.033613
Run 1,Alessandro Vieri,44,solo,0,0,419,0,0,0.019868,653,0,0,0.042553
Run 1,Alessandro Vieri,44,solo,0,0,282,0,0,0.05,642,0,0,0.053659
Run 1,Alessandro Vieri,44,joint,1,0,11,1,0,0.0,0,0,0,0.0
Run 1,Alessandro Vieri,44,solo,0,0,485,1,0,1.0,760,0,0,0.565789
Run 1,Alessandro Vieri,44,solo,1,0,483,1,0,1.0,11,1,0,0.0
Run 1,Alessandro Vieri,44,solo,0,0,438,0,0,0.038168,597,0,0,0.058824
Run 1,Alessandro Vieri,44,solo,0,0,348,0,0,0.105882,636,0,0,0.026882
Run 1,Alessandro Vieri,44,solo,0,0,232,0,0,0.068493,685,0,0,0.047847
Run 1,Alessandro Vieri,45,solo,0,0,483,1,0,1.0,744,0,0,0.630573
Run 1,Alessandro Vieri,45,solo,0,0,374,0,0,0.036697,472,0,0,0.014563
Run 1,Alessandro Vieri,45,solo,0,0,452,0,0,0.053097,689,0,0,0.03271
Run 1,Alessandro Vieri,45,solo,0,0,315,0,0,0.134146,673,0,0,0.052381
Run 1,Alessandro Vieri,45,joint,1,0,11,1,0,0.0,0,0,0,0.0
Run 1,Alessandro Vieri,45,solo,0,0,485,1,0,1.0,738,0,1,0.948905
Run 1,Alessandro Vieri,45,solo,0,0,483,1,0,1.0,744,1,0,1.0
Run 1,Alessandro Vieri,45,solo,0,0,384,0,0,0.066667,561,0,0,0.050847
Run 1,Alessandro Vieri,45,solo,0,0,574,0,0,0.048485,712,0,0,0.024752
Run 1,Alessandro Vieri,45,solo,0,0,252,0,0,0.027397,712,0,0,0.041284
Run 1,Alessandro Vieri,45,solo,0,0,483,1,0,1.0,690,0,1,0.913043
Run 1,Alessandro Vieri,45,solo,0,0,337,0,0,0.035398,660,0,0,0.029126
Run 1,Alessandro Vieri,45,solo,0,0,530,0,0,0.02069,647,0,0,0.021164
Run 1,Alessandro Vieri,45,solo,0,0,329,0,0,0.024096,587,0,0,0.01005
Run 1,Alessandro Vieri,45,solo,1,0,11,1,0,0.0,11,1,0,0.0
Run 1,Alessandro Vieri,45,solo,0,0,505,0,0,0.025157,632,0,0,0.06422
Run 1,Alessandro Vieri,45,solo,0,0,409,0,0,0.022388,549,0,0,0.061538
Run 1,Alessandro Vieri,45,solo,0,0,438,0,0,0.012422,742,0,0,0.013216
Run 1,Alessandro Vieri,46,solo,0,0,483,1,0,1.0,627,0,0,0.577778
Run 1,Alessandro Vieri,46,solo,0,0,484,0,0,0.065217,512,0,0,0.04375
Run 1,Alessandro Vieri,46,solo,0,0,426,0,0,0.036765,667,0,0,0.035533
Run 1,Alessandro Vieri,46,solo,0,0,319,0,0,0.027027,704,0,0,0.079439
Run 1,Alessandro Vieri,46,joint,1,0,11,1,0,0.0,0,0,0,0.0
Run 1,Alessandro Vieri,46,solo,0,0,485,1,0,1.0,627,1,0,1.0
Run 1,Alessandro Vieri,46,solo,0,0,483,1,0,1.0,627,1,0,1.0
Run 1,Alessandro Vieri,46,solo,0,0,581,0,0,0.056338,789,0,0,0.035242
Run 1,Alessandro Vieri,46,solo,0,0,345,0,0,0.082569,535,0,0,0.037234
Run 1,Alessandro Vieri,46,solo,0,0,277,0,0,0.043956,732,0,0,0.069869
Run 1,Alessandro Vieri,46,solo,0,0,483,1,0,1.0,627,1,0,1.0
Run 1,Alessandro Vieri,46,solo,0,0,336,0,0,0.051282,551,0,0,0.037037
Run 1,Alessandro Vieri,46,solo,0,0,352,0,0,0.037594,616,0,0,0.05291
Run 1,Alessandro Vieri,46,solo,0,0,320,0,0,0.096386,773,0,0,0.051948
Run 1,Alessandro Vieri,46,solo,1,0,11,1,0,0.0,11,1,0,0.0
Run 1,Alessandro Vieri,46,solo,0,0,486,0,0,0.03876,513,0,0,0.020202
Run 1,Alessandro Vieri,46,solo,0,0,530,0,0,0.013605,722,0,0,0.022422
Run 1,Alessandro Vieri,46,solo,0,0,400,0,0,0.090226,790,0,0,0.034335
Run 1,Alessandro Vieri,47,solo,0,0,483,1,0,1.0,670,0,0,0.588235
Run 1,Alessandro Vieri,47,solo,0,0,614,0,0,0.046154,710,0,0,0.04902
Run 1,Alessandro Vieri,47,solo,0,0,457,0,0,0.049645,594,0,0,0.081522
Run 1,Alessandro Vieri,47,solo,0,0,372,0,0,0.050505,705,0,0,0.049261
Run 1,Alessandro Vieri,47,joint,1,0,11,1,0,0.0,0,0,0,0.0
Run 1,Alessandro Vieri,47,solo,0,0,435,0,0,0.016949,757,0,0,0.008547
Run 1,Alessandro Vieri,47,solo,0,0,483,1,0,1.0,670,1,0,1.0
Run 1,Alessandro Vieri,47,solo,0,0,615,0,0,0.04878,904,0,0,0.031128
Run 1,Alessandro Vieri,47,solo,0,0,345,0,0,0.010101,783,0,0,0.040486
Run 1,Alessandro Vieri,47,solo,0,0,393,0,0,0.007937,713,0,0,0.004505
Run 1,Alessandro Vieri,47,solo,1,0,483,1,0,1.0,11,1,0,0.0
Run 1,Alessandro Vieri,47,solo,0,0,409,0,0,0.011628,674,0,0,0.032407
Run 1,Alessandro Vieri,47,solo,0,0,538,0,0,0.015038,566,0,0,0.028037
Run 1,Alessandro Vieri,47,solo,0,0,327,0,0,0.025641,743,0,0,0.036036
Run 1,Alessandro Vieri,47,solo,1,0,11,1,0,0.0,11,1,0,0.0
Run 1,Alessandro Vieri,47,solo,0,0,368,0,0,0.166667,606,0,0,0.062201
Run 1,Alessandro Vieri,47,solo,0,0,475,0,0,0.03681,691,0,0,0.080189
Run 1,Alessandro Vieri,47,solo,0,0,437,0,0,0.252174,581,0,0,0.069652
Run 1,Alessandro Vieri,48,solo,0,0,483,1,0,1.0,685,0,0,0.411392
Run 1,Alessandro Vieri,48,solo,0,0,331,0,0,0.015873,552,0,0,0.022831
Run 1,Alessandro Vieri,48,solo,0,0,818,0,0,0.043716,672,0,0,0.034043
Run 1,Alessandro Vieri,48,solo,0,0,310,0,0,0.058252,604,0,0,0.018349
Run 1,Alessandro Vieri,48,joint,1,0,11,1,0,0.0,0,0,0,0.0
Run 1,Alessandro Vieri,48,solo,0,0,446,0,0,0.47619,685,1,0,1.0
Run 1,Alessandro Vieri,48,solo,0,0,483,1,0,1.0,685,1,0,1.0
Run 1,Alessandro Vieri,48,solo,0,0,335,0,0,0.05,531,0,0,0.030488
Run 1,Alessandro Vieri,48,solo,0,0,560,0,0,0.036145,838,0,0,0.079498
Run 1,Alessandro Vieri,48,solo,0,0,393,0,0,0.039062,709,0,0,0.055556
Run 1,Alessandro Vieri,48,solo,1,0,462,0,0,0.735632,11,1,0,0.0
Run 1,Alessandro Vieri,48,solo,0,0,364,0,0,0.034483,572,0,0,0.024876
Run 1,Alessandro Vieri,48,solo,0,0,357,0,0,0.092308,654,0,0,0.072464
Run 1,Alessandro Vieri,48,solo,0,0,326,0,0,0.043478,721,0,0,0.040724
Run 1,Alessandro Vieri,48,solo,1,0,11,1,0,0.0,11,1,0,0.0
Run 1,Alessandro Vieri,48,solo,0,0,359,0,0,0.06087,506,0,0,0.032432
Run 1,Alessandro Vieri,48,solo,0,0,446,0,0,0.121429,778,0,0,0.107623
Run 1,Alessandro Vieri,48,solo,0,0,349,0,0,0.019355,682,0,0,0.014634
Run 1,Alessandro Vieri,49,solo,0,0,462,1,0,1.0,670,0,0,0.506849
Run 1,Alessandro Vieri,49,solo,0,0,362,0,0,0.223529,778,0,0,0.038793
Run 1,Alessandro Vieri,49,solo,0,0,377,0,0,0.009709,603,0,0,0.020661
Run 1,Alessandro Vieri,49,solo,0,0,334,0,0,0.018182,611,0,0,0.021858
Run 1,Alessandro Vieri,49,solo,0,0,462,1,0,1.0,672,0,1,0.930435
Run 1,Alessandro Vieri,49,solo,0,0,487,0,0,0.02459,685,0,0,0.03653
Run 1,Alessandro Vieri,49,solo,0,0,331,0,0,0.048387,839,0,0,0.06383
Run 1,Alessandro Vieri,49,solo,0,0,354,0,0,0.014706,817,0,0,0.022814
Run 1,Alessandro Vieri,49,joint,1,0,11,1,0,0.0,0,0,0,0.0
Run 1,Alessandro Vieri,49,solo,0,0,466,0,1,0.878049,672,1,0,1.0
Run 1,Alessandro Vieri,49,solo,0,0,462,1,0,1.0,839,0,0,0.787234
Run 1,Alessandro Vieri,49,solo,0,0,345,0,0,0.03252,685,0,0,0.04902
Run 1,Alessandro Vieri,49,solo,0,0,418,0,0,0.020548,668,0,0,0.027778
Run 1,Alessandro Vieri,49,solo,0,0,407,0,0,0.065574,694,0,0,0.056122
Run 1,Alessandro Vieri,49,solo,1,0,11,1,0,0.0,11,1,0,0.0
Run 1,Alessandro Vieri,49,solo,0,0,418,0,0,0.124088,666,0,0,0.104265
Run 1,Alessandro Vieri,49,solo,0,0,363,0,0,0.036765,622,0,0,0.069444
Run 1,Alessandro Vieri,49,solo,0,0,219,0,0,0.032258,498,0,0,0.034884
Run 1,Alessandro Vieri,50,solo,0,0,462,1,0,1.0,726,0,0,0.678832
Run 1,Alessandro Vieri,50,solo,0,0,350,0,0,0.03252,627,0,0,0.04955
Run 1,Alessandro Vieri,50,solo,0,0,397,0,0,0.04878,655,0,0,0.035176
Run 1,Alessandro Vieri,50,solo,0,0,299,0,0,0.045455,753,0,0,0.036145
Run 1,Alessandro Vieri,50,solo,0,0,462,1,0,1.0,726,1,0,1.0
Run 1,Alessandro Vieri,50,solo,0,0,501,0,0,0.036232,431,0,0,0.009709
Run 1,Alessandro Vieri,50,solo,0,0,427,0,0,0.035971,760,0,0,0.092827
Run 1,Alessandro Vieri,50,solo,0,0,486,0,0,0.024793,591,0,0,0.014354
Run 1,Alessandro Vieri,50,joint,1,0,11,1,0,0.0,0,0,0,0.0
Run 1,Alessandro Vieri,50,solo,0,0,464,1,0,1.0,726,1,0,1.0
Run 1,Alessandro Vieri,50,solo,0,0,462,1,0,1.0,726,1,0,1.0
Run 1,Alessandro Vieri,50,solo,0,0,396,0,0,0.078261,591,0,0,0.016304
Run 1,Alessandro Vieri,50,solo,0,0,418,0,0,0.044776,655,0,0,0.061538
Run 1,Alessandro Vieri,50,solo,0,0,206,0,0,0.03125,778,0,0,0.044177
Run 1,Alessandro Vieri,50,solo,1,0,11,1,0,0.0,11,1,0,0.0
Run 1,Alessandro Vieri,50,solo,0,0,392,0,0,0.14876,788,0,0,0.071429
Run 1,Alessandro Vieri,50,solo,0,0,555,0,0,0.034965,718,0,0,0.052846
Run 1,Alessandro Vieri,50,solo,0,0,309,0,0,0.020202,604,0,0,0.029851
Run 1,Alessandro Vieri,51,joint,1,0,11,1,0,0.0,0,0,0,0.0
Run 1,Alessandro Vieri,51,solo,0,0,464,1,0,1.0,638,0,0,0.551948
Run 1,Alessandro Vieri,51,joint,1,0,11,1,0,0.0,0,0,0,0.0
Run 1,Alessandro Vieri,51,solo,0,0,464,1,0,1.0,638,1,0,1.0
Run 1,Alessandro Vieri,51,solo,0,0,462,1,0,1.0,638,1,0,1.0
Run 1,Alessandro Vieri,51,solo,0,0,407,0,0,0.186441,543,0,0,0.046392
Run 1,Alessandro Vieri,51,solo,0,0,233,0,0,0.056818,719,0,0,0.028169
Run 1,Alessandro Vieri,51,solo,0,0,243,0,0,0.053333,638,0,0,0.065116
Run 1,Alessandro Vieri,51,solo,0,0,462,1,0,1.0,728,0,0,0.626761
Run 1,Alessandro Vieri,51,solo,0,0,290,0,0,0.008264,703,0,0,0.026432
Run 1,Alessandro Vieri,51,solo,0,0,262,0,0,0.053191,690,0,0,0.034314
Run 1,Alessandro Vieri,51,solo,0,0,385,0,0,0.027027,589,0,0,0.050562
Run 1,Alessandro Vieri,51,solo,1,0,462,1,0,1.0,11,1,0,0.0
Run 1,Alessandro Vieri,51,solo,0,0,496,0,0,0.02924,740,0,0,0.035556
Run 1,Alessandro Vieri,51,solo,0,0,499,0,0,0.029851,715,0,0,0.036735
Run 1,Alessandro Vieri,51,solo,0,0,326,0,0,0.064,680,0,0,0.038095
Run 1,Alessandro Vieri,52,solo,0,0,462,1,0,1.0,679,0,0,0.716418
Run 1,Alessandro Vieri,52,solo,0,0,452,0,0,0.036496,496,0,0,0.035354
Run 1,Alessandro Vieri,52,solo,0,0,448,0,0,0.12069,700,0,0,0.045082
Run 1,Alessandro Vieri,52,solo,0,0,534,0,0,0.084034,1015,0,0,0.039007
Run 1,Alessandro Vieri,52,solo,0,0,462,1,0,1.0,679,1,0,1.0
Run 1,Alessandro Vieri,52,solo,0,0,455,0,0,0.073171,645,0,0,0.035398
Run 1,Alessandro Vieri,52,solo,0,0,359,0,0,0.070175,571,0,0,0.034653
Run 1,Alessandro Vieri,52,solo,0,0,264,0,0,0.041237,696,0,0,0.021097
Run 1,Alessandro Vieri,52,joint,1,0,11,1,0,0.0,0,0,0,0.0
Run 1,Alessandro Vieri,52,solo,0,0,464,1,0,1.0,679,1,0,1.0
Run 1,Alessandro Vieri,52,solo,0,0,462,1,0,1.0,679,1,0,1.0
Run 1,Alessandro Vieri,52,solo,0,0,520,0,0,0.051948,552,0,0,0.032432
Run 1,Alessandro Vieri,52,solo,0,0,418,0,0,0.046296,724,0,0,0.008032
Run 1,Alessandro Vieri,52,solo,0,0,409,0,0,0.018018,619,0,0,0.019324
Run 1,Alessandro Vieri,52,solo,1,0,11,1,0,0.0,11,1,0,0.0
Run 1,Alessandro Vieri,52,solo,0,0,333,0,0,0.068966,481,0,0,0.015707
Run 1,Alessandro Vieri,52,solo,0,0,552,0,0,0.021739,590,0,0,0.017751
Run 1,Alessandro Vieri,52,solo,0,0,287,0,0,0.026549,562,0,0,0.010582
Run 2,Aaron Whitfield,1,joint,0,0,365,0,0,0.0,488,0,0,0.0
Run 2,Aaron Whitfield,1,solo,0,0,427,0,0,0.0,549,0,0,0.0
Run 2,Aaron Whitfield,1,solo,0,0,386,0,0,0.0,511,0,0,0.0
Run 2,Aaron Whitfield,1,solo,0,0,330,0,0,0.0,503,0,0,0.0
Run 2,Aaron Whitfield,1,solo,0,0,368,0,0,0.0,524,0,0,0.057143
Run 2,Aaron Whitfield,1,solo,0,0,430,0,0,0.024793,477,0,0,0.006098
Run 2,Aaron Whitfield,1,solo,0,0,425,0,0,0.006803,735,0,0,0.004717
Run 2,Aaron Whitfield,1,solo,0,0,466,0,0,0.0,643,0,0,0.009524
Run 2,Aaron Whitfield,1,solo,0,0,301,0,0,0.02,582,0,0,0.032864
Run 2,Aaron Whitfield,1,solo,0,0,399,0,0,0.046296,583,0,0,0.028249
Run 2,Aaron Whitfield,1,joint,0,0,329,0,0,0.0,568,0,0,0.0
Run 2,Aaron Whitfield,1,solo,0,0,327,0,0,0.034247,512,0,0,0.021164
Run 2,Aaron Whitfield,1,solo,0,0,458,0,0,0.040541,618,0,0,0.108225
Run 2,Aaron Whitfield,1,solo,0,0,270,0,0,0.0,467,0,0,0.011834
Run 2,Aaron Whitfield,1,solo,0,0,334,0,0,0.112,546,0,0,0.010929
Run 2,Aaron Whitfield,1,solo,0,0,337,0,0,0.067308,609,0,0,0.013953
Run 2,Aaron Whitfield,2,solo,0,0,414,0,1,0.925926,644,0,0,0.029787
Run 2,Aaron Whitfield,2,solo,0,0,404,0,0,0.016949,513,0,0,0.02139
Run 2,Aaron Whitfield,2,solo,0,0,396,0,0,0.052632,621,0,0,0.016129
Run 2,Aaron Whitfield,2,solo,0,0,408,0,0,0.014925,545,0,0,0.019802
Run 2,Aaron Whitfield,2,solo,0,0,414,1,0,1.0,657,0,0,0.342857
Run 2,Aaron Whitfield,2,solo,0,0,409,0,0,0.037594,517,0,0,0.031579
Run 2,Aaron Whitfield,2,solo,0,0,242,0,0,0.166667,569,0,0,0.028169
Run 2,Aaron Whitfield,2,solo,0,0,406,0,0,0.0,666,0,0,0.030303
Run 2,Aaron Whitfield,2,solo,0,0,414,1,0,1.0,665,0,1,0.965812
Run 2,Aaron Whitfield,2,solo,0,0,362,0,0,0.009009,569,0,0,0.009662
Run 2,Aaron Whitfield,2,solo,0,0,532,0,0,0.016807,606,0,0,0.054187
Run 2,Aaron Whitfield,2,solo,0,0,186,0,0,0.01,572,0,0,0.004854
Run 2,Aaron Whitfield,2,joint,1,0,11,0,0,0.0,0,0,0,0.0
Run 2,Aaron Whitfield,2,solo,0,0,390,0,0,0.38961,593,0,0,0.681159
Run 2,Aaron Whitfield,2,solo,0,0,308,0,0,0.340426,545,0,0,0.315789
Run 2,Aaron Whitfield,2,solo,0,0,442,0,0,0.006536,675,0,0,0.025126
Run 2,Aaron Whitfield,2,solo,0,0,468,0,0,0.017094,687,0,0,0.021053
Run 2,Aaron Whitfield,2,solo,0,0,331,0,0,0.029412,540,0,0,0.019324
Run 2,Aaron Whitfield,3,joint,1,0,11,1,0,0.0,0,0,0,0.0
Run 2,Aaron Whitfield,3,solo,0,0,373,0,1,0.83871,553,0,0,0.766667
Run 2,Aaron Whitfield,3,solo,0,0,309,0,0,0.25,549,0,1,0.893204
Run 2,Aaron Whitfield,3,solo,0,0,399,0,0,0.023077,571,0,0,0.039024
Run 2,Aaron Whitfield,3,solo,0,0,374,0,0,0.075269,625,0,0,0.015789
Run 2,Aaron Whitfield,3,solo,0,0,300,0,0,0.018868,575,0,0,0.01
Run 2,Aaron Whitfield,3,solo,0,0,353,0,1,0.901639,549,1,0,1.0
Run 2,Aaron Whitfield,3,solo,0,0,438,0,0,0.05036,571,0,0,0.037634
Run 2,Aaron Whitfield,3,solo,0,0,399,0,0,0.116071,603,0,0,0.027778
Run 2,Aaron Whitfield,3,solo,0,0,480,0,0,0.015504,681,0,0,0.027397
Run 2,Aaron Whitfield,3,solo,0,0,353,1,0,1.0,590,0,0,0.278788
Run 2,Aaron Whitfield,3,solo,0,0,293,0,0,0.027523,499,0,0,0.010526
Run 2,Aaron Whitfield,3,solo,0,0,309,0,0,0.148148,522,0,0,0.025907
Run 2,Aaron Whitfield,3,solo,0,0,431,0,0,0.015038,633,0,0,0.028708
Run 2,Aaron Whitfield,3,solo,0,0,445,0,0,0.478723,590,1,0,1.0
Run 2,Aaron Whitfield,3,solo,0,0,328,0,0,0.033613,561,0,0,0.034286
Run 2,Aaron Whitfield,3,solo,0,0,362,0,0,0.152174,570,0,0,0.052381
Run 2,Aaron Whitfield,3,solo,0,0,232,0,0,0.0,598,0,0,0.010256
Run 2,Aaron Whitfield,4,solo,0,0,394,0,0,0.147287,636,0,1,0.835938
Run 2,Aaron Whitfield,4,solo,0,0,443,0,0,0.026549,530,0,0,0.020305
Run 2,Aaron Whitfield,4,solo,0,0,337,0,0,0.088496,649,0,0,0.036697
Run 2,Aaron Whitfield,4,solo,0,0,397,0,0,0.028169,532,0,0,0.020513
Run 2,Aaron Whitfield,4,solo,0,0,479,0,0,0.772727,677,0,0,0.033654
Run 2,Aaron Whitfield,4,solo,0,0,408,0,0,0.044444,536,0,0,0.025773
Run 2,Aaron Whitfield,4,solo,0,0,431,0,0,0.021739,605,0,0,0.023364
Run 2,Aaron Whitfield,4,solo,0,0,253,0,0,0.010309,557,0,0,0.017094
Run 2,Aaron Whitfield,4,solo,0,0,395,0,1,0.863014,465,0,0,0.318182
Run 2,Aaron Whitfield,4,solo,0,0,328,0,0,0.030769,565,0,0,0.027027
Run 2,Aaron Whitfield,4,solo,0,0,374,0,0,0.086538,553,0,0,0.018868
Run 2,Aaron Whitfield,4,solo,0,0,370,0,0,0.044118,567,0,0,0.020305
Run 2,Aaron Whitfield,4,joint,1,0,11,1,0,0.0,0,0,0,0.0
Run 2,Aaron Whitfield,4,solo,0,0,366,0,0,0.614458,636,1,0,1.0
Run 2,Aaron Whitfield,4,solo,0,0,537,0,0,0.662921,636,1,0,1.0
Run 2,Aaron Whitfield,4,solo,0,0,351,0,0,0.072727,699,0,0,0.014085
Run 2,Aaron Whitfield,4,solo,0,0,345,0,0,0.024793,646,0,0,0.031414
Run 2,Aaron Whitfield,4,solo,0,0,338,0,0,0.009901,610,0,0,0.019704
Run 2,Aaron Whitfield,5,solo,0,0,766,0,1,0.906977,554,0,0,0.774194
Run 2,Aaron Whitfield,5,solo,0,0,350,0,0,0.031915,595,0,0,0.016129
Run 2,Aaron Whitfield,5,solo,0,0,343,0,0,0.186275,620,0,0,0.018605
Run 2,Aaron Whitfield,5,solo,0,0,323,0,0,0.051546,478,0,0,0.011834
Run 2,Aaron Whitfield,5,joint,1,0,11,1,0,0.0,0,0,0,0.0
Run 2,Aaron Whitfield,5,solo,0,0,314,0,0,0.254717,547,0,0,0.18232
Run 2,Aaron Whitfield,5,solo,0,0,446,0,1,0.906977,554,1,0,1.0
Run 2,Aaron Whitfield,5,solo,0,0,263,0,0,0.009009,596,0,0,0.016043
Run 2,Aaron Whitfield,5,solo,0,0,323,0,0,0.114583,719,0,0,0.013636
Run 2,Aaron Whitfield,5,solo,0,0,212,0,0,0.039604,617,0,0,0.035176
Run 2,Aaron Whitfield,5,solo,0,0,372,0,0,0.126214,660,0,0,0.096618
Run 2,Aaron Whitfield,5,solo,0,0,439,0,0,0.067669,577,0,0,0.039216
Run 2,Aaron Whitfield,5,solo,0,0,443,0,0,0.030534,580,0,0,0.048309
Run 2,Aaron Whitfield,5,solo,0,0,398,0,0,0.140496,673,0,0,0.014706
Run 2,Aaron Whitfield,5,joint,1,0,11,1,0,0.0,0,0,0,0.0
Run 2,Aaron Whitfield,5,solo,1,0,1070,0,1,0.83908,11,0,0,0.0
Run 2,Aaron Whitfield,6,solo,0,0,446,1,0,1.0,550,0,1,0.867257
Run 2,Aaron Whitfield,6,solo,0,0,321,0,0,0.058252,635,0,0,0.015306
Run 2,Aaron Whitfield,6,solo,0,0,415,0,0,0.074766,565,0,0,0.030928
Run 2,Aaron Whitfield,6,solo,0,0,514,0,0,0.098361,628,0,0,0.029851
Run 2,Aaron Whitfield,6,solo,0,0,446,1,0,1.0,550,1,0,1.0
Run 2,Aaron Whitfield,6,solo,0,0,381,0,0,0.064815,641,0,0,0.028302
Run 2,Aaron Whitfield,6,solo,0,0,347,0,0,0.090909,631,0,0,0.023697
Run 2,Aaron Whitfield,6,solo,0,0,304,0,0,0.043478,613,0,0,0.040816
Run 2,Aaron Whitfield,6,solo,0,0,446,1,0,1.0,550,1,0,1.0
Run 2,Aaron Whitfield,6,solo,0,0,256,0,0,0.05618,477,0,0,0.03125
Run 2,Aaron Whitfield,6,solo,0,0,382,0,0,0.168317,650,0,0,0.094527
Run 2,Aaron Whitfield,6,solo,0,0,303,0,0,0.114286,582,0,0,0.036697
Run 2,Aaron Whitfield,6,joint,1,0,11,1,0,0.0,0,0,0,0.0
Run 2,Aaron Whitfield,6,solo,0,0,648,0,0,0.395683,707,0,0,0.766423
Run 2,Aaron Whitfield,6,solo,0,0,412,0,0,0.349515,644,0,1,0.875
Run 2,Aaron Whitfield,6,solo,0,0,394,0,0,0.081633,476,0,0,0.016949
Run 2,Aaron Whitfield,6,solo,0,0,424,0,0,0.061947,539,0,0,0.038251
Run 2,Aaron Whitfield,6,solo,0,0,352,0,0,0.144578,527,0,0,0.096774
Run 2,Aaron Whitfield,7,solo,0,0,501,0,0,0.755102,665,0,0,0.711111
Run 2,Aaron Whitfield,7,solo,0,0,489,0,0,0.05298,646,0,0,0.043103
Run 2,Aaron Whitfield,7,solo,0,0,399,0,0,0.053571,542,0,0,0.035714
Run 2,Aaron Whitfield,7,solo,0,0,374,0,0,0.053097,739,0,0,0.017467
Run 2,Aaron Whitfield,7,solo,0,0,446,1,0,1.0,665,1,0,1.0
Run 2,Aaron Whitfield,7,solo,0,0,308,0,0,0.040323,625,0,0,0.021053
Run 2,Aaron Whitfield,7,solo,0,0,307,0,0,0.240964,678,0,0,0.025974
Run 2,Aaron Whitfield,7,solo,0,0,412,0,0,0.075,469,0,0,0.025641
Run 2,Aaron Whitfield,7,solo,0,0,583,0,1,0.844037,665,1,0,1.0
Run 2,Aaron Whitfield,7,solo,0,0,192,0,0,0.036145,640,0,0,0.042781
Run 2,Aaron Whitfield,7,solo,0,0,436,0,0,0.182692,535,0,0,0.060109
Run 2,Aaron Whitfield,7,solo,0,0,464,0,0,0.051095,580,0,0,0.012821
Run 2,Aaron Whitfield,7,joint,1,0,11,1,0,0.0,0,0,0,0.0
Run 2,Aaron Whitfield,7,solo,0,0,404,0,1,0.878049,665,1,0,1.0
Run 2,Aaron Whitfield,7,solo,1,0,501,1,0,1.0,11,1,0,0.0
Run 2,Aaron Whitfield,7,solo,0,0,282,0,0,0.107527,664,0,0,0.046296
Run 2,Aaron Whitfield,7,solo,0,0,436,0,0,0.016529,567,0,0,0.026738
Run 2,Aaron Whitfield,7,solo,0,0,243,0,0,0.011364,626,0,0,0.015464
Run 2,Aaron Whitfield,8,solo,0,0,449,0,1,0.870588,610,0,0,0.75
Run 2,Aaron Whitfield,8,solo,0,0,415,0,0,0.034483,565,0,0,0.088235
Run 2,Aaron Whitfield,8,solo,0,0,410,0,0,0.0625,518,0,0,0.076923
Run 2,Aaron Whitfield,8,solo,0,0,301,0,0,0.076923,691,0,0,0.013043
Run 2,Aaron Whitfield,8,joint,1,0,11,1,0,0.0,0,0,0,0.0
Run 2,Aaron Whitfield,8,solo,0,0,445,0,1,0.948718,610,1,0,1.0
Run 2,Aaron Whitfield,8,solo,0,0,443,0,1,0.938272,610,1,0,1.0
Run 2,Aaron Whitfield,8,solo,0,0,450,0,0,0.090909,589,0,0,0.02439
Run 2,Aaron Whitfield,8,solo,0,0,529,0,0,0.054264,623,0,0,0.043478
Run 2,Aaron Whitfield,8,solo,0,0,278,0,0,0.022989,558,0,0,0.024155
Run 2,Aaron Whitfield,8,solo,0,0,402,0,1,0.948718,610,1,0,1.0
Run 2,Aaron Whitfield,8,solo,0,0,419,0,0,0.076389,649,0,0,0.057778
Run 2,Aaron Whitfield,8,solo,0,0,422,0,0,0.086207,691,0,0,0.027149
Run 2,Aaron Whitfield,8,solo,0,0,220,0,0,0.0625,562,0,0,0.010526
Run 2,Aaron Whitfield,8,solo,1,0,11,0,0,0.0,11,1,0,0.0
Run 2,Aaron Whitfield,8,solo,0,0,502,0,0,0.024242,504,0,0,0.023669
Run 2,Aaron Whitfield,8,solo,0,0,351,0,0,0.057143,543,0,0,0.030303
Run 2,Aaron Whitfield,8,solo,0,0,274,0,0,0.061404,627,0,0,0.018265
Run 2,Aaron Whitfield,9,solo,0,0,540,0,0,0.762887,617,0,0,0.732824
Run 2,Aaron Whitfield,9,solo,0,0,234,0,0,0.046512,467,0,0,0.037037
Run 2,Aaron Whitfield,9,solo,0,0,390,0,0,0.095238,666,0,0,0.014286
Run 2,Aaron Whitfield,9,solo,0,0,394,0,0,0.033613,705,0,0,0.027778
Run 2,Aaron Whitfield,9,solo,0,0,443,1,0,1.0,617,1,0,1.0
Run 2,Aaron Whitfield,9,solo,0,0,311,0,0,0.085366,668,0,0,0.05
Run 2,Aaron Whitfield,9,solo,0,0,334,0,0,0.151163,554,0,0,0.030303
Run 2,Aaron Whitfield,9,solo,0,0,324,0,0,0.147368,530,0,0,0.025
Run 2,Aaron Whitfield,9,solo,0,0,443,1,0,1.0,617,1,0,1.0
Run 2,Aaron Whitfield,9,solo,0,0,452,0,0,0.036232,514,0,0,0.069892
Run 2,Aaron Whitfield,9,solo,0,0,409,0,0,0.034783,643,0,0,0.042453
Run 2,Aaron Whitfield,9,solo,0,0,311,0,0,0.024793,523,0,0,0.006289
Run 2,Aaron Whitfield,9,solo,0,0,443,1,0,1.0,617,1,0,1.0
Run 2,Aaron Whitfield,9,solo,0,0,303,0,0,0.052632,550,0,0,0.063584
Run 2,Aaron Whitfield,9,solo,0,0,324,0,0,0.03,690,0,0,0.043269
Run 2,Aaron Whitfield,9,solo,0,0,355,0,0,0.029412,451,0,0,0.016216
Run 2,Aaron Whitfield,9,solo,1,0,11,1,0,0.0,11,1,0,0.0
Run 2,Aaron Whitfield,9,solo,0,0,356,0,0,0.08,632,0,0,0.048309
Run 2,Aaron Whitfield,9,solo,0,0,380,0,0,0.071429,620,0,0,0.009217
Run 2,Aaron Whitfield,9,solo,0,0,210,0,0,0.020408,672,0,0,0.028708
Run 2,Aaron Whitfield,10,solo,0,0,443,1,0,1.0,515,0,1,0.888889
Run 2,Aaron Whitfield,10,solo,0,0,252,0,0,0.05618,624,0,0,0.023041
Run 2,Aaron Whitfield,10,solo,0,0,435,0,0,0.02381,592,0,0,0.029557
Run 2,Aaron Whitfield,10,solo,0,0,280,0,0,0.076087,569,0,0,0.030303
Run 2,Aaron Whitfield,10,solo,0,0,443,1,0,1.0,647,0,0,0.649254
Run 2,Aaron Whitfield,10,solo,0,0,375,0,0,0.02,559,0,0,0.023148
Run 2,Aaron Whitfield,10,solo,0,0,451,0,0,0.033613,706,0,0,0.027523
Run 2,Aaron Whitfield,10,solo,0,0,297,0,0,0.067961,652,0,0,0.035354
Run 2,Aaron Whitfield,10,solo,0,0,443,1,0,1.0,600,0,1,0.868421
Run 2,Aaron Whitfield,10,solo,0,0,363,0,0,0.064516,526,0,0,0.020101
Run 2,Aaron Whitfield,10,solo,0,0,488,0,0,0.067669,590,0,0,0.063725
Run 2,Aaron Whitfield,10,solo,0,0,495,0,0,0.037594,575,0,0,0.029703
Run 2,Aaron Whitfield,10,solo,1,0,11,1,0,0.0,11,1,0,0.0
Run 2,Aaron Whitfield,10,solo,0,0,469,0,0,0.029851,491,0,0,0.022599
Run 2,Aaron Whitfield,10,solo,0,0,499,0,0,0.061069,591,0,0,0.025126
Run 2,Aaron Whitfield,10,solo,0,0,363,0,0,0.025862,705,0,0,0.042056
Run 2,Aaron Whitfield,10,solo,1,0,11,1,0,0.0,11,1,0,0.0
Run 2,Aaron Whitfield,10,solo,0,0,407,0,0,0.034722,708,0,0,0.034653
Run 2,Aaron Whitfield,10,solo,0,0,368,0,0,0.036232,535,0,0,0.073446
Run 2,Aaron Whitfield,10,solo,0,0,408,0,0,0.079208,520,0,0,0.014778
Run 2,Aaron Whitfield,11,solo,0,0,443,1,0,1.0,550,1,0,1.0
Run 2,Aaron Whitfield,11,solo,0,0,386,0,0,0.040323,560,0,0,0.043716
Run 2,Aaron Whitfield,11,solo,0,0,322,0,0,0.082474,585,0,0,0.052381
Run 2,Aaron Whitfield,11,solo,0,0,220,0,0,0.036036,551,0,0,0.026738
Run 2,Aaron Whitfield,11,solo,0,0,443,1,0,1.0,550,1,0,1.0
Run 2,Aaron Whitfield,11,solo,0,0,395,0,0,0.02521,479,0,0,0.033333
Run 2,Aaron Whitfield,11,solo,0,0,432,0,0,0.042373,741,0,0,0.032258
Run 2,Aaron Whitfield,11,solo,0,0,407,0,0,0.212389,800,0,0,0.012821
Run 2,Aaron Whitfield,11,solo,0,0,487,0,1,0.876289,550,1,0,1.0
Run 2,Aaron Whitfield,11,solo,0,0,478,0,0,0.063492,451,0,0,0.058824
Run 2,Aaron Whitfield,11,solo,0,0,340,0,0,0.217391,516,0,0,0.040609
Run 2,Aaron Whitfield,11,solo,0,0,262,0,0,0.026316,686,0,0,0.043062
Run 2,Aaron Whitfield,11,solo,1,0,11,1,0,0.0,11,1,0,0.0
Run 2,Aaron Whitfield,11,solo,0,0,338,0,0,0.023438,619,0,0,0.029412
Run 2,Aaron Whitfield,11,solo,0,0,329,0,0,0.091837,568,0,0,0.068182
Run 2,Aaron Whitfield,11,solo,0,0,525,0,0,0.041379,848,0,0,0.039062
Run 2,Aaron Whitfield,11,solo,1,0,11,1,0,0.0,11,1,0,0.0
Run 2,Aaron Whitfield,11,solo,0,0,339,0,0,0.073394,593,0,0,0.031088
Run 2,Aaron Whitfield,11,solo,0,0,367,0,0,0.106557,562,0,0,0.038674
Run 2,Aaron Whitfield,11,solo,0,0,384,0,0,0.033058,632,0,0,0.066986
Run 2,Aaron Whitfield,12,joint,0,0,426,0,0,0.0,556,0,0,0.0
Run 2,Aaron Whitfield,12,solo,0,0,407,0,0,0.797468,490,0,0,0.41791
Run 2,Aaron Whitfield,12,solo,0,0,443,1,0,1.0,597,0,1,0.853448
Run 2,Aaron Whitfield,12,solo,0,0,205,0,0,0.032258,641,0,0,0.09
Run 2,Aaron Whitfield,12,solo,0,0,514,0,0,0.157025,676,0,0,0.050761
Run 2,Aaron Whitfield,12,solo,0,0,530,0,0,0.162791,559,0,0,0.071038
Run 2,Aaron Whitfield,12,solo,0,0,443,1,0,1.0,597,1,0,1.0
Run 2,Aaron Whitfield,12,solo,0,0,309,0,0,0.122807,548,0,0,0.032258
Run 2,Aaron Whitfield,12,solo,0,0,401,0,0,0.186275,613,0,0,0.035714
Run 2,Aaron Whitfield,12,solo,0,0,279,0,0,0.0,626,0,0,0.032407
Run 2,Aaron Whitfield,12,joint,1,0,11,1,0,0.0,0,0,0,0.0
Run 2,Aaron Whitfield,12,solo,0,0,445,1,0,1.0,597,1,0,1.0
Run 2,Aaron Whitfield,12,solo,0,0,443,1,0,1.0,597,1,0,1.0
Run 2,Aaron Whitfield,12,solo,0,0,447,0,0,0.034188,611,0,0,0.023148
Run 2,Aaron Whitfield,12,solo,0,0,393,0,0,0.125,523,0,0,0.015152
Run 2,Aaron Whitfield,12,solo,0,0,365,0,0,0.119266,708,0,0,0.041667
Run 2,Aaron Whitfield,13,solo,0,0,367,0,0,0.262136,640,0,0,0.582192
Run 2,Aaron Whitfield,13,solo,0,0,309,0,0,0.081633,584,0,0,0.024876
Run 2,Aaron Whitfield,13,solo,0,0,402,0,0,0.107143,517,0,0,0.022472
Run 2,Aaron Whitfield,13,solo,0,0,372,0,0,0.07377,617,0,0,0.009852
Run 2,Aaron Whitfield,13,solo,0,0,408,0,0,0.744186,594,0,1,0.854839
Run 2,Aaron Whitfield,13,solo,0,0,176,0,0,0.134328,625,0,0,0.088542
Run 2,Aaron Whitfield,13,solo,0,0,432,0,0,0.041667,609,0,0,0.082902
Run 2,Aaron Whitfield,13,solo,0,0,323,0,0,0.055556,577,0,0,0.037838
Run 2,Aaron Whitfield,13,solo,0,0,388,0,0,0.014706,487,0,0,0.039409
Run 2,Aaron Whitfield,13,solo,0,0,455,0,0,0.028169,560,0,0,0.010204
Run 2,Aaron Whitfield,13,solo,0,0,380,0,0,0.059829,598,0,0,0.019455
Run 2,Aaron Whitfield,13,solo,0,0,296,0,0,0.072917,498,0,0,0.027624
Run 2,Aaron Whitfield,13,solo,0,0,277,0,0,0.025,718,0,0,0.216216
Run 2,Aaron Whitfield,13,solo,0,0,284,0,0,0.053191,595,0,0,0.039106
Run 2,Aaron Whitfield,13,solo,0,0,316,0,0,0.102041,536,0,0,0.035897
Run 2,Aaron Whitfield,13,solo,0,0,424,0,0,0.034783,543,0,0,0.050562
Run 2,Aaron Whitfield,13,solo,1,0,11,1,0,0.0,11,1,0,0.0
Run 2,Aaron Whitfield,13,solo,0,0,443,0,0,0.069444,485,0,0,0.035503
Run 2,Aaron Whitfield,13,solo,0,0,230,0,0,0.034483,605,0,0,0.025253
Run 2,Aaron Whitfield,13,solo,0,0,337,0,0,0.03876,580,0,0,0.032407
Run 2,Aaron Whitfield,14,joint,1,0,11,1,0,0.0,0,0,0,0.0
Run 2,Aaron Whitfield,14,solo,0,0,455,0,0,0.032787,632,0,0,0.685714
Run 2,Aaron Whitfield,14,solo,0,0,390,0,0,0.102941,537,0,0,0.048387
Run 2,Aaron Whitfield,14,solo,0,0,343,0,0,0.081633,629,0,0,0.015228
Run 2,Aaron Whitfield,14,solo,0,0,421,0,0,0.096491,681,0,0,0.043062
Run 2,Aaron Whitfield,14,solo,0,0,312,0,0,0.030612,630,0,0,0.052083
Run 2,Aaron Whitfield,14,solo,0,0,391,0,0,0.792208,537,1,0,1.0
Run 2,Aaron Whitfield,14,solo,0,0,433,0,0,0.110236,597,0,0,0.015464
Run 2,Aaron Whitfield,14,solo,0,0,425,0,0,0.073394,577,0,0,0.034314
Run 2,Aaron Whitfield,14,solo,0,0,289,0,0,0.029126,601,0,0,0.015625
Run 2,Aaron Whitfield,14,joint,1,0,11,1,0,0.0,0,0,0,0.0
Run 2,Aaron Whitfield,14,solo,0,0,393,0,1,0.864865,537,1,0,1.0
Run 2,Aaron Whitfield,14,solo,0,0,391,1,0,1.0,537,1,0,1.0
Run 2,Aaron Whitfield,14,solo,0,0,456,0,0,0.027397,597,0,0,0.053659
Run 2,Aaron Whitfield,14,solo,0,0,441,0,0,0.048,639,0,0,0.043716
Run 2,Aaron Whitfield,14,solo,0,0,421,0,0,0.014184,622,0,0,0.037433
Run 2,Aaron Whitfield,15,solo,0,0,369,0,1,0.971014,560,0,1,0.834783
Run 2,Aaron Whitfield,15,solo,0,0,480,0,0,0.034483,671,0,0,0.023697
Run 2,Aaron Whitfield,15,solo,0,0,390,0,0,0.072464,506,0,0,0.011561
Run 2,Aaron Whitfield,15,solo,0,0,469,0,0,0.058824,605,0,0,0.038462
Run 2,Aaron Whitfield,15,solo,0,0,391,1,0,1.0,560,1,0,1.0
Run 2,Aaron Whitfield,15,solo,0,0,482,0,0,0.021898,510,0,0,0.022222
Run 2,Aaron Whitfield,15,solo,0,0,330,0,0,0.044248,602,0,0,0.064865
Run 2,Aaron Whitfield,15,solo,0,0,458,0,0,0.027397,559,0,0,0.036458
Run 2,Aaron Whitfield,15,solo,0,0,391,1,0,1.0,560,1,0,1.0
Run 2,Aaron Whitfield,15,solo,0,0,365,0,0,0.106796,591,0,0,0.018519
Run 2,Aaron Whitfield,15,solo,0,0,402,0,0,0.058824,579,0,0,0.076503
Run 2,Aaron Whitfield,15,solo,0,0,283,0,0,0.07563,517,0,0,0.02139
Run 2,Aaron Whitfield,15,solo,0,0,656,0,0,0.51938,644,0,0,0.124424
Run 2,Aaron Whitfield,15,solo,0,0,466,0,0,0.10219,603,0,0,0.018868
Run 2,Aaron Whitfield,15,solo,0,0,361,0,0,0.049505,578,0,0,0.030151
Run 2,Aaron Whitfield,15,solo,0,0,352,0,0,0.04065,655,0,0,0.032407
Run 2,Aaron Whitfield,15,solo,1,0,11,1,0,0.0,11,1,0,0.0
Run 2,Aaron Whitfield,15,solo,0,0,394,0,0,0.0,701,0,0,0.033175
Run 2,Aaron Whitfield,15,solo,0,0,388,0,0,0.075472,602,0,0,0.028571
Run 2,Aaron Whitfield,15,solo,0,0,296,0,0,0.021053,497,0,0,0.020942
Run 2,Aaron Whitfield,16,solo,0,0,391,1,0,1.0,549,0,1,0.971963
Run 2,Aaron Whitfield,16,solo,0,0,349,0,0,0.05,497,0,0,0.060109
Run 2,Aaron Whitfield,16,solo,0,0,462,0,0,0.097015,616,0,0,0.023923
Run 2,Aaron Whitfield,16,solo,0,0,357,0,0,0.087302,617,0,0,0.033816
Run 2,Aaron Whitfield,16,solo,0,0,391,1,0,1.0,560,1,0,1.0
Run 2,Aaron Whitfield,16,solo,0,0,353,0,0,0.096154,581,0,0,0.063584
Run 2,Aaron Whitfield,16,solo,0,0,370,0,0,0.064,541,0,0,0.045918
Run 2,Aaron Whitfield,16,solo,0,0,281,0,0,0.017857,609,0,0,0.032967
Run 2,Aaron Whitfield,16,joint,1,0,11,1,0,0.0,0,0,0,0.0
Run 2,Aaron Whitfield,16,solo,1,0,11,1,0,0.0,11,1,0,0.0
Run 2,Aaron Whitfield,16,solo,1,0,11,1,0,0.0,11,1,0,0.0
Run 2,Aaron Whitfield,16,solo,0,0,352,0,0,0.022727,620,0,0,0.035714
Run 2,Aaron Whitfield,16,solo,0,0,405,0,0,0.06383,488,0,0,0.044199
Run 2,Aaron Whitfield,16,solo,0,0,300,0,0,0.0375,562,0,0,0.01105
Run 2,Aaron Whitfield,16,solo,1,0,11,1,0,0.0,11,1,0,0.0
Run 2,Aaron Whitfield,16,solo,0,0,318,0,0,0.076923,516,0,0,0.055866
Run 2,Aaron Whitfield,16,solo,0,0,270,0,0,0.095238,613,0,0,0.03211
Run 2,Aaron Whitfield,16,solo,0,0,403,0,0,0.164948,573,0,0,0.030612
Run 2,Aaron Whitfield,17,solo,0,0,391,1,0,1.0,549,1,0,1.0
Run 2,Aaron Whitfield,17,solo,0,0,241,0,0,0.053191,496,0,0,0.034884
Run 2,Aaron Whitfield,17,solo,0,0,472,0,0,0.043165,556,0,0,0.060606
Run 2,Aaron Whitfield,17,solo,0,0,320,0,0,0.033333,629,0,0,0.019512
Run 2,Aaron Whitfield,17,solo,0,0,384,0,0,0.05102,532,0,0,0.04
Run 2,Aaron Whitfield,17,solo,0,0,382,0,0,0.009259,674,0,0,0.014085
Run 2,Aaron Whitfield,17,solo,0,0,362,0,0,0.015152,608,0,0,0.028846
Run 2,Aaron Whitfield,17,solo,0,0,691,0,0,0.03012,680,0,0,0.03
Run 2,Aaron Whitfield,17,solo,0,0,391,1,0,1.0,549,1,0,1.0
Run 2,Aaron Whitfield,17,solo,0,0,336,0,0,0.04717,627,0,0,0.035176
Run 2,Aaron Whitfield,17,solo,0,0,340,0,0,0.080808,525,0,0,0.058824
Run 2,Aaron Whitfield,17,solo,0,0,357,0,0,0.014085,502,0,0,0.048128
Run 2,Aaron Whitfield,17,solo,0,0,493,0,0,0.714286,531,0,1,0.883495
Run 2,Aaron Whitfield,17,solo,0,0,195,0,0,0.036036,586,0,0,0.039604
Run 2,Aaron Whitfield,17,solo,0,0,359,0,0,0.056911,619,0,0,0.063158
Run 2,Aaron Whitfield,17,solo,0,0,257,0,0,0.010417,553,0,0,0.023904
Run 2,Aaron Whitfield,17,solo,1,0,11,1,0,0.0,11,1,0,0.0
Run 2,Aaron Whitfield,17,solo,0,0,471,0,0,0.033557,486,0,0,0.02139
Run 2,Aaron Whitfield,17,solo,0,0,406,0,0,0.054688,551,0,0,0.025773
Run 2,Aaron Whitfield,17,solo,0,0,246,0,0,0.089109,568,0,0,0.020942
Run 2,Aaron Whitfield,18,solo,0,0,431,0,1,0.893333,546,0,1,0.916667
Run 2,Aaron Whitfield,18,solo,0,0,298,0,0,0.096154,595,0,0,0.02139
Run 2,Aaron Whitfield,18,solo,0,0,336,0,0,0.089109,551,0,0,0.066667
Run 2,Aaron Whitfield,18,solo,0,0,291,0,0,0.02439,557,0,0,0.020513
Run 2,Aaron Whitfield,18,solo,0,0,431,1,0,1.0,557,0,1,0.971698
Run 2,Aaron Whitfield,18,solo,0,0,370,0,0,0.127451,736,0,0,0.030151
Run 2,Aaron Whitfield,18,solo,0,0,346,0,0,0.039604,603,0,0,0.082126
Run 2,Aaron Whitfield,18,solo,0,0,318,0,0,0.065421,538,0,0,0.090909
Run 2,Aaron Whitfield,18,solo,0,0,371,1,0,1.0,557,1,0,1.0
Run 2,Aaron Whitfield,18,solo,0,0,437,0,0,0.032787,555,0,0,0.055276
Run 2,Aaron Whitfield,18,solo,0,0,409,0,0,0.034188,593,0,0,0.0199
Run 2,Aaron Whitfield,18,solo,0,0,247,0,0,0.081395,623,0,0,0.089552
Run 2,Aaron Whitfield,18,solo,1,0,11,1,0,0.0,11,1,0,0.0
Run 2,Aaron Whitfield,18,solo,0,0,338,0,0,0.118182,585,0,0,0.03271
Run 2,Aaron Whitfield,18,solo,0,0,313,0,0,0.085106,519,0,0,0.041237
Run 2,Aaron Whitfield,18,solo,0,0,488,0,0,0.013514,519,0,0,0.057471
Run 2,Aaron Whitfield,18,solo,1,0,11,1,0,0.0,11,1,0,0.0
Run 2,Aaron Whitfield,18,solo,0,0,425,0,0,0.015748,559,0,0,0.025381
Run 2,Aaron Whitfield,18,solo,0,0,569,0,0,0.025974,577,0,0,0.047847
Run 2,Aaron Whitfield,18,solo,0,0,244,0,0,0.033708,531,0,0,0.025773
Run 2,Aaron Whitfield,19,solo,0,0,391,1,0,1.0,571,0,1,0.846154
Run 2,Aaron Whitfield,19,solo,0,0,497,0,0,0.067568,755,0,0,0.035842
Run 2,Aaron Whitfield,19,solo,0,0,393,0,0,0.1,509,0,0,0.031915
Run 2,Aaron Whitfield,19,solo,0,0,470,0,0,0.034247,656,0,0,0.021459
Run 2,Aaron Whitfield,19,joint,1,0,11,1,0,0.0,0,0,0,0.0
Run 2,Aaron Whitfield,19,solo,0,0,393,1,0,1.0,560,0,1,0.972727
Run 2,Aaron Whitfield,19,solo,0,0,391,1,0,1.0,571,1,0,1.0
Run 2,Aaron Whitfield,19,solo,0,0,341,0,0,0.058824,589,0,0,0.046154
Run 2,Aaron Whitfield,19,solo,0,0,389,0,0,0.039062,473,0,0,0.076923
Run 2,Aaron Whitfield,19,solo,0,0,425,0,0,0.062992,772,0,0,0.057269
Run 2,Aaron Whitfield,19,solo,1,0,11,1,0,0.0,11,1,0,0.0
Run 2,Aaron Whitfield,19,solo,0,0,319,0,0,0.057851,710,0,0,0.013889
Run 2,Aaron Whitfield,19,solo,0,0,428,0,0,0.072464,599,0,0,0.015
Run 2,Aaron Whitfield,19,solo,0,0,312,0,0,0.025424,748,0,0,0.043103
Run 2,Aaron Whitfield,19,solo,1,0,11,1,0,0.0,11,1,0,0.0
Run 2,Aaron Whitfield,19,solo,0,0,359,0,0,0.042857,719,0,0,0.051887
Run 2,Aaron Whitfield,19,solo,0,0,414,0,0,0.05042,553,0,0,0.057292
Run 2,Aaron Whitfield,19,solo,0,0,324,0,0,0.02381,559,0,0,0.033654
Run 2,Aaron Whitfield,20,solo,0,0,391,1,0,1.0,535,0,1,0.952381
Run 2,Aaron Whitfield,20,solo,0,0,369,0,0,0.076087,551,0,0,0.032787
Run 2,Aaron Whitfield,20,solo,0,0,386,0,0,0.102564,519,0,0,0.029703
Run 2,Aaron Whitfield,20,solo,0,0,374,0,0,0.049587,689,0,0,0.040609
Run 2,Aaron Whitfield,20,joint,1,0,11,1,0,0.0,0,0,0,0.0
Run 2,Aaron Whitfield,20,solo,0,0,461,0,0,0.131783,698,0,0,0.344086
Run 2,Aaron Whitfield,20,solo,0,0,486,0,0,0.684783,731,0,0,0.731884
Run 2,Aaron Whitfield,20,solo,0,0,451,0,0,0.024194,639,0,0,0.054455
Run 2,Aaron Whitfield,20,solo,0,0,335,0,0,0.056911,598,0,0,0.044843
Run 2,Aaron Whitfield,20,solo,0,0,401,0,0,0.048387,521,0,0,0.030303
Run 2,Aaron Whitfield,20,solo,0,0,385,0,1,0.851351,773,0,0,0.668874
Run 2,Aaron Whitfield,20,solo,0,0,445,0,0,0.052174,588,0,0,0.026596
Run 2,Aaron Whitfield,20,solo,0,0,346,0,0,0.107143,572,0,0,0.020833
Run 2,Aaron Whitfield,20,solo,0,0,367,0,0,0.059701,688,0,0,0.037344
Run 2,Aaron Whitfield,20,joint,1,0,11,1,0,0.0,0,0,0,0.0
Run 2,Aaron Whitfield,20,solo,1,0,401,1,0,1.0,11,1,0,0.0
Run 2,Aaron Whitfield,21,solo,0,0,456,0,1,0.886076,563,0,1,0.910714
Run 2,Aaron Whitfield,21,solo,0,0,342,0,0,0.025424,515,0,0,0.043243
Run 2,Aaron Whitfield,21,solo,0,0,446,0,0,0.099237,600,0,0,0.087179
Run 2,Aaron Whitfield,21,solo,0,0,421,0,0,0.055556,679,0,0,0.039823
Run 2,Aaron Whitfield,21,solo,0,0,456,1,0,1.0,563,1,0,1.0
Run 2,Aaron Whitfield,21,solo,0,0,297,0,0,0.098039,547,0,0,0.0199
Run 2,Aaron Whitfield,21,solo,0,0,537,0,0,0.061224,593,0,0,0.050251
Run 2,Aaron Whitfield,21,solo,0,0,361,0,0,0.042373,519,0,0,0.021622
Run 2,Aaron Whitfield,21,joint,1,0,11,1,0,0.0,0,0,0,0.0
Run 2,Aaron Whitfield,21,solo,0,0,326,0,0,0.230088,577,0,1,0.954955
Run 2,Aaron Whitfield,21,solo,0,0,456,1,0,1.0,563,1,0,1.0
Run 2,Aaron Whitfield,21,solo,0,0,507,0,0,0.066667,587,0,0,0.042373
Run 2,Aaron Whitfield,21,solo,0,0,318,0,0,0.093023,472,0,0,0.040936
Run 2,Aaron Whitfield,21,solo,0,0,398,0,0,0.058333,572,0,0,0.033493
Run 2,Aaron Whitfield,21,solo,0,0,456,1,0,1.0,577,1,0,1.0
Run 2,Aaron Whitfield,21,solo,0,0,465,0,0,0.060403,592,0,0,0.044843
Run 2,Aaron Whitfield,21,solo,0,0,477,0,0,0.04,562,0,0,0.039106
Run 2,Aaron Whitfield,21,solo,0,0,289,0,0,0.123711,613,0,0,0.048077
Run 2,Aaron Whitfield,22,solo,0,0,456,1,0,1.0,596,0,0,0.783333
Run 2,Aaron Whitfield,22,solo,0,0,386,0,0,0.013158,506,0,0,0.041451
Run 2,Aaron Whitfield,22,solo,0,0,371,0,0,0.099174,627,0,0,0.033019
Run 2,Aaron Whitfield,22,solo,0,0,379,0,0,0.052632,497,0,0,0.033981
Run 2,Aaron Whitfield,22,solo,0,0,456,1,0,1.0,555,0,1,0.899083
Run 2,Aaron Whitfield,22,solo,0,0,375,0,0,0.070175,530,0,0,0.014925
Run 2,Aaron Whitfield,22,solo,0,0,404,0,0,0.214286,505,0,0,0.095506
Run 2,Aaron Whitfield,22,solo,0,0,359,0,0,0.033058,533,0,0,0.066667
Run 2,Aaron Whitfield,22,joint,1,0,11,1,0,0.0,0,0,0,0.0
Run 2,Aaron Whitfield,22,solo,0,0,355,0,0,0.258824,721,0,0,0.785185
Run 2,Aaron Whitfield,22,solo,0,0,456,1,0,1.0,555,1,0,1.0
Run 2,Aaron Whitfield,22,solo,0,0,536,0,0,0.025974,849,0,0,0.015038
Run 2,Aaron Whitfield,22,solo,0,0,264,0,0,0.020408,571,0,0,0.020101
Run 2,Aaron Whitfield,22,solo,0,0,354,0,0,0.061947,728,0,0,0.021739
Run 2,Aaron Whitfield,22,joint,1,0,11,1,0,0.0,0,0,0,0.0
Run 2,Aaron Whitfield,22,solo,1,0,537,0,1,0.831776,11,1,0,0.0
Run 2,Aaron Whitfield,23,joint,1,0,11,1,0,0.0,0,0,0,0.0
Run 2,Aaron Whitfield,23,solo,0,0,458,0,1,0.880952,591,0,0,0.780488
Run 2,Aaron Whitfield,23,solo,0,0,467,0,0,0.472222,591,1,0,1.0
Run 2,Aaron Whitfield,23,solo,0,0,383,0,0,0.051852,635,0,0,0.040161
Run 2,Aaron Whitfield,23,solo,0,0,471,0,0,0.069231,623,0,0,0.020101
Run 2,Aaron Whitfield,23,solo,0,0,360,0,0,0.014706,545,0,0,0.070652
Run 2,Aaron Whitfield,23,solo,0,0,456,1,0,1.0,591,1,0,1.0
Run 2,Aaron Whitfield,23,solo,0,0,484,0,0,0.109244,598,0,0,0.035
Run 2,Aaron Whitfield,23,solo,0,0,455,0,0,0.081301,545,0,0,0.02551
Run 2,Aaron Whitfield,23,solo,0,0,474,0,0,0.114865,584,0,0,0.015152
Run 2,Aaron Whitfield,23,solo,0,0,456,1,0,1.0,591,1,0,1.0
Run 2,Aaron Whitfield,23,solo,0,0,403,0,0,0.073394,587,0,0,0.010256
Run 2,Aaron Whitfield,23,solo,0,0,293,0,0,0.036036,529,0,0,0.084656
Run 2,Aaron Whitfield,23,solo,0,0,300,0,0,0.028302,753,0,0,0.021459
Run 2,Aaron Whitfield,23,solo,1,0,11,1,0,0.0,11,1,0,0.0
Run 2,Aaron Whitfield,23,solo,0,0,335,0,0,0.076923,492,0,0,0.061798
Run 2,Aaron Whitfield,23,solo,0,0,414,0,0,0.068376,566,0,0,0.058511
Run 2,Aaron Whitfield,23,solo,0,0,397,0,0,0.179245,610,0,0,0.037383
Run 2,Aaron Whitfield,24,solo,0,0,385,1,0,1.0,663,0,0,0.552632
Run 2,Aaron Whitfield,24,solo,0,0,316,0,0,0.056604,395,0,0,0.047619
Run 2,Aaron Whitfield,24,solo,0,0,464,0,0,0.045455,609,0,0,0.028571
Run 2,Aaron Whitfield,24,solo,0,0,335,0,0,0.05303,702,0,0,0.053333
Run 2,Aaron Whitfield,24,solo,0,0,456,1,0,1.0,562,0,1,0.806723
Run 2,Aaron Whitfield,24,solo,0,0,417,0,0,0.059211,525,0,0,0.05
Run 2,Aaron Whitfield,24,solo,0,0,478,0,0,0.04698,586,0,0,0.034483
Run 2,Aaron Whitfield,24,solo,0,0,498,0,0,0.032051,627,0,0,0.033019
Run 2,Aaron Whitfield,24,solo,0,0,456,1,0,1.0,532,0,1,0.807692
Run 2,Aaron Whitfield,24,solo,0,0,533,0,0,0.039216,677,0,0,0.017241
Run 2,Aaron Whitfield,24,solo,0,0,340,0,0,0.11,521,0,0,0.057803
Run 2,Aaron Whitfield,24,solo,0,0,434,0,0,0.078125,619,0,0,0.049383
Run 2,Aaron Whitfield,24,solo,0,0,415,0,1,0.958904,663,1,0,1.0
Run 2,Aaron Whitfield,24,solo,0,0,390,0,0,0.036364,650,0,0,0.036649
Run 2,Aaron Whitfield,24,solo,0,0,515,0,0,0.057692,646,0,0,0.069124
Run 2,Aaron Whitfield,24,solo,0,0,376,0,0,0.057377,632,0,0,0.026087
Run 2,Aaron Whitfield,24,solo,1,0,11,1,0,0.0,11,1,0,0.0
Run 2,Aaron Whitfield,24,solo,0,0,369,0,0,0.030075,670,0,0,0.059908
Run 2,Aaron Whitfield,24,solo,0,0,368,0,0,0.073171,449,0,0,0.021739
Run 2,Aaron Whitfield,24,solo,0,0,216,0,0,0.142857,673,0,0,0.055794
Run 2,Aaron Whitfield,25,solo,0,0,439,0,0,0.147887,653,0,0,0.509434
Run 2,Aaron Whitfield,25,solo,0,0,479,0,0,0.027972,469,0,0,0.047059
Run 2,Aaron Whitfield,25,solo,0,0,354,0,0,0.009901,601,0,0,0.016484
Run 2,Aaron Whitfield,25,solo,0,0,325,0,0,0.035461,487,0,0,0.011976
Run 2,Aaron Whitfield,25,solo,0,0,415,1,0,1.0,666,0,1,0.962121
Run 2,Aaron Whitfield,25,solo,0,0,295,0,0,0.088889,429,0,0,0.018405
Run 2,Aaron Whitfield,25,solo,0,0,350,0,0,0.107843,592,0,0,0.090909
Run 2,Aaron Whitfield,25,solo,0,0,371,0,0,0.067308,527,0,0,0.011173
Run 2,Aaron Whitfield,25,solo,0,0,415,1,0,1.0,666,1,0,1.0
Run 2,Aaron Whitfield,25,solo,0,0,340,0,0,0.081081,518,0,0,0.02139
Run 2,Aaron Whitfield,25,solo,0,0,421,0,0,0.07563,559,0,0,0.054187
Run 2,Aaron Whitfield,25,solo,0,0,365,0,0,0.047619,716,0,0,0.04717
Run 2,Aaron Whitfield,25,solo,1,0,515,0,0,0.736842,11,1,0,0.0
Run 2,Aaron Whitfield,25,solo,0,0,522,0,0,0.051852,666,0,0,0.046632
Run 2,Aaron Whitfield,25,solo,0,0,553,0,0,0.044025,671,0,0,0.057292
Run 2,Aaron Whitfield,25,solo,0,0,175,0,0,0.02381,583,0,0,0.02139
Run 2,Aaron Whitfield,25,solo,1,0,11,1,0,0.0,11,1,0,0.0
Run 2,Aaron Whitfield,25,solo,0,0,397,0,0,0.082759,493,0,0,0.043243
Run 2,Aaron Whitfield,25,solo,0,0,292,0,0,0.046296,508,0,0,0.021978
Run 2,Aaron Whitfield,25,solo,0,0,294,0,0,0.085714,639,0,0,0.028846
Run 2,Aaron Whitfield,26,solo,0,0,423,0,0,0.457944,729,0,0,0.154185
Run 2,Aaron Whitfield,26,solo,0,0,374,0,0,0.097087,546,0,0,0.028571
Run 2,Aaron Whitfield,26,solo,0,0,365,0,0,0.067961,624,0,0,0.037383
Run 2,Aaron Whitfield,26,solo,0,0,322,0,0,0.009091,519,0,0,0.048649
Run 2,Aaron Whitfield,26,solo,0,0,439,1,0,1.0,729,1,0,1.0
Run 2,Aaron Whitfield,26,solo,0,0,327,0,0,0.082569,549,0,0,0.018779
Run 2,Aaron Whitfield,26,solo,0,0,360,0,0,0.097087,425,0,0,0.048485
Run 2,Aaron Whitfield,26,solo,0,0,355,0,0,0.016807,594,0,0,0.009259
Run 2,Aaron Whitfield,26,solo,0,0,515,0,0,0.5,729,1,0,1.0
Run 2,Aaron Whitfield,26,solo,0,0,304,0,0,0.04386,537,0,0,0.043243
Run 2,Aaron Whitfield,26,solo,0,0,463,0,0,0.097222,604,0,0,0.055249
Run 2,Aaron Whitfield,26,solo,0,0,499,0,0,0.016575,764,0,0,0.028689
Run 2,Aaron Whitfield,26,solo,1,0,11,1,0,0.0,11,1,0,0.0
Run 2,Aaron Whitfield,26,solo,0,0,462,0,0,0.06015,604,0,0,0.021505
Run 2,Aaron Whitfield,26,solo,0,0,436,0,0,0.044444,566,0,0,0.052632
Run 2,Aaron Whitfield,26,solo,0,0,364,0,0,0.020833,582,0,0,0.025907
Run 2,Aaron Whitfield,26,solo,1,0,11,1,0,0.0,11,1,0,0.0
Run 2,Aaron Whitfield,26,solo,0,0,353,0,0,0.090164,560,0,0,0.036458
Run 2,Aaron Whitfield,26,solo,0,0,270,0,0,0.048077,533,0,0,0.0625
Run 2,Aaron Whitfield,26,solo,0,0,257,0,0,0.022901,646,0,0,0.019324
Run 2,Aaron Whitfield,27,joint,1,0,11,1,0,0.0,0,0,0,0.0
Run 2,Aaron Whitfield,27,solo,0,0,359,0,0,0.058824,659,0,0,0.027778
Run 2,Aaron Whitfield,27,solo,0,0,578,0,1,0.906542,619,0,0,0.623457
Run 2,Aaron Whitfield,27,solo,0,0,441,0,0,0.049689,638,0,0,0.038835
Run 2,Aaron Whitfield,27,solo,0,0,542,0,0,0.143791,620,0,0,0.036866
Run 2,Aaron Whitfield,27,solo,0,0,239,0,0,0.008403,554,0,0,0.016304
Run 2,Aaron Whitfield,27,solo,0,0,607,0,1,0.881818,734,0,1,0.86014
Run 2,Aaron Whitfield,27,solo,0,0,299,0,0,0.07767,533,0,0,0.054348
Run 2,Aaron Whitfield,27,solo,0,0,338,0,0,0.114583,732,0,0,0.014286
Run 2,Aaron Whitfield,27,solo,0,0,305,0,0,0.040816,529,0,0,0.0199
Run 2,Aaron Whitfield,27,solo,1,0,11,1,0,0.0,11,1,0,0.0
Run 2,Aaron Whitfield,27,solo,0,0,421,0,0,0.081301,594,0,0,0.014925
Run 2,Aaron Whitfield,27,solo,0,0,323,0,0,0.025424,598,0,0,0.037383
Run 2,Aaron Whitfield,27,solo,0,0,354,0,0,0.036697,551,0,0,0.104972
Run 2,Aaron Whitfield,27,solo,1,0,11,1,0,0.0,11,1,0,0.0
Run 2,Aaron Whitfield,27,solo,0,0,421,0,0,0.104839,602,0,0,0.019608
Run 2,Aaron Whitfield,27,solo,0,0,581,0,0,0.023952,622,0,0,0.055
Run 2,Aaron Whitfield,27,solo,0,0,305,0,0,0.037736,479,0,0,0.025126
Run 2,Aaron Whitfield,28,solo,0,0,359,1,0,1.0,643,0,0,0.619048
Run 2,Aaron Whitfield,28,solo,0,0,240,0,0,0.117021,600,0,0,0.065327
Run 2,Aaron Whitfield,28,solo,0,0,433,0,0,0.076923,639,0,0,0.01
Run 2,Aaron Whitfield,28,solo,0,0,353,0,0,0.076923,577,0,0,0.011429
Run 2,Aaron Whitfield,28,solo,0,0,629,0,1,0.8,690,0,0,0.098765
Run 2,Aaron Whitfield,28,solo,0,0,353,0,0,0.023622,639,0,0,0.03271
Run 2,Aaron Whitfield,28,solo,0,0,485,0,0,0.091667,719,0,0,0.043062
Run 2,Aaron Whitfield,28,solo,0,0,374,0,0,0.085714,507,0,0,0.039409
Run 2,Aaron Whitfield,28,solo,0,0,645,0,0,0.793388,747,0,0,0.782313
Run 2,Aaron Whitfield,28,solo,0,0,395,0,0,0.084615,676,0,0,0.056338
Run 2,Aaron Whitfield,28,solo,0,0,411,0,0,0.142857,559,0,0,0.027523
Run 2,Aaron Whitfield,28,solo,0,0,375,0,0,0.036036,707,0,0,0.03653
Run 2,Aaron Whitfield,28,solo,1,0,11,1,0,0.0,11,1,0,0.0
Run 2,Aaron Whitfield,28,solo,0,0,252,0,0,0.027027,558,0,0,0.026596
Run 2,Aaron Whitfield,28,solo,0,0,316,0,0,0.096154,506,0,0,0.049261
Run 2,Aaron Whitfield,28,solo,0,0,299,0,0,0.04,563,0,0,0.042553
Run 2,Aaron Whitfield,28,joint,1,0,11,1,0,0.0,0,0,0,0.0
Run 2,Aaron Whitfield,28,solo,1,0,11,1,0,0.0,11,1,0,0.0
Run 2,Aaron Whitfield,29,joint,1,0,11,1,0,0.0,0,0,0,0.0
Run 2,Aaron Whitfield,29,solo,0,0,504,0,1,0.882353,719,0,0,0.595092
Run 2,Aaron Whitfield,29,solo,0,0,529,0,1,0.950495,719,1,0,1.0
Run 2,Aaron Whitfield,29,solo,0,0,287,0,0,0.041667,657,0,0,0.018868
Run 2,Aaron Whitfield,29,solo,0,0,390,0,0,0.028302,482,0,0,0.053333
Run 2,Aaron Whitfield,29,solo,0,0,386,0,0,0.026316,543,0,0,0.027778
Run 2,Aaron Whitfield,29,joint,1,0,11,1,0,0.0,0,0,0,0.0
Run 2,Aaron Whitfield,29,solo,0,0,350,0,0,0.100917,836,0,0,0.442708
Run 2,Aaron Whitfield,29,solo,0,0,375,0,0,0.54878,653,0,0,0.120192
Run 2,Aaron Whitfield,29,solo,0,0,380,0,0,0.031496,602,0,0,0.046875
Run 2,Aaron Whitfield,29,solo,0,0,285,0,0,0.102273,528,0,0,0.021505
Run 2,Aaron Whitfield,29,solo,0,0,309,0,0,0.145631,831,0,0,0.021277
Run 2,Aaron Whitfield,29,solo,0,0,326,0,0,0.341176,853,0,0,0.179487
Run 2,Aaron Whitfield,29,solo,0,0,410,0,0,0.096491,601,0,0,0.054455
Run 2,Aaron Whitfield,29,solo,0,0,472,0,0,0.062937,610,0,0,0.052941
Run 2,Aaron Whitfield,29,solo,0,0,348,0,0,0.034783,668,0,0,0.018018
Run 2,Aaron Whitfield,30,solo,0,0,348,0,1,0.84375,773,0,0,0.395122
Run 2,Aaron Whitfield,30,solo,0,0,337,0,0,0.078652,597,0,0,0.024631
Run 2,Aaron Whitfield,30,solo,0,0,310,0,0,0.092784,444,0,0,0.062147
Run 2,Aaron Whitfield,30,solo,0,0,344,0,0,0.056604,685,0,0,0.020619
Run 2,Aaron Whitfield,30,solo,0,0,348,1,0,1.0,658,0,0,0.655629
Run 2,Aaron Whitfield,30,solo,0,0,410,0,0,0.102362,519,0,0,0.034884
Run 2,Aaron Whitfield,30,solo,0,0,436,0,0,0.079365,617,0,0,0.019704
Run 2,Aaron Whitfield,30,solo,0,0,373,0,0,0.018519,631,0,0,0.013575
Run 2,Aaron Whitfield,30,joint,1,0,11,1,0,0.0,0,0,0,0.0
Run 2,Aaron Whitfield,30,solo,0,0,350,1,0,1.0,632,0,1,0.890756
Run 2,Aaron Whitfield,30,solo,0,0,386,0,0,0.383721,658,1,0,1.0
Run 2,Aaron Whitfield,30,solo,0,0,540,0,0,0.066667,622,0,0,0.047393
Run 2,Aaron Whitfield,30,solo,0,0,417,0,0,0.049645,533,0,0,0.058537
Run 2,Aaron Whitfield,30,solo,0,0,481,0,0,0.015152,587,0,0,0.06701
Run 2,Aaron Whitfield,30,joint,1,0,11,1,0,0.0,0,0,0,0.0
Run 2,Aaron Whitfield,30,solo,0,0,379,0,0,0.023622,690,0,0,0.014563
Run 2,Aaron Whitfield,31,solo,0,0,348,1,0,1.0,594,0,0,0.752066
Run 2,Aaron Whitfield,31,solo,0,0,403,0,0,0.083333,556,0,0,0.041667
Run 2,Aaron Whitfield,31,solo,0,0,551,0,0,0.042254,819,0,0,0.041322
Run 2,Aaron Whitfield,31,solo,0,0,296,0,0,0.065217,704,0,0,0.027397
Run 2,Aaron Whitfield,31,solo,0,0,386,1,0,1.0,594,1,0,1.0
Run 2,Aaron Whitfield,31,solo,0,0,358,0,0,0.044776,583,0,0,0.028986
Run 2,Aaron Whitfield,31,solo,0,0,439,0,0,0.090164,530,0,0,0.029586
Run 2,Aaron Whitfield,31,solo,0,0,318,0,0,0.102564,630,0,0,0.066298
Run 2,Aaron Whitfield,31,joint,1,0,11,1,0,0.0,0,0,0,0.0
Run 2,Aaron Whitfield,31,solo,0,0,350,1,0,1.0,594,1,0,1.0
Run 2,Aaron Whitfield,31,solo,0,0,386,1,0,1.0,594,1,0,1.0
Run 2,Aaron Whitfield,31,solo,0,0,474,0,0,0.045802,704,0,0,0.036199
Run 2,Aaron Whitfield,31,solo,0,0,464,0,0,0.05303,487,0,0,0.044444
Run 2,Aaron Whitfield,31,solo,0,0,391,0,0,0.05036,533,0,0,0.04023
Run 2,Aaron Whitfield,31,solo,1,0,348,1,0,1.0,11,1,0,0.0
Run 2,Aaron Whitfield,31,solo,0,0,367,0,0,0.113208,515,0,0,0.037433
Run 2,Aaron Whitfield,31,solo,0,0,263,0,0,0.147059,542,0,0,0.036842
Run 2,Aaron Whitfield,31,solo,0,0,444,0,0,0.062992,566,0,0,0.046512
Run 2,Aaron Whitfield,32,joint,1,0,11,1,0,0.0,0,0,0,0.0
Run 2,Aaron Whitfield,32,solo,0,0,379,0,0,0.611111,687,0,0,0.544304
Run 2,Aaron Whitfield,32,solo,0,0,451,0,0,0.531915,657,0,0,0.1875
Run 2,Aaron Whitfield,32,solo,0,0,330,0,0,0.045872,555,0,0,0.043956
Run 2,Aaron Whitfield,32,solo,0,0,520,0,0,0.103448,695,0,0,0.024631
Run 2,Aaron Whitfield,32,solo,0,0,304,0,0,0.023256,528,0,0,0.018405
Run 2,Aaron Whitfield,32,solo,0,0,348,1,0,1.0,609,0,1,0.8
Run 2,Aaron Whitfield,32,solo,0,0,338,0,0,0.024793,667,0,0,0.045226
Run 2,Aaron Whitfield,32,solo,0,0,235,0,0,0.02439,541,0,0,0.039604
Run 2,Aaron Whitfield,32,solo,0,0,343,0,0,0.042735,722,0,0,0.018779
Run 2,Aaron Whitfield,32,joint,1,0,11,1,0,0.0,0,0,0,0.0
Run 2,Aaron Whitfield,32,solo,0,0,388,0,1,0.855072,609,1,0,1.0
Run 2,Aaron Whitfield,32,solo,0,0,514,0,1,0.903614,624,0,0,0.526316
Run 2,Aaron Whitfield,32,solo,0,0,441,0,0,0.066176,545,0,0,0.027473
Run 2,Aaron Whitfield,32,solo,0,0,394,0,0,0.190083,565,0,0,0.028571
Run 2,Aaron Whitfield,32,solo,0,0,354,0,0,0.035211,610,0,0,0.060302
Run 2,Aaron Whitfield,33,joint,0,0,380,0,0,0.0,568,0,0,0.0
Run 2,Aaron Whitfield,33,solo,0,0,515,0,1,0.865169,789,0,0,0.235
Run 2,Aaron Whitfield,33,joint,1,0,11,1,0,0.0,0,0,0,0.0
Run 2,Aaron Whitfield,33,solo,0,0,388,1,0,1.0,601,0,0,0.741379
Run 2,Aaron Whitfield,33,solo,0,0,386,1,0,1.0,601,1,0,1.0
Run 2,Aaron Whitfield,33,solo,0,0,350,0,0,0.053097,654,0,0,0.030435
Run 2,Aaron Whitfield,33,solo,0,0,326,0,0,0.075269,588,0,0,0.016484
Run 2,Aaron Whitfield,33,solo,0,0,214,0,0,0.089888,585,0,0,0.065327
Run 2,Aaron Whitfield,33,solo,0,0,386,1,0,1.0,601,1,0,1.0
Run 2,Aaron Whitfield,33,solo,0,0,291,0,0,0.100917,645,0,0,0.058559
Run 2,Aaron Whitfield,33,solo,0,0,329,0,0,0.077586,577,0,0,0.034091
Run 2,Aaron Whitfield,33,solo,0,0,359,0,0,0.017241,694,0,0,0.025862
Run 2,Aaron Whitfield,33,solo,0,0,386,1,0,1.0,601,1,0,1.0
Run 2,Aaron Whitfield,33,solo,0,0,343,0,0,0.054264,615,0,0,0.02
Run 2,Aaron Whitfield,33,solo,0,0,427,0,0,0.104,599,0,0,0.032258
Run 2,Aaron Whitfield,33,solo,0,0,289,0,0,0.018519,655,0,0,0.014218
Run 2,Aaron Whitfield,34,joint,1,0,11,1,0,0.0,0,0,0,0.0
Run 2,Aaron Whitfield,34,solo,0,0,388,1,0,1.0,638,0,0,0.685484
Run 2,Aaron Whitfield,34,solo,0,0,525,0,1,0.842697,710,0,0,0.412088
Run 2,Aaron Whitfield,34,solo,0,0,264,0,0,0.142857,672,0,0,0.023148
Run 2,Aaron Whitfield,34,solo,0,0,324,0,0,0.211111,614,0,0,0.041885
Run 2,Aaron Whitfield,34,solo,0,0,280,0,0,0.045455,524,0,0,0.043011
Run 2,Aaron Whitfield,34,joint,0,0,304,0,0,0.0,490,0,0,0.005682
Run 2,Aaron Whitfield,34,solo,0,0,388,1,0,1.0,638,1,0,1.0
Run 2,Aaron Whitfield,34,solo,0,0,386,1,0,1.0,638,1,0,1.0
Run 2,Aaron Whitfield,34,solo,0,0,366,0,0,0.018519,529,0,0,0.033898
Run 2,Aaron Whitfield,34,solo,0,0,319,0,0,0.108434,622,0,0,0.046392
Run 2,Aaron Whitfield,34,solo,0,0,247,0,0,0.088608,674,0,0,0.037915
Run 2,Aaron Whitfield,34,solo,0,0,386,1,0,1.0,638,1,0,1.0
Run 2,Aaron Whitfield,34,solo,0,0,335,0,0,0.07,745,0,0,0.018182
Run 2,Aaron Whitfield,34,solo,0,0,349,0,0,0.086022,542,0,0,0.094444
Run 2,Aaron Whitfield,34,solo,0,0,447,0,0,0.051471,663,0,0,0.06422
Run 2,Aaron Whitfield,35,solo,0,0,425,0,0,0.466019,613,0,0,0.300613
Run 2,Aaron Whitfield,35,solo,0,0,326,0,0,0.053571,541,0,0,0.014634
Run 2,Aaron Whitfield,35,solo,0,0,365,0,0,0.19802,586,0,0,0.022936
Run 2,Aaron Whitfield,35,solo,0,0,530,0,0,0.026316,641,0,0,0.025773
Run 2,Aaron Whitfield,35,solo,0,0,398,0,0,0.678571,613,1,0,1.0
Run 2,Aaron Whitfield,35,solo,0,0,379,0,0,0.090909,526,0,0,0.054054
Run 2,Aaron Whitfield,35,solo,0,0,446,0,0,0.041096,424,0,0,0.048193
Run 2,Aaron Whitfield,35,solo,0,0,487,0,0,0.100775,630,0,0,0.028571
Run 2,Aaron Whitfield,35,solo,0,0,425,1,0,1.0,613,1,0,1.0
Run 2,Aaron Whitfield,35,solo,0,0,331,0,0,0.066038,600,0,0,0.046392
Run 2,Aaron Whitfield,35,solo,0,0,391,0,0,0.009346,571,0,0,0.020833
Run 2,Aaron Whitfield,35,solo,0,0,499,0,0,0.078571,529,0,0,0.052632
Run 2,Aaron Whitfield,35,joint,1,0,11,1,0,0.0,0,0,0,0.0
Run 2,Aaron Whitfield,35,solo,0,0,490,0,0,0.797753,862,0,0,0.692308
Run 2,Aaron Whitfield,35,solo,1,0,11,1,0,0.0,11,1,0,0.0
Run 2,Aaron Whitfield,35,solo,0,0,321,0,0,0.019608,554,0,0,0.022936
Run 2,Aaron Whitfield,35,solo,0,0,358,0,0,0.09434,489,0,0,0.025253
Run 2,Aaron Whitfield,35,solo,0,0,326,0,0,0.067308,655,0,0,0.043011
Run 2,Aaron Whitfield,36,solo,0,0,488,0,1,0.904762,735,0,0,0.569536
Run 2,Aaron Whitfield,36,solo,0,0,209,0,0,0.043011,426,0,0,0.015957
Run 2,Aaron Whitfield,36,solo,0,0,352,0,0,0.241758,712,0,0,0.033816
Run 2,Aaron Whitfield,36,solo,0,0,351,0,0,0.131148,609,0,0,0.046296
Run 2,Aaron Whitfield,36,solo,0,0,427,0,1,0.904762,735,1,0,1.0
Run 2,Aaron Whitfield,36,solo,0,0,256,0,0,0.028037,700,0,0,0.026201
Run 2,Aaron Whitfield,36,solo,0,0,261,0,0,0.184211,608,0,0,0.051813
Run 2,Aaron Whitfield,36,solo,0,0,380,0,0,0.041667,612,0,0,0.055
Run 2,Aaron Whitfield,36,joint,1,0,11,1,0,0.0,0,0,0,0.0
Run 2,Aaron Whitfield,36,solo,0,0,424,0,0,0.710526,661,0,0,0.611511
Run 2,Aaron Whitfield,36,solo,1,0,425,1,0,1.0,11,1,0,0.0
Run 2,Aaron Whitfield,36,solo,0,0,458,0,0,0.094017,548,0,0,0.022222
Run 2,Aaron Whitfield,36,solo,0,0,400,0,0,0.233333,664,0,0,0.026667
Run 2,Aaron Whitfield,36,solo,0,0,445,0,0,0.065574,643,0,0,0.029703
Run 2,Aaron Whitfield,36,solo,1,0,11,1,0,0.0,11,1,0,0.0
Run 2,Aaron Whitfield,36,solo,0,0,287,0,0,0.098592,545,0,0,0.027027
Run 2,Aaron Whitfield,36,solo,0,0,400,0,0,0.031579,672,0,0,0.028689
Run 2,Aaron Whitfield,36,solo,0,0,218,0,0,0.047619,605,0,0,0.014778
Run 2,Aaron Whitfield,37,solo,0,0,488,1,0,1.0,688,0,0,0.593103
Run 2,Aaron Whitfield,37,solo,0,0,247,0,0,0.097561,494,0,0,0.016854
Run 2,Aaron Whitfield,37,solo,0,0,540,0,0,0.108527,591,0,0,0.037433
Run 2,Aaron Whitfield,37,solo,0,0,264,0,0,0.021739,517,0,0,0.038674
Run 2,Aaron Whitfield,37,solo,0,0,488,1,0,1.0,688,1,0,1.0
Run 2,Aaron Whitfield,37,solo,0,0,462,0,0,0.02454,553,0,0,0.050562
Run 2,Aaron Whitfield,37,solo,0,0,400,0,0,0.077778,644,0,0,0.05314
Run 2,Aaron Whitfield,37,solo,0,0,504,0,0,0.079646,586,0,0,0.029703
Run 2,Aaron Whitfield,37,joint,1,0,11,1,0,0.0,0,0,0,0.0
Run 2,Aaron Whitfield,37,solo,0,0,490,1,0,1.0,688,1,0,1.0
Run 2,Aaron Whitfield,37,solo,0,0,422,0,1,0.87013,646,0,0,0.088372
Run 2,Aaron Whitfield,37,solo,0,0,383,0,0,0.109375,488,0,0,0.050505
Run 2,Aaron Whitfield,37,solo,0,0,398,0,0,0.073171,561,0,0,0.027174
Run 2,Aaron Whitfield,37,solo,0,0,168,0,0,0.0,491,0,0,0.031414
Run 2,Aaron Whitfield,37,solo,1,0,11,1,0,0.0,11,1,0,0.0
Run 2,Aaron Whitfield,37,solo,0,0,407,0,0,0.092308,474,0,0,0.015873
Run 2,Aaron Whitfield,37,solo,0,0,419,0,0,0.083969,723,0,0,0.02521
Run 2,Aaron Whitfield,37,solo,0,0,354,0,0,0.028986,644,0,0,0.043668
Run 2,Aaron Whitfield,38,solo,0,0,488,1,0,1.0,583,0,0,0.721311
Run 2,Aaron Whitfield,38,solo,0,0,246,0,0,0.120482,489,0,0,0.034091
Run 2,Aaron Whitfield,38,solo,0,0,482,0,0,0.154639,511,0,0,0.086957
Run 2,Aaron Whitfield,38,solo,0,0,354,0,0,0.153846,739,0,0,0.080357
Run 2,Aaron Whitfield,38,solo,0,0,398,1,0,1.0,583,1,0,1.0
Run 2,Aaron Whitfield,38,solo,0,0,387,0,0,0.027273,558,0,0,0.038462
Run 2,Aaron Whitfield,38,solo,0,0,402,0,0,0.116505,612,0,0,0.018957
Run 2,Aaron Whitfield,38,solo,0,0,416,0,0,0.016807,617,0,0,0.036199
Run 2,Aaron Whitfield,38,joint,1,0,11,1,0,0.0,0,0,0,0.0
Run 2,Aaron Whitfield,38,solo,0,0,491,0,1,0.88764,583,1,0,1.0
Run 2,Aaron Whitfield,38,solo,0,0,398,1,0,1.0,583,1,0,1.0
Run 2,Aaron Whitfield,38,solo,0,0,410,0,0,0.03252,544,0,0,0.030612
Run 2,Aaron Whitfield,38,solo,0,0,484,0,0,0.195876,690,0,0,0.03
Run 2,Aaron Whitfield,38,solo,0,0,298,0,0,0.008475,640,0,0,0.08427
Run 2,Aaron Whitfield,38,solo,1,0,11,1,0,0.0,11,1,0,0.0
Run 2,Aaron Whitfield,38,solo,0,0,465,0,0,0.053435,583,0,0,0.035354
Run 2,Aaron Whitfield,38,solo,0,0,322,0,0,0.053763,646,0,0,0.06383
Run 2,Aaron Whitfield,38,solo,0,0,326,0,0,0.061947,651,0,0,0.028986
Run 2,Aaron Whitfield,39,solo,0,0,426,0,1,0.876543,650,0,0,0.685039
Run 2,Aaron Whitfield,39,solo,0,0,490,0,0,0.051724,682,0,0,0.055556
Run 2,Aaron Whitfield,39,solo,0,0,383,0,0,0.09322,652,0,0,0.046083
Run 2,Aaron Whitfield,39,solo,0,0,419,0,0,0.115385,601,0,0,0.065217
Run 2,Aaron Whitfield,39,joint,1,0,11,1,0,0.0,0,0,0,0.0
Run 2,Aaron Whitfield,39,solo,0,0,475,0,0,0.790123,746,0,0,0.123853
Run 2,Aaron Whitfield,39,solo,0,0,489,0,1,0.904762,746,1,0,1.0
Run 2,Aaron Whitfield,39,solo,0,0,367,0,0,0.041322,572,0,0,0.015625
Run 2,Aaron Whitfield,39,solo,0,0,502,0,0,0.106557,652,0,0,0.07619
Run 2,Aaron Whitfield,39,solo,0,0,284,0,0,0.020202,686,0,0,0.063636
Run 2,Aaron Whitfield,39,solo,0,0,484,0,1,0.876404,746,1,0,1.0
Run 2,Aaron Whitfield,39,solo,0,0,397,0,0,0.027027,822,0,0,0.061905
Run 2,Aaron Whitfield,39,solo,0,0,515,0,0,0.073529,777,0,0,0.025751
Run 2,Aaron Whitfield,39,solo,0,0,355,0,0,0.083333,570,0,0,0.023585
Run 2,Aaron Whitfield,39,solo,1,0,11,1,0,0.0,11,1,0,0.0
Run 2,Aaron Whitfield,39,solo,0,0,455,0,0,0.057971,668,0,0,0.047619
Run 2,Aaron Whitfield,39,solo,0,0,361,0,0,0.057143,618,0,0,0.033654
Run 2,Aaron Whitfield,39,solo,0,0,266,0,0,0.01,611,0,0,0.023923
Run 2,Aaron Whitfield,40,solo,0,0,489,1,0,1.0,600,0,0,0.575949
Run 2,Aaron Whitfield,40,solo,0,0,339,0,0,0.052632,639,0,0,0.036458
Run 2,Aaron Whitfield,40,solo,0,0,442,0,0,0.083333,565,0,0,0.056604
Run 2,Aaron Whitfield,40,solo,0,0,270,0,0,0.190476,514,0,0,0.030612
Run 2,Aaron Whitfield,40,solo,0,0,489,1,0,1.0,600,1,0,1.0
Run 2,Aaron Whitfield,40,solo,0,0,282,0,0,0.043478,460,0,0,0.02924
Run 2,Aaron Whitfield,40,solo,0,0,458,0,0,0.056075,720,0,0,0.022422
Run 2,Aaron Whitfield,40,solo,0,0,502,0,0,0.012987,689,0,0,0.075377
Run 2,Aaron Whitfield,40,joint,1,0,11,1,0,0.0,0,0,0,0.0
Run 2,Aaron Whitfield,40,solo,0,0,491,1,0,1.0,600,1,0,1.0
Run 2,Aaron Whitfield,40,solo,0,0,489,1,0,1.0,600,1,0,1.0
Run 2,Aaron Whitfield,40,solo,0,0,418,0,0,0.070175,590,0,0,0.054455
Run 2,Aaron Whitfield,40,solo,0,0,382,0,0,0.197917,622,0,0,0.048077
Run 2,Aaron Whitfield,40,solo,0,0,341,0,0,0.183908,615,0,0,0.064171
Run 2,Aaron Whitfield,40,solo,1,0,489,1,0,1.0,11,1,0,0.0
Run 2,Aaron Whitfield,40,solo,0,0,377,0,0,0.10101,721,0,0,0.040541
Run 2,Aaron Whitfield,40,solo,0,0,477,0,0,0.094828,475,0,0,0.142857
Run 2,Aaron Whitfield,40,solo,0,0,363,0,0,0.181818,591,0,0,0.062201
Run 2,Aaron Whitfield,41,solo,0,0,452,0,0,0.526316,639,0,0,0.664234
Run 2,Aaron Whitfield,41,solo,0,0,361,0,0,0.090909,626,0,0,0.075
Run 2,Aaron Whitfield,41,solo,0,0,386,0,0,0.057851,516,0,0,0.045198
Run 2,Aaron Whitfield,41,solo,0,0,411,0,0,0.041667,711,0,0,0.035714
Run 2,Aaron Whitfield,41,solo,0,0,474,0,1,0.875,639,1,0,1.0
Run 2,Aaron Whitfield,41,solo,0,0,395,0,0,0.008264,492,0,0,0.040698
Run 2,Aaron Whitfield,41,solo,0,0,365,0,0,0.168675,649,0,0,0.034934
Run 2,Aaron Whitfield,41,solo,0,0,224,0,0,0.015152,605,0,0,0.058252
Run 2,Aaron Whitfield,41,solo,0,0,474,1,0,1.0,639,1,0,1.0
Run 2,Aaron Whitfield,41,solo,0,0,310,0,0,0.142857,564,0,0,0.020725
Run 2,Aaron Whitfield,41,solo,0,0,385,0,0,0.098214,598,0,0,0.027624
Run 2,Aaron Whitfield,41,solo,0,0,178,0,0,0.045977,603,0,0,0.07027
Run 2,Aaron Whitfield,41,joint,1,0,11,1,0,0.0,0,0,0,0.0
Run 2,Aaron Whitfield,41,solo,1,0,476,0,1,0.883721,11,1,0,0.0
Run 2,Aaron Whitfield,41,solo,1,0,11,1,0,0.0,11,1,0,0.0
Run 2,Aaron Whitfield,41,solo,0,0,329,0,0,0.035088,471,0,0,0.050633
Run 2,Aaron Whitfield,41,solo,0,0,347,0,0,0.036036,492,0,0,0.039106
Run 2,Aaron Whitfield,41,solo,0,0,251,0,0,0.020408,581,0,0,0.111111
Run 2,Aaron Whitfield,42,joint,1,0,11,1,0,0.0,0,0,0,0.0
Run 2,Aaron Whitfield,42,solo,0,0,476,1,0,1.0,569,0,0,0.745902
Run 2,Aaron Whitfield,42,solo,0,0,474,1,0,1.0,569,1,0,1.0
Run 2,Aaron Whitfield,42,solo,0,0,292,0,0,0.158537,618,0,0,0.017241
Run 2,Aaron Whitfield,42,solo,0,0,293,0,0,0.049383,556,0,0,0.06701
Run 2,Aaron Whitfield,42,solo,0,0,507,0,0,0.089286,532,0,0,0.038462
Run 2,Aaron Whitfield,42,joint,1,0,11,1,0,0.0,0,0,0,0.0
Run 2,Aaron Whitfield,42,solo,0,0,476,1,0,1.0,670,0,1,0.811024
Run 2,Aaron Whitfield,42,solo,0,0,474,1,0,1.0,569,1,0,1.0
Run 2,Aaron Whitfield,42,solo,0,0,454,0,0,0.038462,562,0,0,0.046875
Run 2,Aaron Whitfield,42,solo,0,0,362,0,0,0.185185,567,0,0,0.078212
Run 2,Aaron Whitfield,42,solo,0,0,317,0,0,0.035461,692,0,0,0.018182
Run 2,Aaron Whitfield,42,solo,0,0,469,0,1,0.873563,569,1,0,1.0
Run 2,Aaron Whitfield,42,solo,0,0,496,0,0,0.033333,577,0,0,0.036082
Run 2,Aaron Whitfield,42,solo,0,0,377,0,0,0.019231,717,0,0,0.037209
Run 2,Aaron Whitfield,42,solo,0,0,433,0,0,0.102804,589,0,0,0.02451
Run 2,Aaron Whitfield,43,joint,1,0,11,1,0,0.0,0,0,0,0.0
Run 2,Aaron Whitfield,43,solo,0,0,476,1,0,1.0,674,0,0,0.707692
Run 2,Aaron Whitfield,43,solo,0,0,476,1,0,1.0,674,1,0,1.0
Run 2,Aaron Whitfield,43,solo,0,0,267,0,0,0.042553,566,0,0,0.031746
Run 2,Aaron Whitfield,43,solo,0,0,350,0,0,0.173913,670,0,0,0.056872
Run 2,Aaron Whitfield,43,solo,0,0,433,0,0,0.028169,562,0,0,0.019139
Run 2,Aaron Whitfield,43,solo,0,0,383,0,1,0.84058,674,1,0,1.0
Run 2,Aaron Whitfield,43,solo,0,0,314,0,0,0.048077,585,0,0,0.043269
Run 2,Aaron Whitfield,43,solo,0,0,346,0,0,0.213333,603,0,0,0.030303
Run 2,Aaron Whitfield,43,solo,0,0,328,0,0,0.088235,510,0,0,0.031088
Run 2,Aaron Whitfield,43,solo,0,0,480,0,0,0.56044,674,1,0,1.0
Run 2,Aaron Whitfield,43,solo,0,0,256,0,0,0.082353,647,0,0,0.032407
Run 2,Aaron Whitfield,43,solo,0,0,342,0,0,0.172414,628,0,0,0.039024
Run 2,Aaron Whitfield,43,solo,0,0,298,0,0,0.123711,437,0,0,0.019737
Run 2,Aaron Whitfield,43,solo,1,0,11,1,0,0.0,11,1,0,0.0
Run 2,Aaron Whitfield,43,solo,0,0,518,0,0,0.05,575,0,0,0.036866
Run 2,Aaron Whitfield,43,solo,0,0,354,0,0,0.114504,518,0,0,0.043716
Run 2,Aaron Whitfield,43,solo,0,0,232,0,0,0.041096,508,0,0,0.042683
Run 2,Aaron Whitfield,44,solo,0,0,380,0,1,0.863636,609,0,0,0.748031
Run 2,Aaron Whitfield,44,solo,0,0,351,0,0,0.083333,539,0,0,0.035294
Run 2,Aaron Whitfield,44,solo,0,0,483,0,0,0.176923,629,0,0,0.086486
Run 2,Aaron Whitfield,44,solo,0,0,470,0,0,0.04,617,0,0,0.023923
Run 2,Aaron Whitfield,44,solo,0,0,503,0,1,0.873563,609,1,0,1.0
Run 2,Aaron Whitfield,44,solo,0,0,302,0,0,0.05618,607,0,0,0.05291
Run 2,Aaron Whitfield,44,solo,0,0,405,0,0,0.10084,568,0,0,0.04712
Run 2,Aaron Whitfield,44,solo,0,0,423,0,0,0.134615,582,0,0,0.019802
Run 2,Aaron Whitfield,44,joint,1,0,11,1,0,0.0,0,0,0,0.0
Run 2,Aaron Whitfield,44,solo,0,0,505,0,1,0.886364,609,1,0,1.0
Run 2,Aaron Whitfield,44,solo,0,0,503,1,0,1.0,609,1,0,1.0
Run 2,Aaron Whitfield,44,solo,0,0,319,0,0,0.05303,569,0,0,0.024631
Run 2,Aaron Whitfield,44,solo,0,0,336,0,0,0.253333,604,0,0,0.044643
Run 2,Aaron Whitfield,44,solo,0,0,402,0,0,0.013889,510,0,0,0.042945
Run 2,Aaron Whitfield,44,joint,1,0,11,1,0,0.0,0,0,0,0.0
Run 2,Aaron Whitfield,44,solo,1,0,11,1,0,0.0,11,1,0,0.0
Run 2,Aaron Whitfield,45,joint,1,0,11,1,0,0.0,0,0,0,0.0
Run 2,Aaron Whitfield,45,solo,0,0,505,1,0,1.0,587,0,0,0.786325
Run 2,Aaron Whitfield,45,solo,0,0,503,1,0,1.0,587,1,0,1.0
Run 2,Aaron Whitfield,45,solo,0,0,471,0,0,0.05303,534,0,0,0.027027
Run 2,Aaron Whitfield,45,solo,0,0,475,0,0,0.064,640,0,0,0.036269
Run 2,Aaron Whitfield,45,solo,0,0,574,0,0,0.027027,773,0,0,0.015385
Run 2,Aaron Whitfield,45,solo,0,0,503,1,0,1.0,587,1,0,1.0
Run 2,Aaron Whitfield,45,solo,0,0,290,0,0,0.051546,525,0,0,0.034314
Run 2,Aaron Whitfield,45,solo,0,0,355,0,0,0.197917,528,0,0,0.042781
Run 2,Aaron Whitfield,45,solo,0,0,418,0,0,0.02521,578,0,0,0.027473
Run 2,Aaron Whitfield,45,solo,0,0,503,1,0,1.0,587,1,0,1.0
Run 2,Aaron Whitfield,45,solo,0,0,294,0,0,0.053571,476,0,0,0.028736
Run 2,Aaron Whitfield,45,solo,0,0,370,0,0,0.206522,461,0,0,0.065789
Run 2,Aaron Whitfield,45,solo,0,0,203,0,0,0.013158,518,0,0,0.020513
Run 2,Aaron Whitfield,45,solo,1,0,400,0,1,0.852941,11,1,0,0.0
Run 2,Aaron Whitfield,45,solo,0,0,344,0,0,0.033058,537,0,0,0.067901
Run 2,Aaron Whitfield,45,solo,0,0,292,0,0,0.036036,556,0,0,0.041475
Run 2,Aaron Whitfield,45,solo,0,0,430,0,0,0.02459,661,0,0,0.015385
Run 2,Aaron Whitfield,46,solo,0,0,440,0,1,0.903614,706,0,0,0.671233
Run 2,Aaron Whitfield,46,solo,0,0,413,0,0,0.00885,598,0,0,0.020202
Run 2,Aaron Whitfield,46,solo,0,0,372,0,0,0.161616,587,0,0,0.036082
Run 2,Aaron Whitfield,46,solo,0,0,252,0,0,0.012821,632,0,0,0.101942
Run 2,Aaron Whitfield,46,solo,0,0,503,1,0,1.0,706,1,0,1.0
Run 2,Aaron Whitfield,46,solo,0,0,288,0,0,0.087912,529,0,0,0.031414
Run 2,Aaron Whitfield,46,solo,0,0,432,0,0,0.165217,642,0,0,0.056995
Run 2,Aaron Whitfield,46,solo,0,0,397,0,0,0.084034,459,0,0,0.119205
Run 2,Aaron Whitfield,46,joint,1,0,11,1,0,0.0,0,0,0,0.0
Run 2,Aaron Whitfield,46,solo,0,0,505,1,0,1.0,706,1,0,1.0
Run 2,Aaron Whitfield,46,solo,0,0,503,1,0,1.0,706,1,0,1.0
Run 2,Aaron Whitfield,46,solo,0,0,420,0,0,0.067227,437,0,0,0.047059
Run 2,Aaron Whitfield,46,solo,0,0,335,0,0,0.1875,517,0,0,0.051136
Run 2,Aaron Whitfield,46,solo,0,0,304,0,0,0.076923,489,0,0,0.042328
Run 2,Aaron Whitfield,46,solo,1,0,11,1,0,0.0,11,1,0,0.0
Run 2,Aaron Whitfield,46,solo,0,0,388,0,0,0.076271,482,0,0,0.02139
Run 2,Aaron Whitfield,46,solo,0,0,408,0,0,0.060606,619,0,0,0.061798
Run 2,Aaron Whitfield,46,solo,0,0,293,0,0,0.048077,617,0,0,0.03
Run 2,Aaron Whitfield,47,solo,0,0,440,1,0,1.0,586,0,1,0.803279
Run 2,Aaron Whitfield,47,solo,0,0,261,0,0,0.139535,508,0,0,0.019608
Run 2,Aaron Whitfield,47,solo,0,0,481,0,0,0.04918,729,0,0,0.02451
Run 2,Aaron Whitfield,47,solo,0,0,545,0,0,0.059603,711,0,0,0.03
Run 2,Aaron Whitfield,47,solo,0,0,503,1,0,1.0,586,1,0,1.0
Run 2,Aaron Whitfield,47,solo,0,0,222,0,0,0.091954,429,0,0,0.042169
Run 2,Aaron Whitfield,47,solo,0,0,580,0,0,0.099237,787,0,0,0.042194
Run 2,Aaron Whitfield,47,solo,0,0,298,0,0,0.075,727,0,0,0.022727
Run 2,Aaron Whitfield,47,joint,1,0,11,1,0,0.0,0,0,0,0.0
Run 2,Aaron Whitfield,47,solo,0,0,379,0,0,0.105769,727,1,0,1.0
Run 2,Aaron Whitfield,47,solo,1,0,503,1,0,1.0,11,1,0,0.0
Run 2,Aaron Whitfield,47,solo,0,0,313,0,0,0.059406,473,0,0,0.039216
Run 2,Aaron Whitfield,47,solo,0,0,473,0,0,0.073529,631,0,0,0.018349
Run 2,Aaron Whitfield,47,solo,0,0,373,0,0,0.053571,683,0,0,0.023148
Run 2,Aaron Whitfield,47,solo,1,0,11,1,0,0.0,11,1,0,0.0
Run 2,Aaron Whitfield,47,solo,0,0,391,0,0,0.024,478,0,0,0.016854
Run 2,Aaron Whitfield,47,solo,0,0,434,0,0,0.059322,673,0,0,0.027397
Run 2,Aaron Whitfield,47,solo,0,0,272,0,0,0.040323,553,0,0,0.036269
Run 2,Aaron Whitfield,48,joint,1,0,11,1,0,0.0,0,0,0,0.0
Run 2,Aaron Whitfield,48,solo,0,0,578,0,0,0.694444,660,0,0,0.649635
Run 2,Aaron Whitfield,48,solo,0,0,503,1,0,1.0,660,1,0,1.0
Run 2,Aaron Whitfield,48,solo,0,0,325,0,0,0.229885,550,0,0,0.045685
Run 2,Aaron Whitfield,48,solo,0,0,382,0,0,0.0625,632,0,0,0.037736
Run 2,Aaron Whitfield,48,solo,0,0,462,0,0,0.045714,794,0,0,0.022321
Run 2,Aaron Whitfield,48,joint,1,0,11,1,0,0.0,0,0,0,0.0
Run 2,Aaron Whitfield,48,solo,0,0,429,0,0,0.252525,741,0,0,0.069959
Run 2,Aaron Whitfield,48,solo,0,0,503,1,0,1.0,660,1,0,1.0
Run 2,Aaron Whitfield,48,solo,0,0,542,0,0,0.02963,556,0,0,0.027473
Run 2,Aaron Whitfield,48,solo,0,0,556,0,0,0.100775,639,0,0,0.06
Run 2,Aaron Whitfield,48,solo,0,0,437,0,0,0.057377,711,0,0,0.051163
Run 2,Aaron Whitfield,48,solo,0,0,392,0,0,0.175182,590,0,0,0.070652
Run 2,Aaron Whitfield,48,solo,0,0,455,0,0,0.022059,694,0,0,0.055046
Run 2,Aaron Whitfield,48,solo,0,0,225,0,0,0.103448,657,0,0,0.038462
Run 2,Aaron Whitfield,48,solo,0,0,301,0,0,0.071429,563,0,0,0.015075
Run 2,Aaron Whitfield,49,solo,0,0,621,0,0,0.711712,640,0,0,0.714286
Run 2,Aaron Whitfield,49,solo,0,0,345,0,0,0.051546,554,0,0,0.087209
Run 2,Aaron Whitfield,49,solo,0,0,460,0,0,0.081301,561,0,0,0.015873
Run 2,Aaron Whitfield,49,solo,0,0,412,0,0,0.065421,613,0,0,0.04878
Run 2,Aaron Whitfield,49,joint,1,0,11,1,0,0.0,0,0,0,0.0
Run 2,Aaron Whitfield,49,solo,0,0,622,0,0,0.745763,640,1,0,1.0
Run 2,Aaron Whitfield,49,solo,0,0,503,1,0,1.0,640,1,0,1.0
Run 2,Aaron Whitfield,49,solo,0,0,336,0,0,0.041667,674,0,0,0.012987
Run 2,Aaron Whitfield,49,solo,0,0,396,0,0,0.095652,779,0,0,0.052402
Run 2,Aaron Whitfield,49,solo,0,0,365,0,0,0.061538,667,0,0,0.035176
Run 2,Aaron Whitfield,49,solo,1,0,467,0,0,0.787879,11,1,0,0.0
Run 2,Aaron Whitfield,49,solo,0,0,376,0,0,0.053435,620,0,0,0.025381
Run 2,Aaron Whitfield,49,solo,0,0,471,0,0,0.036765,584,0,0,0.058296
Run 2,Aaron Whitfield,49,solo,0,0,357,0,0,0.047619,639,0,0,0.038278
Run 2,Aaron Whitfield,49,joint,1,0,11,1,0,0.0,0,0,0,0.0
Run 2,Aaron Whitfield,49,solo,1,0,11,1,0,0.0,11,1,0,0.0
Run 2,Aaron Whitfield,50,solo,0,0,603,0,0,0.714286,677,0,0,0.710145
Run 2,Aaron Whitfield,50,solo,0,0,404,0,0,0.116505,530,0,0,0.037634
Run 2,Aaron Whitfield,50,solo,0,0,424,0,0,0.176471,704,0,0,0.051402
Run 2,Aaron Whitfield,50,solo,0,0,368,0,0,0.137615,575,0,0,0.067308
Run 2,Aaron Whitfield,50,solo,0,0,564,0,0,0.742574,677,1,0,1.0
Run 2,Aaron Whitfield,50,solo,0,0,298,0,0,0.107527,591,0,0,0.026596
Run 2,Aaron Whitfield,50,solo,0,0,312,0,0,0.052632,652,0,0,0.033816
Run 2,Aaron Whitfield,50,solo,0,0,406,0,0,0.107143,591,0,0,0.02551
Run 2,Aaron Whitfield,50,solo,0,0,560,0,1,0.80531,677,1,0,1.0
Run 2,Aaron Whitfield,50,solo,0,0,244,0,0,0.092105,502,0,0,0.043956
Run 2,Aaron Whitfield,50,solo,0,0,429,0,0,0.19469,628,0,0,0.075377
Run 2,Aaron Whitfield,50,solo,0,0,466,0,0,0.086207,582,0,0,0.050459
Run 2,Aaron Whitfield,50,joint,1,0,11,1,0,0.0,0,0,0,0.0
Run 2,Aaron Whitfield,50,solo,0,0,553,0,1,0.884615,677,1,0,1.0
Run 2,Aaron Whitfield,50,solo,0,0,579,0,1,0.824074,677,1,0,1.0
Run 2,Aaron Whitfield,50,solo,0,0,504,0,0,0.014599,644,0,0,0.075676
Run 2,Aaron Whitfield,50,solo,0,0,417,0,0,0.148148,687,0,0,0.024038
Run 2,Aaron Whitfield,50,solo,0,0,330,0,0,0.050847,636,0,0,0.009259
Run 2,Aaron Whitfield,51,solo,0,0,566,0,1,0.807339,610,0,0,0.651515
Run 2,Aaron Whitfield,51,solo,0,0,507,0,0,0.029412,673,0,0,0.033654
Run 2,Aaron Whitfield,51,solo,0,0,408,0,0,0.138614,581,0,0,0.071006
Run 2,Aaron Whitfield,51,solo,0,0,477,0,0,0.040816,602,0,0,0.0625
Run 2,Aaron Whitfield,51,solo,0,0,599,0,1,0.970874,651,0,1,0.965517
Run 2,Aaron Whitfield,51,solo,0,0,266,0,0,0.070588,608,0,0,0.0199
Run 2,Aaron Whitfield,51,solo,0,0,361,0,0,0.152174,611,0,0,0.059701
Run 2,Aaron Whitfield,51,solo,0,0,301,0,0,0.066038,561,0,0,0.019512
Run 2,Aaron Whitfield,51,solo,0,0,566,1,0,1.0,610,1,0,1.0
Run 2,Aaron Whitfield,51,solo,0,0,301,0,0,0.021978,599,0,0,0.040404
Run 2,Aaron Whitfield,51,solo,0,0,475,0,0,0.055556,570,0,0,0.049505
Run 2,Aaron Whitfield,51,solo,0,0,309,0,0,0.153846,559,0,0,0.047619
Run 2,Aaron Whitfield,51,joint,1,0,11,1,0,0.0,0,0,0,0.0
Run 2,Aaron Whitfield,51,solo,1,0,11,1,0,0.0,11,1,0,0.0
Run 2,Aaron Whitfield,51,solo,1,0,11,1,0,0.0,11,1,0,0.0
Run 2,Aaron Whitfield,51,solo,0,0,393,0,0,0.05036,502,0,0,0.05625
Run 2,Aaron Whitfield,51,solo,0,0,325,0,0,0.055556,469,0,0,0.038251
Run 2,Aaron Whitfield,51,solo,0,0,334,0,0,0.066667,596,0,0,0.051546
Run 2,Aaron Whitfield,52,joint,1,0,11,1,0,0.0,0,0,0,0.0
Run 2,Aaron Whitfield,52,solo,0,0,537,0,1,0.88,594,0,0,0.756098
Run 2,Aaron Whitfield,52,solo,0,0,535,0,1,0.883495,594,1,0,1.0
Run 2,Aaron Whitfield,52,solo,0,0,345,0,0,0.076271,585,0,0,0.04023
Run 2,Aaron Whitfield,52,solo,0,0,360,0,0,0.221053,578,0,0,0.064171
Run 2,Aaron Whitfield,52,solo,0,0,362,0,0,0.170213,647,0,0,0.048077
Run 2,Aaron Whitfield,52,solo,0,0,550,0,1,0.851852,594,1,0,1.0
Run 2,Aaron Whitfield,52,solo,0,0,407,0,0,0.053097,472,0,0,0.049505
Run 2,Aaron Whitfield,52,solo,0,0,327,0,0,0.22619,627,0,0,0.045455
Run 2,Aaron Whitfield,52,solo,0,0,423,0,0,0.067797,737,0,0,0.025862
Run 2,Aaron Whitfield,52,solo,0,0,556,0,1,0.854369,594,1,0,1.0
Run 2,Aaron Whitfield,52,solo,0,0,395,0,0,0.055556,506,0,0,0.037838
Run 2,Aaron Whitfield,52,solo,0,0,385,0,0,0.19,586,0,0,0.040404
Run 2,Aaron Whitfield,52,solo,0,0,396,0,0,0.034188,684,0,0,0.047619
Run 2,Aaron Whitfield,52,solo,1,0,11,1,0,0.0,11,1,0,0.0
Run 2,Aaron Whitfield,52,solo,0,0,283,0,0,0.056,501,0,0,0.053191
Run 2,Aaron Whitfield,52,solo,0,0,408,0,0,0.015748,582,0,0,0.011173
Run 2,Aaron Whitfield,52,solo,0,0,308,0,0,0.025,666,0,0,0.035897
Run 2,Adrian Morales,1,solo,0,0,481,0,0,0.0,547,0,0,0.0
Run 2,Adrian Morales,1,solo,0,0,265,0,0,0.0,573,0,0,0.004762
Run 2,Adrian Morales,1,solo,0,0,497,0,0,0.0,682,0,0,0.0
Run 2,Adrian Morales,1,solo,0,0,362,0,0,0.0,621,0,0,0.004525
Run 2,Adrian Morales,1,joint,0,0,475,0,0,0.0,616,0,0,0.0
Run 2,Adrian Morales,1,solo,0,0,483,0,0,0.010929,670,0,0,0.012876
Run 2,Adrian Morales,1,solo,0,0,473,0,0,0.020548,589,0,0,0.004785
Run 2,Adrian Morales,1,solo,0,0,314,0,0,0.014599,609,0,0,0.028571
Run 2,Adrian Morales,1,solo,0,0,398,0,0,0.0,527,0,0,0.014851
Run 2,Adrian Morales,1,solo,0,0,430,0,0,0.008547,731,0,0,0.004386
Run 2,Adrian Morales,1,solo,0,0,288,0,0,0.0,815,0,0,0.049383
Run 2,Adrian Morales,1,solo,0,0,284,0,0,0.036232,525,0,0,0.005102
Run 2,Adrian Morales,1,solo,0,0,423,0,0,0.030769,544,0,0,0.010753
Run 2,Adrian Morales,1,solo,0,0,303,0,0,0.029703,558,0,0,0.009852
Run 2,Adrian Morales,1,joint,0,0,509,0,0,0.0,570,0,0,0.0
Run 2,Adrian Morales,1,solo,0,0,549,0,0,0.0,563,0,0,0.00813
Run 2,Adrian Morales,2,joint,0,0,379,0,0,0.0,734,0,0,0.027397
Run 2,Adrian Morales,2,solo,0,0,355,0,0,0.661972,522,0,0,0.035
Run 2,Adrian Morales,2,joint,0,0,484,0,0,0.0,588,0,0,0.030702
Run 2,Adrian Morales,2,solo,0,0,516,0,0,0.488189,595,0,0,0.029851
Run 2,Adrian Morales,2,solo,0,0,334,0,0,0.796875,607,0,0,0.098361
Run 2,Adrian Morales,2,solo,0,0,324,0,0,0.173913,626,0,0,0.042654
Run 2,Adrian Morales,2,solo,0,0,353,0,0,0.054054,607,0,0,0.0
Run 2,Adrian Morales,2,solo,0,0,369,0,0,0.052632,792,0,0,0.004049
Run 2,Adrian Morales,2,solo,0,0,502,0,1,0.863158,658,0,0,0.08134
Run 2,Adrian Morales,2,solo,0,0,294,0,0,0.019417,518,0,0,0.010152
Run 2,Adrian Morales,2,solo,0,0,337,0,0,0.041667,521,0,0,0.039801
Run 2,Adrian Morales,2,solo,0,0,264,0,0,0.0,615,0,0,0.033654
Run 2,Adrian Morales,2,solo,0,0,411,0,0,0.071429,771,0,0,0.048889
Run 2,Adrian Morales,2,solo,0,0,396,0,0,0.008772,645,0,0,0.014423
Run 2,Adrian Morales,2,solo,0,0,320,0,0,0.163462,597,0,0,0.010417
Run 2,Adrian Morales,2,solo,0,0,367,0,0,0.17094,649,0,0,0.029289
Run 2,Adrian Morales,3,solo,0,0,359,0,0,0.016129,672,0,0,0.039216
Run 2,Adrian Morales,3,solo,0,0,423,0,0,0.016807,665,0,0,0.032558
Run 2,Adrian Morales,3,solo,0,0,340,0,0,0.008403,521,0,0,0.044693
Run 2,Adrian Morales,3,solo,0,0,399,0,0,0.043165,689,0,0,0.018349
Run 2,Adrian Morales,3,joint,1,0,11,0,0,0.0,0,0,0,0.0
Run 2,Adrian Morales,3,solo,0,0,380,0,0,0.516854,620,0,0,0.156566
Run 2,Adrian Morales,3,solo,0,0,404,0,0,0.147826,662,0,0,0.068085
Run 2,Adrian Morales,3,solo,0,0,375,0,0,0.045113,505,0,0,0.032086
Run 2,Adrian Morales,3,solo,0,0,333,0,0,0.029126,654,0,0,0.025751
Run 2,Adrian Morales,3,solo,0,0,350,0,0,0.037879,634,0,0,0.022727
Run 2,Adrian Morales,3,solo,0,0,404,1,0,1.0,672,1,0,1.0
Run 2,Adrian Morales,3,solo,0,0,273,0,0,0.045455,634,0,0,0.023923
Run 2,Adrian Morales,3,solo,0,0,404,0,0,0.040323,604,0,0,0.02439
Run 2,Adrian Morales,3,solo,0,0,372,0,0,0.023256,632,0,0,0.009756
Run 2,Adrian Morales,3,solo,0,0,404,1,0,1.0,672,1,0,1.0
Run 2,Adrian Morales,3,solo,0,0,448,0,0,0.059829,512,0,0,0.026596
Run 2,Adrian Morales,3,solo,0,0,401,0,0,0.112903,472,0,0,0.031414
Run 2,Adrian Morales,3,solo,0,0,337,0,0,0.11215,592,0,0,0.031532
Run 2,Adrian Morales,4,joint,0,0,563,0,0,0.019868,690,0,0,0.009302
Run 2,Adrian Morales,4,solo,0,0,454,0,0,0.189189,580,0,0,0.037037
Run 2,Adrian Morales,4,joint,0,0,306,0,0,0.0,419,0,0,0.016949
Run 2,Adrian Morales,4,solo,0,0,454,1,0,1.0,732,0,0,0.491329
Run 2,Adrian Morales,4,solo,0,0,404,1,0,1.0,580,1,0,1.0
Run 2,Adrian Morales,4,solo,0,0,432,0,0,0.036496,620,0,0,0.023148
Run 2,Adrian Morales,4,solo,0,0,429,0,0,0.1,650,0,0,0.018957
Run 2,Adrian Morales,4,solo,0,0,405,0,0,0.076271,622,0,0,0.008097
Run 2,Adrian Morales,4,joint,1,0,11,1,0,0.0,0,0,0,0.0
Run 2,Adrian Morales,4,solo,0,0,454,1,0,1.0,732,1,0,1.0
Run 2,Adrian Morales,4,solo,0,0,404,1,0,1.0,580,1,0,1.0
Run 2,Adrian Morales,4,solo,0,0,358,0,0,0.057143,592,0,0,0.013453
Run 2,Adrian Morales,4,solo,0,0,403,0,0,0.071429,756,0,0,0.025105
Run 2,Adrian Morales,4,solo,0,0,357,0,0,0.073394,603,0,0,0.053659
Run 2,Adrian Morales,5,solo,0,0,403,0,1,0.857143,725,0,0,0.681159
Run 2,Adrian Morales,5,solo,0,0,318,0,0,0.12381,545,0,0,0.0199
Run 2,Adrian Morales,5,solo,0,0,386,0,0,0.070312,556,0,0,0.030457
Run 2,Adrian Morales,5,solo,0,0,290,0,0,0.102041,542,0,0,0.016129
Run 2,Adrian Morales,5,joint,0,0,515,0,0,0.014815,697,0,0,0.032258
Run 2,Adrian Morales,5,solo,0,0,405,1,0,1.0,721,0,0,0.165829
Run 2,Adrian Morales,5,solo,0,0,474,0,1,0.878378,866,0,0,0.443299
Run 2,Adrian Morales,5,solo,0,0,300,0,0,0.029126,506,0,0,0.028436
Run 2,Adrian Morales,5,solo,0,0,421,0,0,0.042017,501,0,0,0.015789
Run 2,Adrian Morales,5,solo,0,0,275,0,0,0.054945,602,0,0,0.042056
Run 2,Adrian Morales,5,joint,0,0,242,0,0,0.0,511,0,0,0.026738
Run 2,Adrian Morales,5,solo,0,0,476,0,1,0.878378,797,0,0,0.535519
Run 2,Adrian Morales,5,solo,0,0,474,1,0,1.0,819,0,0,0.708861
Run 2,Adrian Morales,5,solo,0,0,316,0,0,0.086538,558,0,0,0.061856
Run 2,Adrian Morales,5,solo,0,0,448,0,0,0.088,586,0,0,0.053476
Run 2,Adrian Morales,5,solo,0,0,409,0,0,0.077465,670,0,0,0.016461
Run 2,Adrian Morales,6,solo,0,0,462,0,1,0.858974,840,0,0,0.538012
Run 2,Adrian Morales,6,solo,0,0,475,0,0,0.020548,591,0,0,0.044776
Run 2,Adrian Morales,6,solo,0,0,330,0,0,0.084112,558,0,0,0.010204
Run 2,Adrian Morales,6,solo,0,0,242,0,0,0.026549,532,0,0,0.026178
Run 2,Adrian Morales,6,joint,0,0,373,0,0,0.007576,585,0,0,0.07177
Run 2,Adrian Morales,6,solo,0,0,464,0,1,0.868421,908,0,1,0.946746
Run 2,Adrian Morales,6,solo,0,0,462,1,0,1.0,908,1,0,1.0
Run 2,Adrian Morales,6,solo,0,0,410,0,0,0.092593,661,0,0,0.023923
Run 2,Adrian Morales,6,solo,0,0,455,0,0,0.05,618,0,0,0.046948
Run 2,Adrian Morales,6,solo,0,0,371,0,0,0.1,676,0,0,0.018779
Run 2,Adrian Morales,6,joint,1,0,11,1,0,0.0,0,0,0,0.0
Run 2,Adrian Morales,6,solo,0,0,464,1,0,1.0,908,1,0,1.0
Run 2,Adrian Morales,6,solo,0,0,462,1,0,1.0,759,0,0,0.52071
Run 2,Adrian Morales,6,solo,0,0,411,0,0,0.061404,589,0,0,0.095506
Run 2,Adrian Morales,6,solo,0,0,392,0,0,0.076923,636,0,0,0.021277
Run 2,Adrian Morales,6,solo,0,0,291,0,0,0.067416,565,0,0,0.012245
Run 2,Adrian Morales,7,solo,0,0,388,0,0,0.094203,761,0,0,0.029787
Run 2,Adrian Morales,7,solo,0,0,372,0,0,0.060811,587,0,0,0.033654
Run 2,Adrian Morales,7,solo,0,0,279,0,0,0.064815,627,0,0,0.044335
Run 2,Adrian Morales,7,solo,0,0,295,0,0,0.010101,603,0,0,0.015464
Run 2,Adrian Morales,7,joint,0,0,402,0,0,0.070707,670,0,0,0.183246
Run 2,Adrian Morales,7,solo,0,0,464,1,0,1.0,783,0,0,0.607843
Run 2,Adrian Morales,7,solo,0,0,462,1,0,1.0,783,1,0,1.0
Run 2,Adrian Morales,7,solo,0,0,415,0,0,0.06087,597,0,0,0.023474
Run 2,Adrian Morales,7,solo,0,0,471,0,0,0.110294,612,0,0,0.056338
Run 2,Adrian Morales,7,solo,0,0,271,0,0,0.12,623,0,0,0.030612
Run 2,Adrian Morales,7,joint,1,0,11,1,0,0.0,0,0,0,0.0
Run 2,Adrian Morales,7,solo,0,0,464,1,0,1.0,582,0,1,0.803419
Run 2,Adrian Morales,7,solo,0,0,462,1,0,1.0,582,1,0,1.0
Run 2,Adrian Morales,7,solo,0,0,543,0,0,0.064103,695,0,0,0.04186
Run 2,Adrian Morales,7,solo,0,0,357,0,0,0.05,507,0,0,0.038674
Run 2,Adrian Morales,7,solo,0,0,281,0,0,0.244444,478,0,0,0.130719
Run 2,Adrian Morales,8,solo,0,0,474,0,1,0.846154,688,0,0,0.150485
Run 2,Adrian Morales,8,solo,0,0,382,0,0,0.133333,553,0,0,0.033708
Run 2,Adrian Morales,8,solo,0,0,468,0,0,0.046875,518,0,0,0.005714
Run 2,Adrian Morales,8,solo,0,0,309,0,0,0.07563,540,0,0,0.063218
Run 2,Adrian Morales,8,joint,1,0,11,1,0,0.0,0,0,0,0.0
Run 2,Adrian Morales,8,solo,0,0,465,0,1,0.893333,666,0,1,0.923077
Run 2,Adrian Morales,8,solo,0,0,473,0,1,0.896104,753,0,0,0.081448
Run 2,Adrian Morales,8,solo,0,0,472,0,0,0.03937,561,0,0,0.033654
Run 2,Adrian Morales,8,solo,0,0,323,0,0,0.03252,582,0,0,0.030612
Run 2,Adrian Morales,8,solo,0,0,326,0,0,0.09009,494,0,0,0.036082
Run 2,Adrian Morales,8,solo,0,0,474,1,0,1.0,688,1,0,1.0
Run 2,Adrian Morales,8,solo,0,0,323,0,0,0.13,744,0,0,0.054299
Run 2,Adrian Morales,8,solo,0,0,444,0,0,0.093023,652,0,0,0.022222
Run 2,Adrian Morales,8,solo,0,0,261,0,0,0.010417,526,0,0,0.065574
Run 2,Adrian Morales,8,solo,0,0,474,1,0,1.0,688,1,0,1.0
Run 2,Adrian Morales,8,solo,0,0,358,0,0,0.081967,526,0,0,0.052632
Run 2,Adrian Morales,8,solo,0,0,445,0,0,0.042017,555,0,0,0.05641
Run 2,Adrian Morales,8,solo,0,0,207,0,0,0.131313,614,0,0,0.036199
Run 2,Adrian Morales,9,joint,0,0,387,0,0,0.035088,483,0,0,0.046667
Run 2,Adrian Morales,9,solo,0,0,465,1,0,1.0,674,0,0,0.593548
Run 2,Adrian Morales,9,solo,0,0,474,1,0,1.0,674,1,0,1.0
Run 2,Adrian Morales,9,solo,0,0,314,0,0,0.067961,589,0,0,0.025316
Run 2,Adrian Morales,9,solo,0,0,325,0,0,0.035088,486,0,0,0.054217
Run 2,Adrian Morales,9,solo,0,0,343,0,0,0.009524,617,0,0,0.008621
Run 2,Adrian Morales,9,solo,0,0,474,1,0,1.0,659,0,1,0.92
Run 2,Adrian Morales,9,solo,0,0,365,0,0,0.088235,770,0,0,0.013393
Run 2,Adrian Morales,9,solo,0,0,428,0,0,0.069565,547,0,0,0.038462
Run 2,Adrian Morales,9,solo,0,0,265,0,0,0.041667,533,0,0,0.00995
Run 2,Adrian Morales,9,solo,0,0,474,1,0,1.0,674,1,0,1.0
Run 2,Adrian Morales,9,solo,0,0,532,0,0,0.090909,500,0,0,0.053892
Run 2,Adrian Morales,9,solo,0,0,380,0,0,0.064516,551,0,0,0.037433
Run 2,Adrian Morales,9,solo,0,0,345,0,0,0.035714,628,0,0,0.041667
Run 2,Adrian Morales,9,solo,0,0,474,1,0,1.0,674,1,0,1.0
Run 2,Adrian Morales,9,solo,0,0,404,0,0,0.089431,532,0,0,0.016667
Run 2,Adrian Morales,9,solo,0,0,341,0,0,0.113821,495,0,0,0.032609
Run 2,Adrian Morales,9,solo,0,0,258,0,0,0.138889,567,0,0,0.029851
Run 2,Adrian Morales,10,joint,0,0,320,0,0,0.0,613,0,0,0.038278
Run 2,Adrian Morales,10,solo,0,0,465,1,0,1.0,594,0,0,0.704
Run 2,Adrian Morales,10,solo,0,0,474,1,0,1.0,580,0,1,0.921053
Run 2,Adrian Morales,10,solo,0,0,402,0,0,0.02381,629,0,0,0.050761
Run 2,Adrian Morales,10,solo,0,0,377,0,0,0.12605,597,0,0,0.037234
Run 2,Adrian Morales,10,solo,0,0,353,0,0,0.070707,520,0,0,0.032258
Run 2,Adrian Morales,10,solo,0,0,474,1,0,1.0,610,0,0,0.655738
Run 2,Adrian Morales,10,solo,0,0,339,0,0,0.158333,824,0,0,0.047431
Run 2,Adrian Morales,10,solo,0,0,411,0,0,0.065574,643,0,0,0.034783
Run 2,Adrian Morales,10,solo,0,0,660,0,0,0.032967,605,0,0,0.028436
Run 2,Adrian Morales,10,solo,0,0,474,1,0,1.0,610,1,0,1.0
Run 2,Adrian Morales,10,solo,0,0,239,0,0,0.135802,525,0,0,0.02907
Run 2,Adrian Morales,10,solo,0,0,398,0,0,0.109091,489,0,0,0.022472
Run 2,Adrian Morales,10,solo,0,0,344,0,0,0.068966,615,0,0,0.023256
Run 2,Adrian Morales,10,solo,0,0,465,1,0,1.0,632,0,1,0.915254
Run 2,Adrian Morales,10,solo,0,0,396,0,0,0.030303,687,0,0,0.057522
Run 2,Adrian Morales,10,solo,0,0,487,0,0,0.136752,550,0,0,0.038462
Run 2,Adrian Morales,10,solo,0,0,367,0,0,0.097561,771,0,0,0.029787
Run 2,Adrian Morales,11,joint,1,0,11,1,0,0.0,0,0,0,0.0
Run 2,Adrian Morales,11,solo,0,0,465,1,0,1.0,601,0,0,0.715385
Run 2,Adrian Morales,11,solo,0,0,474,1,0,1.0,601,1,0,1.0
Run 2,Adrian Morales,11,solo,0,0,351,0,0,0.064516,567,0,0,0.059701
Run 2,Adrian Morales,11,solo,0,0,500,0,0,0.061538,570,0,0,0.030043
Run 2,Adrian Morales,11,solo,0,0,416,0,0,0.021739,671,0,0,0.036866
Run 2,Adrian Morales,11,solo,0,0,474,1,0,1.0,601,1,0,1.0
Run 2,Adrian Morales,11,solo,0,0,367,0,0,0.03252,560,0,0,0.0199
Run 2,Adrian Morales,11,solo,0,0,423,0,0,0.058333,550,0,0,0.026316
Run 2,Adrian Morales,11,solo,0,0,279,0,0,0.035714,710,0,0,0.034188
Run 2,Adrian Morales,11,solo,0,0,474,1,0,1.0,601,1,0,1.0
Run 2,Adrian Morales,11,solo,0,0,463,0,0,0.051852,529,0,0,0.02809
Run 2,Adrian Morales,11,solo,0,0,285,0,0,0.087912,618,0,0,0.027523
Run 2,Adrian Morales,11,solo,0,0,375,0,0,0.019231,505,0,0,0.04
Run 2,Adrian Morales,11,solo,1,0,474,1,0,1.0,11,0,0,0.0
Run 2,Adrian Morales,11,solo,0,0,357,0,0,0.035714,615,0,0,0.019608
Run 2,Adrian Morales,11,solo,0,0,499,0,0,0.076389,559,0,0,0.033333
Run 2,Adrian Morales,11,solo,0,0,332,0,0,0.087719,554,0,0,0.040404
Run 2,Adrian Morales,12,joint,0,0,367,0,0,0.0,477,0,0,0.019108
Run 2,Adrian Morales,12,solo,0,0,463,1,0,1.0,501,0,1,0.816327
Run 2,Adrian Morales,12,joint,1,0,11,1,0,0.0,0,0,0,0.0
Run 2,Adrian Morales,12,solo,0,0,485,0,0,0.688889,711,0,0,0.671756
Run 2,Adrian Morales,12,solo,0,0,472,1,0,1.0,711,1,0,1.0
Run 2,Adrian Morales,12,solo,0,0,317,0,0,0.084112,566,0,0,0.021978
Run 2,Adrian Morales,12,solo,0,0,364,0,0,0.04386,508,0,0,0.034884
Run 2,Adrian Morales,12,solo,0,0,448,0,0,0.053097,741,0,0,0.048035
Run 2,Adrian Morales,12,solo,0,0,472,1,0,1.0,711,1,0,1.0
Run 2,Adrian Morales,12,solo,0,0,392,0,0,0.104167,579,0,0,0.015152
Run 2,Adrian Morales,12,solo,0,0,299,0,0,0.096491,653,0,0,0.040201
Run 2,Adrian Morales,12,solo,0,0,355,0,0,0.017699,585,0,0,0.026906
Run 2,Adrian Morales,12,solo,0,0,472,1,0,1.0,718,0,1,0.947761
Run 2,Adrian Morales,12,solo,0,0,438,0,0,0.081818,557,0,0,0.046154
Run 2,Adrian Morales,12,solo,0,0,407,0,0,0.089431,510,0,0,0.061728
Run 2,Adrian Morales,12,solo,0,0,356,0,0,0.144578,567,0,0,0.038251
Run 2,Adrian Morales,13,solo,0,0,472,1,0,1.0,715,0,0,0.682171
Run 2,Adrian Morales,13,solo,0,0,335,0,0,0.111111,608,0,0,0.057143
Run 2,Adrian Morales,13,solo,0,0,358,0,0,0.025641,674,0,0,0.041494
Run 2,Adrian Morales,13,solo,0,0,249,0,0,0.033333,738,0,0,0.0553
Run 2,Adrian Morales,13,joint,0,0,383,0,0,0.036364,498,0,0,0.067485
Run 2,Adrian Morales,13,solo,0,0,513,0,1,0.802198,715,1,0,1.0
Run 2,Adrian Morales,13,solo,0,0,522,0,1,0.870968,542,0,0,0.644444
Run 2,Adrian Morales,13,solo,0,0,458,0,0,0.052632,475,0,0,0.01676
Run 2,Adrian Morales,13,solo,0,0,410,0,0,0.064748,679,0,0,0.034884
Run 2,Adrian Morales,13,solo,0,0,381,0,0,0.045113,716,0,0,0.024691
Run 2,Adrian Morales,13,joint,1,0,11,1,0,0.0,0,0,0,0.0
Run 2,Adrian Morales,13,solo,0,0,463,1,0,1.0,715,1,0,1.0
Run 2,Adrian Morales,13,solo,0,0,451,0,1,0.897727,724,0,0,0.021834
Run 2,Adrian Morales,13,solo,0,0,289,0,0,0.022222,732,0,0,0.050388
Run 2,Adrian Morales,13,solo,0,0,387,0,0,0.061404,623,0,0,0.05314
Run 2,Adrian Morales,13,solo,0,0,486,0,0,0.077922,558,0,0,0.049724
Run 2,Adrian Morales,14,joint,0,0,432,0,0,0.032258,546,0,0,0.015075
Run 2,Adrian Morales,14,solo,0,0,531,0,0,0.767677,625,0,1,0.8
Run 2,Adrian Morales,14,solo,0,0,540,0,1,0.875,633,0,1,0.921739
Run 2,Adrian Morales,14,solo,0,0,323,0,0,0.059322,514,0,0,0.032407
Run 2,Adrian Morales,14,solo,0,0,444,0,0,0.055556,552,0,0,0.046632
Run 2,Adrian Morales,14,solo,0,0,394,0,0,0.024194,695,0,0,0.013889
Run 2,Adrian Morales,14,joint,0,0,432,0,0,0.008403,528,0,0,0.025381
Run 2,Adrian Morales,14,solo,0,0,531,1,0,1.0,621,0,0,0.106977
Run 2,Adrian Morales,14,solo,0,0,540,1,0,1.0,631,0,0,0.241206
Run 2,Adrian Morales,14,solo,0,0,368,0,0,0.082569,530,0,0,0.119497
Run 2,Adrian Morales,14,solo,0,0,477,0,0,0.029197,594,0,0,0.03
Run 2,Adrian Morales,14,solo,0,0,317,0,0,0.045455,534,0,0,0.023392
Run 2,Adrian Morales,14,solo,0,0,540,1,0,1.0,631,0,1,0.915254
Run 2,Adrian Morales,14,solo,0,0,293,0,0,0.054545,760,0,0,0.018265
Run 2,Adrian Morales,14,solo,0,0,348,0,0,0.11215,582,0,0,0.074468
Run 2,Adrian Morales,14,solo,0,0,228,0,0,0.044444,541,0,0,0.01676
Run 2,Adrian Morales,15,solo,0,0,546,0,1,0.978261,747,0,0,0.333333
Run 2,Adrian Morales,15,solo,0,0,406,0,0,0.095238,673,0,0,0.047847
Run 2,Adrian Morales,15,solo,0,0,269,0,0,0.089888,446,0,0,0.051948
Run 2,Adrian Morales,15,solo,0,0,424,0,0,0.032051,752,0,0,0.034483
Run 2,Adrian Morales,15,joint,1,0,11,1,0,0.0,0,0,0,0.0
Run 2,Adrian Morales,15,solo,0,0,537,0,1,0.977778,677,0,0,0.517442
Run 2,Adrian Morales,15,solo,0,0,546,1,0,1.0,729,0,0,0.680272
Run 2,Adrian Morales,15,solo,0,0,350,0,0,0.097345,765,0,0,0.062016
Run 2,Adrian Morales,15,solo,0,0,330,0,0,0.11215,536,0,0,0.025381
Run 2,Adrian Morales,15,solo,0,0,508,0,0,0.043796,665,0,0,0.016043
Run 2,Adrian Morales,15,solo,0,0,542,0,1,0.956989,813,0,1,0.937931
Run 2,Adrian Morales,15,solo,0,0,447,0,0,0.110169,581,0,0,0.03125
Run 2,Adrian Morales,15,solo,0,0,448,0,0,0.096774,646,0,0,0.025862
Run 2,Adrian Morales,15,solo,0,0,337,0,0,0.08,600,0,0,0.085561
Run 2,Adrian Morales,15,solo,0,0,542,1,0,1.0,813,1,0,1.0
Run 2,Adrian Morales,15,solo,0,0,367,0,0,0.099174,658,0,0,0.051546
Run 2,Adrian Morales,15,solo,0,0,408,0,0,0.04918,658,0,0,0.019512
Run 2,Adrian Morales,15,solo,0,0,246,0,0,0.027778,563,0,0,0.02551
Run 2,Adrian Morales,16,joint,0,0,273,0,0,0.0,504,0,0,0.026738
Run 2,Adrian Morales,16,solo,0,0,460,0,1,0.898876,662,0,0,0.709459
Run 2,Adrian Morales,16,solo,0,0,469,0,1,0.901099,662,1,0,1.0
Run 2,Adrian Morales,16,solo,0,0,400,0,0,0.04,506,0,0,0.017442
Run 2,Adrian Morales,16,solo,0,0,345,0,0,0.081081,551,0,0,0.035503
Run 2,Adrian Morales,16,solo,0,0,415,0,0,0.045455,530,0,0,0.021164
Run 2,Adrian Morales,16,solo,0,0,538,0,1,0.911111,735,0,1,0.869231
Run 2,Adrian Morales,16,solo,0,0,431,0,0,0.078261,638,0,0,0.056122
Run 2,Adrian Morales,16,solo,0,0,416,0,0,0.05042,558,0,0,0.016854
Run 2,Adrian Morales,16,solo,0,0,362,0,0,0.12931,551,0,0,0.1
Run 2,Adrian Morales,16,solo,0,0,538,1,0,1.0,735,1,0,1.0
Run 2,Adrian Morales,16,solo,0,0,371,0,0,0.117117,537,0,0,0.025
Run 2,Adrian Morales,16,solo,0,0,441,0,0,0.047619,599,0,0,0.020725
Run 2,Adrian Morales,16,solo,0,0,393,0,0,0.065693,611,0,0,0.063927
Run 2,Adrian Morales,16,solo,0,0,538,1,0,1.0,735,1,0,1.0
Run 2,Adrian Morales,16,solo,0,0,440,0,0,0.038462,513,0,0,0.027778
Run 2,Adrian Morales,16,solo,0,0,338,0,0,0.072727,569,0,0,0.03211
Run 2,Adrian Morales,16,solo,0,0,416,0,0,0.057377,570,0,0,0.066667
Run 2,Adrian Morales,17,solo,0,0,506,0,1,0.955556,716,0,0,0.52381
Run 2,Adrian Morales,17,solo,0,0,457,0,0,0.081081,689,0,0,0.040486
Run 2,Adrian Morales,17,solo,0,0,485,0,0,0.042945,499,0,0,0.052632
Run 2,Adrian Morales,17,solo,0,0,294,0,0,0.075269,511,0,0,0.053922
Run 2,Adrian Morales,17,joint,1,0,11,1,0,0.0,0,0,0,0.0
Run 2,Adrian Morales,17,solo,0,0,497,0,1,0.952381,753,0,1,0.962963
Run 2,Adrian Morales,17,solo,0,0,506,1,0,1.0,753,1,0,1.0
Run 2,Adrian Morales,17,solo,0,0,355,0,0,0.04065,559,0,0,0.020305
Run 2,Adrian Morales,17,solo,0,0,342,0,0,0.122642,486,0,0,0.057143
Run 2,Adrian Morales,17,solo,0,0,409,0,0,0.137615,454,0,0,0.070513
Run 2,Adrian Morales,17,solo,0,0,506,1,0,1.0,753,1,0,1.0
Run 2,Adrian Morales,17,solo,0,0,399,0,0,0.061644,599,0,0,0.021186
Run 2,Adrian Morales,17,solo,0,0,475,0,0,0.062016,529,0,0,0.050279
Run 2,Adrian Morales,17,solo,0,0,393,0,0,0.082645,582,0,0,0.014218
Run 2,Adrian Morales,17,solo,0,0,439,0,1,0.891566,716,1,0,1.0
Run 2,Adrian Morales,17,solo,0,0,471,0,0,0.05298,546,0,0,0.059783
Run 2,Adrian Morales,17,solo,0,0,306,0,0,0.076087,554,0,0,0.023474
Run 2,Adrian Morales,17,solo,0,0,321,0,0,0.147826,778,0,0,0.034188
Run 2,Adrian Morales,18,joint,0,0,501,0,0,0.0,584,0,0,0.019704
Run 2,Adrian Morales,18,solo,0,0,497,1,0,1.0,789,0,0,0.473118
Run 2,Adrian Morales,18,solo,0,0,506,1,0,1.0,789,1,0,1.0
Run 2,Adrian Morales,18,solo,0,0,262,0,0,0.078947,526,0,0,0.032258
Run 2,Adrian Morales,18,solo,0,0,349,0,0,0.09009,498,0,0,0.025
Run 2,Adrian Morales,18,solo,0,0,304,0,0,0.076923,626,0,0,0.029126
Run 2,Adrian Morales,18,solo,0,0,506,1,0,1.0,789,1,0,1.0
Run 2,Adrian Morales,18,solo,0,0,396,0,0,0.035714,652,0,0,0.039409
Run 2,Adrian Morales,18,solo,0,0,436,0,0,0.047619,716,0,0,0.044554
Run 2,Adrian Morales,18,solo,0,0,321,0,0,0.048077,553,0,0,0.038043
Run 2,Adrian Morales,18,solo,0,0,506,1,0,1.0,789,1,0,1.0
Run 2,Adrian Morales,18,solo,0,0,367,0,0,0.127451,554,0,0,0.030457
Run 2,Adrian Morales,18,solo,0,0,391,0,0,0.040323,619,0,0,0.068063
Run 2,Adrian Morales,18,solo,0,0,466,0,0,0.031496,503,0,0,0.044444
Run 2,Adrian Morales,18,solo,0,0,506,1,0,1.0,789,1,0,1.0
Run 2,Adrian Morales,18,solo,0,0,497,0,0,0.04698,646,0,0,0.037383
Run 2,Adrian Morales,18,solo,0,0,368,0,0,0.119565,582,0,0,0.029851
Run 2,Adrian Morales,18,solo,0,0,385,0,0,0.087719,534,0,0,0.103226
Run 2,Adrian Morales,19,solo,0,0,506,1,0,1.0,766,0,0,0.502793
Run 2,Adrian Morales,19,solo,0,0,319,0,0,0.04902,518,0,0,0.044693
Run 2,Adrian Morales,19,solo,0,0,380,0,0,0.151515,659,0,0,0.03139
Run 2,Adrian Morales,19,solo,0,0,265,0,0,0.056604,602,0,0,0.028436
Run 2,Adrian Morales,19,solo,0,0,506,1,0,1.0,766,1,0,1.0
Run 2,Adrian Morales,19,solo,0,0,394,0,0,0.096,530,0,0,0.130435
Run 2,Adrian Morales,19,solo,0,0,314,0,0,0.082569,462,0,0,0.063953
Run 2,Adrian Morales,19,solo,0,0,563,0,0,0.029586,644,0,0,0.028302
Run 2,Adrian Morales,19,solo,0,0,506,1,0,1.0,766,1,0,1.0
Run 2,Adrian Morales,19,solo,0,0,308,0,0,0.072727,676,0,0,0.033613
Run 2,Adrian Morales,19,solo,0,0,315,0,0,0.074074,592,0,0,0.053571
Run 2,Adrian Morales,19,solo,0,0,368,0,0,0.102564,702,0,0,0.028986
Run 2,Adrian Morales,19,joint,1,0,11,1,0,0.0,0,0,0,0.0
Run 2,Adrian Morales,19,solo,0,0,492,0,1,0.837209,792,0,1,0.806452
Run 2,Adrian Morales,19,solo,0,0,506,1,0,1.0,803,0,1,0.972028
Run 2,Adrian Morales,19,solo,0,0,456,0,0,0.053097,588,0,0,0.036649
Run 2,Adrian Morales,19,solo,0,0,419,0,0,0.028777,680,0,0,0.034483
Run 2,Adrian Morales,19,solo,0,0,263,0,0,0.133333,652,0,0,0.033019
Run 2,Adrian Morales,20,joint,0,0,453,0,0,0.0,618,0,0,0.048387
Run 2,Adrian Morales,20,solo,0,0,497,1,0,1.0,660,0,0,0.579618
Run 2,Adrian Morales,20,solo,0,0,506,1,0,1.0,660,1,0,1.0
Run 2,Adrian Morales,20,solo,0,0,445,0,0,0.093458,560,0,0,0.036458
Run 2,Adrian Morales,20,solo,0,0,393,0,0,0.070796,534,0,0,0.078788
Run 2,Adrian Morales,20,solo,0,0,331,0,0,0.082569,450,0,0,0.04023
Run 2,Adrian Morales,20,joint,0,0,357,0,0,0.0,656,0,0,0.024155
Run 2,Adrian Morales,20,solo,0,0,497,1,0,1.0,660,1,0,1.0
Run 2,Adrian Morales,20,solo,0,0,506,1,0,1.0,660,1,0,1.0
Run 2,Adrian Morales,20,solo,0,0,374,0,0,0.119565,531,0,0,0.062857
Run 2,Adrian Morales,20,solo,0,0,354,0,0,0.09901,566,0,0,0.042781
Run 2,Adrian Morales,20,solo,0,0,263,0,0,0.067416,533,0,0,0.040359
Run 2,Adrian Morales,20,solo,0,0,506,1,0,1.0,660,1,0,1.0
Run 2,Adrian Morales,20,solo,0,0,327,0,0,0.113208,580,0,0,0.033149
Run 2,Adrian Morales,20,solo,0,0,382,0,0,0.072727,484,0,0,0.057692
Run 2,Adrian Morales,20,solo,0,0,324,0,0,0.12605,641,0,0,0.057778
Run 2,Adrian Morales,21,joint,1,0,11,1,0,0.0,0,0,0,0.0
Run 2,Adrian Morales,21,solo,0,0,497,1,0,1.0,863,0,0,0.458333
Run 2,Adrian Morales,21,solo,0,0,497,1,0,1.0,792,0,1,0.907407
Run 2,Adrian Morales,21,solo,0,0,390,0,0,0.066176,636,0,0,0.029661
Run 2,Adrian Morales,21,solo,0,0,518,0,0,0.131387,540,0,0,0.042857
Run 2,Adrian Morales,21,solo,0,0,364,0,0,0.112069,586,0,0,0.029412
Run 2,Adrian Morales,21,joint,0,0,312,0,0,0.045455,427,0,0,0.041958
Run 2,Adrian Morales,21,solo,0,0,497,1,0,1.0,792,1,0,1.0
Run 2,Adrian Morales,21,solo,0,0,506,1,0,1.0,792,1,0,1.0
Run 2,Adrian Morales,21,solo,0,0,326,0,0,0.066667,487,0,0,0.027397
Run 2,Adrian Morales,21,solo,0,0,381,0,0,0.049587,590,0,0,0.03653
Run 2,Adrian Morales,21,solo,0,0,409,0,0,0.033058,476,0,0,0.038251
Run 2,Adrian Morales,21,solo,0,0,497,1,0,1.0,792,1,0,1.0
Run 2,Adrian Morales,21,solo,0,0,360,0,0,0.07377,621,0,0,0.035714
Run 2,Adrian Morales,21,solo,0,0,407,0,0,0.136364,700,0,0,0.035019
Run 2,Adrian Morales,21,solo,0,0,354,0,0,0.050847,653,0,0,0.032558
Run 2,Adrian Morales,22,joint,1,0,11,1,0,0.0,0,0,0,0.0
Run 2,Adrian Morales,22,solo,0,0,497,1,0,1.0,732,0,0,0.546012
Run 2,Adrian Morales,22,solo,0,0,506,1,0,1.0,732,1,0,1.0
Run 2,Adrian Morales,22,solo,0,0,486,0,0,0.02027,444,0,0,0.062893
Run 2,Adrian Morales,22,solo,0,0,420,0,0,0.047619,603,0,0,0.030151
Run 2,Adrian Morales,22,solo,0,0,260,0,0,0.010753,529,0,0,0.015707
Run 2,Adrian Morales,22,joint,1,0,11,1,0,0.0,0,0,0,0.0
Run 2,Adrian Morales,22,solo,0,0,497,1,0,1.0,732,1,0,1.0
Run 2,Adrian Morales,22,solo,0,0,497,1,0,1.0,732,1,0,1.0
Run 2,Adrian Morales,22,solo,0,0,373,0,0,0.132653,492,0,0,0.026596
Run 2,Adrian Morales,22,solo,0,0,312,0,0,0.078431,513,0,0,0.040404
Run 2,Adrian Morales,22,solo,0,0,297,0,0,0.109091,495,0,0,0.051163
Run 2,Adrian Morales,22,solo,0,0,497,1,0,1.0,732,1,0,1.0
Run 2,Adrian Morales,22,solo,0,0,341,0,0,0.069565,541,0,0,0.042781
Run 2,Adrian Morales,22,solo,0,0,357,0,0,0.090909,586,0,0,0.035176
Run 2,Adrian Morales,22,solo,0,0,420,0,0,0.15625,608,0,0,0.024272
Run 2,Adrian Morales,23,joint,0,0,454,0,0,0.0,541,0,0,0.015075
Run 2,Adrian Morales,23,solo,0,0,497,1,0,1.0,851,0,0,0.524862
Run 2,Adrian Morales,23,solo,0,0,495,0,1,0.888889,851,1,0,1.0
Run 2,Adrian Morales,23,solo,0,0,467,0,0,0.07971,604,0,0,0.030303
Run 2,Adrian Morales,23,solo,0,0,361,0,0,0.07767,702,0,0,0.064356
Run 2,Adrian Morales,23,solo,0,0,301,0,0,0.06015,456,0,0,0.010695
Run 2,Adrian Morales,23,joint,0,0,441,0,0,0.0,602,0,0,0.028846
Run 2,Adrian Morales,23,solo,0,0,497,1,0,1.0,851,1,0,1.0
Run 2,Adrian Morales,23,solo,0,0,495,1,0,1.0,851,1,0,1.0
Run 2,Adrian Morales,23,solo,0,0,275,0,0,0.2625,571,0,0,0.034146
Run 2,Adrian Morales,23,solo,0,0,353,0,0,0.084746,679,0,0,0.039801
Run 2,Adrian Morales,23,solo,0,0,312,0,0,0.138889,526,0,0,0.030151
Run 2,Adrian Morales,23,solo,0,0,272,0,0,0.007874,498,0,0,0.025907
Run 2,Adrian Morales,23,solo,0,0,304,0,0,0.028302,562,0,0,0.046632
Run 2,Adrian Morales,23,solo,0,0,405,0,0,0.040984,595,0,0,0.025126
Run 2,Adrian Morales,23,solo,0,0,441,0,0,0.008696,628,0,0,0.031088
Run 2,Adrian Morales,24,joint,0,0,400,0,0,0.0,660,0,0,0.018605
Run 2,Adrian Morales,24,solo,0,0,497,1,0,1.0,735,0,0,0.355191
Run 2,Adrian Morales,24,solo,0,0,495,1,0,1.0,735,1,0,1.0
Run 2,Adrian Morales,24,solo,0,0,318,0,0,0.078125,543,0,0,0.020725
Run 2,Adrian Morales,24,solo,0,0,453,0,0,0.131579,657,0,0,0.03211
Run 2,Adrian Morales,24,solo,0,0,347,0,0,0.145455,662,0,0,0.040541
Run 2,Adrian Morales,24,solo,0,0,423,0,0,0.318584,739,0,1,0.933824
Run 2,Adrian Morales,24,solo,0,0,450,0,0,0.06993,548,0,0,0.043243
Run 2,Adrian Morales,24,solo,0,0,588,0,0,0.027211,611,0,0,0.030457
Run 2,Adrian Morales,24,solo,0,0,428,0,0,0.075,594,0,0,0.125683
Run 2,Adrian Morales,24,solo,0,0,495,1,0,1.0,735,1,0,1.0
Run 2,Adrian Morales,24,solo,0,0,433,0,0,0.106557,504,0,0,0.030303
Run 2,Adrian Morales,24,solo,0,0,492,0,0,0.08209,663,0,0,0.022124
Run 2,Adrian Morales,24,solo,0,0,344,0,0,0.131313,653,0,0,0.031963
Run 2,Adrian Morales,24,solo,0,0,495,1,0,1.0,739,1,0,1.0
Run 2,Adrian Morales,24,solo,0,0,295,0,0,0.135802,527,0,0,0.087209
Run 2,Adrian Morales,24,solo,0,0,309,0,0,0.107527,469,0,0,0.035503
Run 2,Adrian Morales,24,solo,0,0,351,0,0,0.13,655,0,0,0.040816
Run 2,Adrian Morales,25,solo,0,0,495,1,0,1.0,626,0,0,0.554839
Run 2,Adrian Morales,25,solo,0,0,359,0,0,0.104167,649,0,0,0.042254
Run 2,Adrian Morales,25,solo,0,0,346,0,0,0.08,690,0,0,0.05
Run 2,Adrian Morales,25,solo,0,0,278,0,0,0.122222,520,0,0,0.029703
Run 2,Adrian Morales,25,joint,0,0,425,0,0,0.0,514,0,0,0.041667
Run 2,Adrian Morales,25,solo,0,0,460,1,0,0.952381,626,1,0,1.0
Run 2,Adrian Morales,25,solo,0,0,428,0,1,0.883117,726,0,1,0.833333
Run 2,Adrian Morales,25,solo,0,0,300,0,0,0.146789,551,0,0,0.032258
Run 2,Adrian Morales,25,solo,0,0,367,0,0,0.077586,632,0,0,0.068493
Run 2,Adrian Morales,25,solo,0,0,366,0,0,0.018519,593,0,0,0.023585
Run 2,Adrian Morales,25,solo,0,0,495,1,0,1.0,730,0,1,0.934307
Run 2,Adrian Morales,25,solo,0,0,541,0,0,0.047619,567,0,0,0.043478
Run 2,Adrian Morales,25,solo,0,0,314,0,0,0.061947,684,0,0,0.035556
Run 2,Adrian Morales,25,solo,0,0,295,0,0,0.039604,551,0,0,0.016575
Run 2,Adrian Morales,25,solo,0,0,495,1,0,1.0,730,1,0,1.0
Run 2,Adrian Morales,25,solo,0,0,341,0,0,0.125,461,0,0,0.032432
Run 2,Adrian Morales,25,solo,0,0,374,0,0,0.095238,533,0,0,0.03352
Run 2,Adrian Morales,25,solo,0,0,348,0,0,0.06015,683,0,0,0.035156
Run 2,Adrian Morales,26,joint,0,0,425,0,0,0.017391,616,0,0,0.025126
Run 2,Adrian Morales,26,solo,0,0,497,1,0,1.0,715,0,0,0.592105
Run 2,Adrian Morales,26,solo,0,0,495,1,0,1.0,715,1,0,1.0
Run 2,Adrian Morales,26,solo,0,0,506,0,0,0.048611,730,0,0,0.022727
Run 2,Adrian Morales,26,solo,0,0,382,0,0,0.068966,556,0,0,0.05291
Run 2,Adrian Morales,26,solo,0,0,282,0,0,0.028037,555,0,0,0.020101
Run 2,Adrian Morales,26,solo,0,0,495,1,0,1.0,719,0,1,0.934307
Run 2,Adrian Morales,26,solo,0,0,368,0,0,0.066038,580,0,0,0.1
Run 2,Adrian Morales,26,solo,0,0,234,0,0,0.139241,801,0,0,0.045833
Run 2,Adrian Morales,26,solo,0,0,270,0,0,0.107527,525,0,0,0.039801
Run 2,Adrian Morales,26,joint,1,0,11,1,0,0.0,0,0,0,0.0
Run 2,Adrian Morales,26,solo,0,0,497,1,0,1.0,598,0,0,0.106742
Run 2,Adrian Morales,26,solo,0,0,495,1,0,1.0,719,1,0,1.0
Run 2,Adrian Morales,26,solo,0,0,485,0,0,0.103448,713,0,0,0.028302
Run 2,Adrian Morales,26,solo,0,0,410,0,0,0.065574,644,0,0,0.027907
Run 2,Adrian Morales,26,solo,0,0,409,0,0,0.099099,737,0,0,0.009091
Run 2,Adrian Morales,27,joint,0,0,358,0,0,0.008403,509,0,0,0.051813
Run 2,Adrian Morales,27,solo,0,0,497,1,0,1.0,690,0,0,0.556291
Run 2,Adrian Morales,27,solo,0,0,495,1,0,1.0,755,0,0,0.491429
Run 2,Adrian Morales,27,solo,0,0,408,0,0,0.06,621,0,0,0.055556
Run 2,Adrian Morales,27,solo,0,0,334,0,0,0.081633,505,0,0,0.02809
Run 2,Adrian Morales,27,solo,0,0,415,0,0,0.03252,567,0,0,0.037037
Run 2,Adrian Morales,27,solo,0,0,441,1,0,0.891566,755,1,0,1.0
Run 2,Adrian Morales,27,solo,0,0,333,0,0,0.093458,570,0,0,0.034483
Run 2,Adrian Morales,27,solo,0,0,316,0,0,0.204301,475,0,0,0.015957
Run 2,Adrian Morales,27,solo,0,0,353,0,0,0.008,622,0,0,0.028037
Run 2,Adrian Morales,27,solo,0,0,495,1,0,1.0,755,1,0,1.0
Run 2,Adrian Morales,27,solo,0,0,422,0,0,0.053846,527,0,0,0.083333
Run 2,Adrian Morales,27,solo,0,0,323,0,0,0.115385,637,0,0,0.036697
Run 2,Adrian Morales,27,solo,0,0,344,0,0,0.179775,592,0,0,0.036269
Run 2,Adrian Morales,27,solo,0,0,495,1,0,1.0,754,0,1,0.915493
Run 2,Adrian Morales,27,solo,0,0,323,0,0,0.026786,599,0,0,0.028302
Run 2,Adrian Morales,27,solo,0,0,439,0,0,0.093458,580,0,0,0.035
Run 2,Adrian Morales,27,solo,0,0,390,0,0,0.113821,676,0,0,0.059701
Run 2,Adrian Morales,28,joint,1,0,11,1,0,0.0,0,0,0,0.0
Run 2,Adrian Morales,28,solo,0,0,497,1,0,1.0,794,0,0,0.480447
Run 2,Adrian Morales,28,solo,0,0,495,1,0,1.0,794,1,0,1.0
Run 2,Adrian Morales,28,solo,0,0,253,0,0,0.061856,557,0,0,0.028846
Run 2,Adrian Morales,28,solo,0,0,428,0,0,0.040984,594,0,0,0.036082
Run 2,Adrian Morales,28,solo,0,0,265,0,0,0.029412,498,0,0,0.025126
Run 2,Adrian Morales,28,solo,0,0,495,1,0,1.0,794,1,0,1.0
Run 2,Adrian Morales,28,solo,0,0,408,0,0,0.09322,866,0,0,0.016129
Run 2,Adrian Morales,28,solo,0,0,270,0,0,0.115789,546,0,0,0.023256
Run 2,Adrian Morales,28,solo,0,0,278,0,0,0.045455,550,0,0,0.04918
Run 2,Adrian Morales,28,solo,0,0,495,1,0,1.0,794,1,0,1.0
Run 2,Adrian Morales,28,solo,0,0,346,0,0,0.051852,528,0,0,0.032787
Run 2,Adrian Morales,28,solo,0,0,325,0,0,0.121739,554,0,0,0.035714
Run 2,Adrian Morales,28,solo,0,0,410,0,0,0.095652,546,0,0,0.037037
Run 2,Adrian Morales,28,joint,1,0,11,1,0,0.0,0,0,0,0.0
Run 2,Adrian Morales,28,solo,1,0,11,0,0,0.0,11,1,0,0.0
Run 2,Adrian Morales,29,solo,0,0,495,1,0,1.0,793,0,0,0.475138
Run 2,Adrian Morales,29,solo,0,0,494,0,0,0.032258,675,0,0,0.050926
Run 2,Adrian Morales,29,solo,0,0,326,0,0,0.077519,735,0,0,0.044335
Run 2,Adrian Morales,29,solo,0,0,353,0,0,0.056075,642,0,0,0.024038
Run 2,Adrian Morales,29,joint,0,0,364,0,0,0.0,513,0,0,0.034483
Run 2,Adrian Morales,29,solo,0,0,497,1,0,1.0,793,1,0,1.0
Run 2,Adrian Morales,29,solo,0,0,495,1,0,1.0,793,1,0,1.0
Run 2,Adrian Morales,29,solo,0,0,458,0,0,0.094828,606,0,0,0.03
Run 2,Adrian Morales,29,solo,0,0,439,0,0,0.089286,641,0,0,0.037234
Run 2,Adrian Morales,29,solo,0,0,308,0,0,0.18,536,0,0,0.028249
Run 2,Adrian Morales,29,solo,0,0,495,1,0,1.0,793,1,0,1.0
Run 2,Adrian Morales,29,solo,0,0,293,0,0,0.081633,524,0,0,0.031414
Run 2,Adrian Morales,29,solo,0,0,349,0,0,0.128205,678,0,0,0.053398
Run 2,Adrian Morales,29,solo,0,0,290,0,0,0.009259,641,0,0,0.03139
Run 2,Adrian Morales,29,joint,1,0,11,1,0,0.0,0,0,0,0.0
Run 2,Adrian Morales,29,solo,0,0,499,1,0,1.0,793,1,0,1.0
Run 2,Adrian Morales,30,joint,1,0,11,1,0,0.0,0,0,0,0.0
Run 2,Adrian Morales,30,solo,0,0,549,0,1,0.816327,696,0,0,0.522581
Run 2,Adrian Morales,30,solo,0,0,495,1,0,1.0,696,1,0,1.0
Run 2,Adrian Morales,30,solo,0,0,322,0,0,0.05,552,0,0,0.042105
Run 2,Adrian Morales,30,solo,0,0,403,0,0,0.033333,468,0,0,0.057803
Run 2,Adrian Morales,30,solo,0,0,429,0,0,0.102041,503,0,0,0.046784
Run 2,Adrian Morales,30,solo,0,0,495,1,0,1.0,696,1,0,1.0
Run 2,Adrian Morales,30,solo,0,0,411,0,0,0.057851,503,0,0,0.048387
Run 2,Adrian Morales,30,solo,0,0,359,0,0,0.141509,469,0,0,0.02907
Run 2,Adrian Morales,30,solo,0,0,308,0,0,0.202128,615,0,0,0.069892
Run 2,Adrian Morales,30,solo,0,0,495,1,0,1.0,696,1,0,1.0
Run 2,Adrian Morales,30,solo,0,0,401,0,0,0.186813,483,0,0,0.093923
Run 2,Adrian Morales,30,solo,0,0,366,0,0,0.113402,601,0,0,0.025253
Run 2,Adrian Morales,30,solo,0,0,328,0,0,0.164948,592,0,0,0.06
Run 2,Adrian Morales,30,joint,1,0,11,1,0,0.0,0,0,0,0.0
Run 2,Adrian Morales,30,solo,0,0,390,0,1,0.938462,636,0,0,0.559701
Run 2,Adrian Morales,31,solo,0,0,458,0,1,0.952381,684,0,0,0.54717
Run 2,Adrian Morales,31,solo,0,0,328,0,0,0.061538,656,0,0,0.072115
Run 2,Adrian Morales,31,solo,0,0,307,0,0,0.095238,502,0,0,0.047619
Run 2,Adrian Morales,31,solo,0,0,409,0,0,0.045802,612,0,0,0.040359
Run 2,Adrian Morales,31,solo,0,0,495,1,0,1.0,684,1,0,1.0
Run 2,Adrian Morales,31,solo,0,0,377,0,0,0.126214,630,0,0,0.057143
Run 2,Adrian Morales,31,solo,0,0,375,0,0,0.141509,636,0,0,0.055046
Run 2,Adrian Morales,31,solo,0,0,419,0,0,0.197917,539,0,0,0.030612
Run 2,Adrian Morales,31,solo,0,0,458,1,0,1.0,684,1,0,1.0
Run 2,Adrian Morales,31,solo,0,0,414,0,0,0.076271,605,0,0,0.068063
Run 2,Adrian Morales,31,solo,0,0,381,0,0,0.090164,609,0,0,0.028037
Run 2,Adrian Morales,31,solo,0,0,275,0,0,0.189189,507,0,0,0.03012
Run 2,Adrian Morales,31,solo,0,0,495,1,0,1.0,684,1,0,1.0
Run 2,Adrian Morales,31,solo,0,0,453,0,0,0.126866,692,0,0,0.02834
Run 2,Adrian Morales,31,solo,0,0,424,0,0,0.034247,525,0,0,0.022099
Run 2,Adrian Morales,31,solo,0,0,370,0,0,0.070707,579,0,0,0.071749
Run 2,Adrian Morales,31,solo,1,0,11,1,0,0.0,11,1,0,0.0
Run 2,Adrian Morales,31,solo,0,0,317,0,0,0.051095,567,0,0,0.034483
Run 2,Adrian Morales,31,solo,0,0,385,0,0,0.05,686,0,0,0.015038
Run 2,Adrian Morales,31,solo,0,0,409,0,0,0.015748,657,0,0,0.023256
Run 2,Adrian Morales,32,solo,0,0,495,1,0,1.0,882,0,0,0.46114
Run 2,Adrian Morales,32,solo,0,0,386,0,0,0.100775,576,0,0,0.027778
Run 2,Adrian Morales,32,solo,0,0,386,0,0,0.058333,522,0,0,0.041885
Run 2,Adrian Morales,32,solo,0,0,342,0,0,0.228916,651,0,0,0.09434
Run 2,Adrian Morales,32,joint,1,0,11,1,0,0.0,0,0,0,0.0
Run 2,Adrian Morales,32,solo,0,0,497,1,0,1.0,882,1,0,1.0
Run 2,Adrian Morales,32,solo,0,0,495,1,0,1.0,882,1,0,1.0
Run 2,Adrian Morales,32,solo,0,0,328,0,0,0.081395,587,0,0,0.042194
Run 2,Adrian Morales,32,solo,0,0,383,0,0,0.092593,722,0,0,0.087719
Run 2,Adrian Morales,32,solo,0,0,303,0,0,0.296703,534,0,0,0.066667
Run 2,Adrian Morales,32,joint,1,0,11,1,0,0.0,0,0,0,0.0
Run 2,Adrian Morales,32,solo,0,0,497,1,0,1.0,882,1,0,1.0
Run 2,Adrian Morales,32,solo,0,0,495,1,0,1.0,882,1,0,1.0
Run 2,Adrian Morales,32,solo,0,0,311,0,0,0.083333,627,0,0,0.028571
Run 2,Adrian Morales,32,solo,0,0,380,0,0,0.178947,574,0,0,0.036269
Run 2,Adrian Morales,32,solo,0,0,416,0,0,0.155963,711,0,0,0.077869
Run 2,Adrian Morales,33,solo,0,0,495,1,0,1.0,690,0,0,0.564935
Run 2,Adrian Morales,33,solo,0,0,465,0,0,0.036496,496,0,0,0.040936
Run 2,Adrian Morales,33,solo,0,0,385,0,0,0.115044,601,0,0,0.043011
Run 2,Adrian Morales,33,solo,0,0,372,0,0,0.147727,496,0,0,0.069149
Run 2,Adrian Morales,33,joint,0,0,344,0,0,0.009615,508,0,0,0.017241
Run 2,Adrian Morales,33,solo,0,0,497,1,0,1.0,690,1,0,1.0
Run 2,Adrian Morales,33,solo,0,0,495,1,0,1.0,690,1,0,1.0
Run 2,Adrian Morales,33,solo,0,0,282,0,0,0.084906,629,0,0,0.041096
Run 2,Adrian Morales,33,solo,0,0,522,0,0,0.1,630,0,0,0.064655
Run 2,Adrian Morales,33,solo,0,0,379,0,0,0.121212,534,0,0,0.057416
Run 2,Adrian Morales,33,joint,0,0,367,0,0,0.009091,486,0,0,0.033557
Run 2,Adrian Morales,33,solo,0,0,497,1,0,1.0,690,1,0,1.0
Run 2,Adrian Morales,33,solo,0,0,458,1,0,1.0,690,1,0,1.0
Run 2,Adrian Morales,33,solo,0,0,303,0,0,0.05102,690,0,0,0.031963
Run 2,Adrian Morales,33,solo,0,0,401,0,0,0.105263,484,0,0,0.043478
Run 2,Adrian Morales,33,solo,0,0,252,0,0,0.173913,633,0,0,0.035242
Run 2,Adrian Morales,34,joint,1,0,11,1,0,0.0,0,0,0,0.0
Run 2,Adrian Morales,34,solo,0,0,497,1,0,1.0,626,0,0,0.647482
Run 2,Adrian Morales,34,solo,0,0,495,1,0,1.0,626,1,0,1.0
Run 2,Adrian Morales,34,solo,0,0,360,0,0,0.073171,554,0,0,0.030928
Run 2,Adrian Morales,34,solo,0,0,371,0,0,0.084746,530,0,0,0.041916
Run 2,Adrian Morales,34,solo,0,0,329,0,0,0.129412,607,0,0,0.051887
Run 2,Adrian Morales,34,solo,0,0,478,0,1,0.950617,626,1,0,1.0
Run 2,Adrian Morales,34,solo,0,0,404,0,0,0.061404,660,0,0,0.060914
Run 2,Adrian Morales,34,solo,0,0,259,0,0,0.089109,539,0,0,0.041916
Run 2,Adrian Morales,34,solo,0,0,512,0,0,0.076923,533,0,0,0.047337
Run 2,Adrian Morales,34,joint,1,0,11,1,0,0.0,0,0,0,0.0
Run 2,Adrian Morales,34,solo,0,0,460,1,0,0.952381,626,1,0,1.0
Run 2,Adrian Morales,34,solo,0,0,495,1,0,1.0,626,1,0,1.0
Run 2,Adrian Morales,34,solo,0,0,312,0,0,0.07,542,0,0,0.039024
Run 2,Adrian Morales,34,solo,0,0,307,0,0,0.13,577,0,0,0.014085
Run 2,Adrian Morales,34,solo,0,0,449,0,0,0.090909,643,0,0,0.036082
Run 2,Adrian Morales,35,solo,0,0,460,1,0,1.0,689,0,0,0.6
Run 2,Adrian Morales,35,solo,0,0,340,0,0,0.057851,531,0,0,0.078947
Run 2,Adrian Morales,35,solo,0,0,486,0,0,0.133333,512,0,0,0.059459
Run 2,Adrian Morales,35,solo,0,0,336,0,0,0.075,527,0,0,0.04142
Run 2,Adrian Morales,35,solo,0,0,478,1,0,1.0,689,1,0,1.0
Run 2,Adrian Morales,35,solo,0,0,429,0,0,0.078571,626,0,0,0.066298
Run 2,Adrian Morales,35,solo,0,0,460,0,0,0.072581,564,0,0,0.073733
Run 2,Adrian Morales,35,solo,0,0,325,0,0,0.023622,700,0,0,0.018868
Run 2,Adrian Morales,35,joint,1,0,11,1,0,0.0,0,0,0,0.0
Run 2,Adrian Morales,35,solo,0,0,497,1,0,1.0,689,1,0,1.0
Run 2,Adrian Morales,35,solo,0,0,478,1,0,1.0,689,1,0,1.0
Run 2,Adrian Morales,35,solo,0,0,393,0,0,0.070707,548,0,0,0.071795
Run 2,Adrian Morales,35,solo,0,0,432,0,0,0.104,603,0,0,0.053398
Run 2,Adrian Morales,35,solo,0,0,313,0,0,0.128205,541,0,0,0.054348
Run 2,Adrian Morales,35,joint,1,0,11,1,0,0.0,0,0,0,0.0
Run 2,Adrian Morales,35,solo,0,0,478,1,0,1.0,689,1,0,1.0
Run 2,Adrian Morales,36,joint,0,0,387,0,0,0.0,572,0,0,0.015228
Run 2,Adrian Morales,36,solo,0,0,460,1,0,1.0,691,0,0,0.591837
Run 2,Adrian Morales,36,solo,0,0,497,1,0,1.0,691,1,0,1.0
Run 2,Adrian Morales,36,solo,0,0,329,0,0,0.063636,534,0,0,0.032787
Run 2,Adrian Morales,36,solo,0,0,453,0,0,0.07874,591,0,0,0.06701
Run 2,Adrian Morales,36,solo,0,0,455,0,0,0.196721,532,0,0,0.047872
Run 2,Adrian Morales,36,joint,0,0,408,0,0,0.0,552,0,0,0.027322
Run 2,Adrian Morales,36,solo,0,0,497,1,0,1.0,691,1,0,1.0
Run 2,Adrian Morales,36,solo,0,0,497,1,0,1.0,691,1,0,1.0
Run 2,Adrian Morales,36,solo,0,0,380,0,0,0.052174,529,0,0,0.037433
Run 2,Adrian Morales,36,solo,0,0,424,0,0,0.063636,550,0,0,0.085366
Run 2,Adrian Morales,36,solo,0,0,395,0,0,0.093458,788,0,0,0.057778
Run 2,Adrian Morales,36,joint,1,0,11,1,0,0.0,0,0,0,0.0
Run 2,Adrian Morales,36,solo,0,0,497,1,0,1.0,691,1,0,1.0
Run 2,Adrian Morales,37,joint,0,0,478,0,0,0.008197,594,0,0,0.005076
Run 2,Adrian Morales,37,solo,0,0,497,1,0,1.0,686,0,0,0.591837
Run 2,Adrian Morales,37,solo,0,0,612,0,0,0.707965,578,0,0,0.055866
Run 2,Adrian Morales,37,solo,0,0,352,0,0,0.077586,703,0,0,0.050926
Run 2,Adrian Morales,37,solo,0,0,310,0,0,0.122449,665,0,0,0.043668
Run 2,Adrian Morales,37,solo,0,0,364,0,0,0.172043,542,0,0,0.054455
Run 2,Adrian Morales,37,solo,0,0,497,1,0,1.0,686,1,0,1.0
Run 2,Adrian Morales,37,solo,0,0,401,0,0,0.060606,558,0,0,0.044444
Run 2,Adrian Morales,37,solo,0,0,378,0,0,0.086957,603,0,0,0.049751
Run 2,Adrian Morales,37,solo,0,0,302,0,0,0.139535,556,0,0,0.009852
Run 2,Adrian Morales,37,joint,1,0,11,1,0,0.0,0,0,0,0.0
Run 2,Adrian Morales,37,solo,0,0,497,1,0,1.0,686,1,0,1.0
Run 2,Adrian Morales,37,solo,0,0,497,1,0,1.0,578,1,0,1.0
Run 2,Adrian Morales,37,solo,0,0,356,0,0,0.03252,682,0,0,0.038462
Run 2,Adrian Morales,37,solo,0,0,336,0,0,0.045872,494,0,0,0.046729
Run 2,Adrian Morales,37,solo,0,0,416,0,0,0.046875,846,0,0,0.01476
Run 2,Adrian Morales,38,joint,0,0,529,0,0,0.007092,750,0,0,0.022026
Run 2,Adrian Morales,38,solo,0,0,496,0,1,0.909091,748,0,0,0.6125
Run 2,Adrian Morales,38,solo,0,0,495,1,0,1.0,590,0,0,0.760331
Run 2,Adrian Morales,38,solo,0,0,289,0,0,0.055046,596,0,0,0.057592
Run 2,Adrian Morales,38,solo,0,0,355,0,0,0.061856,547,0,0,0.02451
Run 2,Adrian Morales,38,solo,0,0,349,0,0,0.085714,633,0,0,0.047009
Run 2,Adrian Morales,38,solo,0,0,495,1,0,1.0,748,1,0,1.0
Run 2,Adrian Morales,38,solo,0,0,404,0,0,0.102564,546,0,0,0.064327
Run 2,Adrian Morales,38,solo,0,0,363,0,0,0.059829,503,0,0,0.051429
Run 2,Adrian Morales,38,solo,0,0,305,0,0,0.166667,548,0,0,0.055
Run 2,Adrian Morales,38,solo,0,0,495,1,0,1.0,748,1,0,1.0
Run 2,Adrian Morales,38,solo,0,0,423,0,0,0.065574,566,0,0,0.016216
Run 2,Adrian Morales,38,solo,0,0,380,0,0,0.169492,594,0,0,0.063584
Run 2,Adrian Morales,38,solo,0,0,393,0,0,0.032,709,0,0,0.014085
Run 2,Adrian Morales,38,solo,0,0,495,1,0,1.0,748,1,0,1.0
Run 2,Adrian Morales,38,solo,0,0,367,0,0,0.076271,593,0,0,0.075556
Run 2,Adrian Morales,38,solo,0,0,367,0,0,0.140187,621,0,0,0.061538
Run 2,Adrian Morales,38,solo,0,0,336,0,0,0.1875,555,0,0,0.042781
Run 2,Adrian Morales,39,solo,0,0,495,1,0,1.0,957,0,0,0.439394
Run 2,Adrian Morales,39,solo,0,0,446,0,0,0.099237,539,0,0,0.025907
Run 2,Adrian Morales,39,solo,0,0,366,0,0,0.089286,612,0,0,0.02439
Run 2,Adrian Morales,39,solo,0,0,457,0,0,0.192308,581,0,0,0.02381
Run 2,Adrian Morales,39,solo,0,0,495,1,0,1.0,957,1,0,1.0
Run 2,Adrian Morales,39,solo,0,0,329,0,0,0.101852,645,0,0,0.052632
Run 2,Adrian Morales,39,solo,0,0,359,0,0,0.132075,651,0,0,0.036866
Run 2,Adrian Morales,39,solo,0,0,460,0,0,0.054264,630,0,0,0.048309
Run 2,Adrian Morales,39,joint,1,0,11,1,0,0.0,0,0,0,0.0
Run 2,Adrian Morales,39,solo,0,0,497,1,0,1.0,957,1,0,1.0
Run 2,Adrian Morales,39,solo,0,0,495,1,0,1.0,957,1,0,1.0
Run 2,Adrian Morales,39,solo,0,0,373,0,0,0.049587,506,0,0,0.043269
Run 2,Adrian Morales,39,solo,0,0,368,0,0,0.101852,600,0,0,0.044554
Run 2,Adrian Morales,39,solo,0,0,411,0,0,0.121212,599,0,0,0.066667
Run 2,Adrian Morales,39,solo,1,0,305,0,0,0.125,11,1,0,0.0
Run 2,Adrian Morales,39,solo,0,0,338,0,0,0.019608,679,0,0,0.022222
Run 2,Adrian Morales,39,solo,0,0,397,0,0,0.055556,608,0,0,0.035874
Run 2,Adrian Morales,39,solo,0,0,334,0,0,0.079646,677,0,0,0.058824
Run 2,Adrian Morales,40,joint,1,0,11,1,0,0.0,0,0,0,0.0
Run 2,Adrian Morales,40,solo,0,0,494,0,1,0.815217,730,0,0,0.572368
Run 2,Adrian Morales,40,solo,0,0,492,0,1,0.886364,730,1,0,1.0
Run 2,Adrian Morales,40,solo,0,0,349,0,0,0.093458,592,0,0,0.063415
Run 2,Adrian Morales,40,solo,0,0,391,0,0,0.142857,539,0,0,0.049261
Run 2,Adrian Morales,40,solo,0,0,327,0,0,0.125,610,0,0,0.058824
Run 2,Adrian Morales,40,joint,1,0,11,1,0,0.0,0,0,0,0.0
Run 2,Adrian Morales,40,solo,0,0,494,1,0,1.0,730,1,0,1.0
Run 2,Adrian Morales,40,solo,0,0,492,1,0,1.0,730,1,0,1.0
Run 2,Adrian Morales,40,solo,0,0,350,0,0,0.04386,635,0,0,0.051282
Run 2,Adrian Morales,40,solo,0,0,339,0,0,0.089109,524,0,0,0.009852
Run 2,Adrian Morales,40,solo,0,0,359,0,0,0.040323,549,0,0,0.044693
Run 2,Adrian Morales,40,solo,0,0,492,1,0,1.0,730,1,0,1.0
Run 2,Adrian Morales,40,solo,0,0,316,0,0,0.042373,562,0,0,0.032609
Run 2,Adrian Morales,40,solo,0,0,380,0,0,0.02459,595,0,0,0.018957
Run 2,Adrian Morales,40,solo,0,0,435,0,0,0.02649,731,0,0,0.026087
Run 2,Adrian Morales,41,solo,0,0,492,1,0,1.0,705,0,0,0.585987
Run 2,Adrian Morales,41,solo,0,0,296,0,0,0.111111,564,0,0,0.04712
Run 2,Adrian Morales,41,solo,0,0,454,0,0,0.103704,625,0,0,0.019417
Run 2,Adrian Morales,41,solo,0,0,295,0,0,0.074766,617,0,0,0.024752
Run 2,Adrian Morales,41,joint,0,0,524,0,0,0.013699,985,0,0,0.008032
Run 2,Adrian Morales,41,solo,0,0,494,1,0,1.0,705,1,0,1.0
Run 2,Adrian Morales,41,solo,0,0,492,1,0,1.0,705,1,0,1.0
Run 2,Adrian Morales,41,solo,0,0,398,0,0,0.096491,606,0,0,0.018868
Run 2,Adrian Morales,41,solo,0,0,370,0,0,0.066667,601,0,0,0.015228
Run 2,Adrian Morales,41,solo,0,0,382,0,0,0.142857,555,0,0,0.057143
Run 2,Adrian Morales,41,joint,1,0,11,1,0,0.0,0,0,0,0.0
Run 2,Adrian Morales,41,solo,0,0,494,1,0,1.0,705,1,0,1.0
Run 2,Adrian Morales,41,solo,0,0,538,0,0,0.782178,705,1,0,1.0
Run 2,Adrian Morales,41,solo,0,0,434,0,0,0.092437,603,0,0,0.072165
Run 2,Adrian Morales,41,solo,0,0,490,0,0,0.125984,587,0,0,0.025253
Run 2,Adrian Morales,41,solo,0,0,288,0,0,0.125,511,0,0,0.037433
Run 2,Adrian Morales,42,solo,0,0,492,1,0,1.0,811,0,0,0.517857
Run 2,Adrian Morales,42,solo,0,0,328,0,0,0.057143,605,0,0,0.020408
Run 2,Adrian Morales,42,solo,0,0,331,0,0,0.056075,613,0,0,0.034826
Run 2,Adrian Morales,42,solo,0,0,407,0,0,0.115385,639,0,0,0.04902
Run 2,Adrian Morales,42,joint,0,0,515,0,0,0.007353,588,0,0,0.0
Run 2,Adrian Morales,42,solo,0,0,494,1,0,1.0,811,1,0,1.0
Run 2,Adrian Morales,42,joint,1,0,11,1,0,0.0,0,0,0,0.0
Run 2,Adrian Morales,42,solo,0,0,494,1,0,1.0,811,1,0,1.0
Run 2,Adrian Morales,42,solo,0,0,494,1,0,1.0,811,1,0,1.0
Run 2,Adrian Morales,42,solo,0,0,396,0,0,0.142857,661,0,0,0.030612
Run 2,Adrian Morales,42,solo,0,0,376,0,0,0.176471,716,0,0,0.041284
Run 2,Adrian Morales,42,solo,0,0,287,0,0,0.06,630,0,0,0.017391
Run 2,Adrian Morales,42,solo,0,0,492,1,0,1.0,811,1,0,1.0
Run 2,Adrian Morales,42,solo,0,0,368,0,0,0.125,557,0,0,0.036458
Run 2,Adrian Morales,42,solo,0,0,361,0,0,0.156863,564,0,0,0.039801
Run 2,Adrian Morales,42,solo,0,0,313,0,0,0.017857,573,0,0,0.038835
Run 2,Adrian Morales,43,joint,0,0,417,0,0,0.0,521,0,0,0.037037
Run 2,Adrian Morales,43,solo,0,0,494,1,0,1.0,715,0,0,0.546012
Run 2,Adrian Morales,43,solo,0,0,492,1,0,1.0,715,1,0,1.0
Run 2,Adrian Morales,43,solo,0,0,335,0,0,0.083333,538,0,0,0.052083
Run 2,Adrian Morales,43,solo,0,0,441,0,0,0.064516,558,0,0,0.096257
Run 2,Adrian Morales,43,solo,0,0,378,0,0,0.056911,562,0,0,0.040201
Run 2,Adrian Morales,43,solo,0,0,492,1,0,1.0,715,1,0,1.0
Run 2,Adrian Morales,43,solo,0,0,297,0,0,0.048544,592,0,0,0.033654
Run 2,Adrian Morales,43,solo,0,0,323,0,0,0.046296,553,0,0,0.017094
Run 2,Adrian Morales,43,solo,0,0,259,0,0,0.0,602,0,0,0.012987
Run 2,Adrian Morales,43,solo,0,0,492,1,0,1.0,715,1,0,1.0
Run 2,Adrian Morales,43,solo,0,0,281,0,0,0.142857,634,0,0,0.03271
Run 2,Adrian Morales,43,solo,0,0,377,0,0,0.033333,557,0,0,0.086022
Run 2,Adrian Morales,43,solo,0,0,297,0,0,0.065217,523,0,0,0.039106
Run 2,Adrian Morales,43,solo,0,0,492,1,0,1.0,715,1,0,1.0
Run 2,Adrian Morales,43,solo,0,0,311,0,0,0.052174,533,0,0,0.02451
Run 2,Adrian Morales,43,solo,0,0,259,0,0,0.066667,556,0,0,0.026455
Run 2,Adrian Morales,43,solo,0,0,333,0,0,0.017094,511,0,0,0.014634
Run 2,Adrian Morales,44,joint,1,0,11,1,0,0.0,0,0,0,0.0
Run 2,Adrian Morales,44,solo,0,0,475,0,1,0.895349,729,0,0,0.573171
Run 2,Adrian Morales,44,solo,0,0,492,1,0,1.0,729,1,0,1.0
Run 2,Adrian Morales,44,solo,0,0,432,0,0,0.047244,552,0,0,0.027174
Run 2,Adrian Morales,44,solo,0,0,337,0,0,0.041667,489,0,0,0.120253
Run 2,Adrian Morales,44,solo,0,0,304,0,0,0.008929,497,0,0,0.02139
Run 2,Adrian Morales,44,solo,0,0,496,1,0,1.0,729,1,0,1.0
Run 2,Adrian Morales,44,solo,0,0,477,0,0,0.062992,589,0,0,0.081522
Run 2,Adrian Morales,44,solo,0,0,472,0,0,0.075758,559,0,0,0.045045
Run 2,Adrian Morales,44,solo,0,0,379,0,0,0.322581,613,0,0,0.06383
Run 2,Adrian Morales,44,solo,0,0,494,1,0,1.0,729,1,0,1.0
Run 2,Adrian Morales,44,solo,0,0,288,0,0,0.105263,668,0,0,0.058824
Run 2,Adrian Morales,44,solo,0,0,395,0,0,0.130769,563,0,0,0.05914
Run 2,Adrian Morales,44,solo,0,0,386,0,0,0.087302,463,0,0,0.03125
Run 2,Adrian Morales,44,joint,1,0,11,1,0,0.0,0,0,0,0.0
Run 2,Adrian Morales,44,solo,1,0,494,1,0,1.0,11,1,0,0.0
Run 2,Adrian Morales,45,joint,0,0,340,0,0,0.0,594,0,0,0.017937
Run 2,Adrian Morales,45,solo,0,0,494,1,0,1.0,747,0,0,0.597561
Run 2,Adrian Morales,45,solo,0,0,494,1,0,1.0,747,1,0,1.0
Run 2,Adrian Morales,45,solo,0,0,317,0,0,0.101852,621,0,0,0.040404
Run 2,Adrian Morales,45,solo,0,0,395,0,0,0.131313,617,0,0,0.025641
Run 2,Adrian Morales,45,solo,0,0,363,0,0,0.079365,470,0,0,0.034091
Run 2,Adrian Morales,45,solo,0,0,494,1,0,1.0,747,1,0,1.0
Run 2,Adrian Morales,45,solo,0,0,325,0,0,0.100917,628,0,0,0.028037
Run 2,Adrian Morales,45,solo,0,0,479,0,0,0.086614,584,0,0,0.040741
Run 2,Adrian Morales,45,solo,0,0,220,0,0,0.111111,467,0,0,0.039773
Run 2,Adrian Morales,45,solo,0,0,494,1,0,1.0,747,1,0,1.0
Run 2,Adrian Morales,45,solo,0,0,372,0,0,0.081081,550,0,0,0.050761
Run 2,Adrian Morales,45,solo,0,0,382,0,0,0.140187,702,0,0,0.03913
Run 2,Adrian Morales,45,solo,0,0,368,0,0,0.12,647,0,0,0.027778
Run 2,Adrian Morales,45,solo,0,0,492,1,0,1.0,747,1,0,1.0
Run 2,Adrian Morales,45,solo,0,0,301,0,0,0.142857,664,0,0,0.047847
Run 2,Adrian Morales,45,solo,0,0,249,0,0,0.041667,571,0,0,0.025773
Run 2,Adrian Morales,45,solo,0,0,316,0,0,0.115789,637,0,0,0.047619
Run 2,Adrian Morales,46,joint,0,0,410,0,0,0.014815,687,0,0,0.009662
Run 2,Adrian Morales,46,solo,0,0,494,1,0,1.0,677,0,0,0.625
Run 2,Adrian Morales,46,solo,0,0,494,1,0,1.0,677,1,0,1.0
Run 2,Adrian Morales,46,solo,0,0,433,0,0,0.153846,580,0,0,0.035533
Run 2,Adrian Morales,46,solo,0,0,368,0,0,0.072581,605,0,0,0.070707
Run 2,Adrian Morales,46,solo,0,0,318,0,0,0.178947,524,0,0,0.044444
Run 2,Adrian Morales,46,joint,1,0,11,1,0,0.0,0,0,0,0.0
Run 2,Adrian Morales,46,solo,0,0,457,0,1,0.951807,677,1,0,1.0
Run 2,Adrian Morales,46,solo,0,0,494,1,0,1.0,677,1,0,1.0
Run 2,Adrian Morales,46,solo,0,0,304,0,0,0.088235,514,0,0,0.028249
Run 2,Adrian Morales,46,solo,0,0,304,0,0,0.075472,533,0,0,0.04712
Run 2,Adrian Morales,46,solo,0,0,398,0,0,0.114286,586,0,0,0.053398
Run 2,Adrian Morales,46,solo,0,0,492,1,0,1.0,677,1,0,1.0
Run 2,Adrian Morales,46,solo,0,0,303,0,0,0.152174,540,0,0,0.031674
Run 2,Adrian Morales,46,solo,0,0,446,0,0,0.101695,632,0,0,0.058252
Run 2,Adrian Morales,46,solo,0,0,333,0,0,0.103774,532,0,0,0.026178
Run 2,Adrian Morales,47,joint,0,0,417,0,0,0.017391,591,0,0,0.021053
Run 2,Adrian Morales,47,solo,0,0,457,1,0,1.0,753,0,0,0.561728
Run 2,Adrian Morales,47,solo,0,0,492,1,0,1.0,753,1,0,1.0
Run 2,Adrian Morales,47,solo,0,0,442,0,0,0.084746,693,0,0,0.045455
Run 2,Adrian Morales,47,solo,0,0,586,0,0,0.041667,730,0,0,0.038793
Run 2,Adrian Morales,47,solo,0,0,380,0,0,0.056075,751,0,0,0.034783
Run 2,Adrian Morales,47,joint,1,0,11,1,0,0.0,0,0,0,0.0
Run 2,Adrian Morales,47,solo,0,0,494,1,0,1.0,753,1,0,1.0
Run 2,Adrian Morales,47,solo,0,0,492,1,0,1.0,753,1,0,1.0
Run 2,Adrian Morales,47,solo,0,0,337,0,0,0.125,575,0,0,0.076087
Run 2,Adrian Morales,47,solo,0,0,441,0,0,0.092857,521,0,0,0.107143
Run 2,Adrian Morales,47,solo,0,0,320,0,0,0.016949,552,0,0,0.029851
Run 2,Adrian Morales,47,solo,0,0,492,1,0,1.0,753,1,0,1.0
Run 2,Adrian Morales,47,solo,0,0,385,0,0,0.1,632,0,0,0.048387
Run 2,Adrian Morales,47,solo,0,0,353,0,0,0.113208,586,0,0,0.045685
Run 2,Adrian Morales,47,solo,0,0,325,0,0,0.082569,607,0,0,0.066986
Run 2,Adrian Morales,48,solo,0,0,492,1,0,1.0,648,0,0,0.591837
Run 2,Adrian Morales,48,solo,0,0,429,0,0,0.181818,512,0,0,0.066298
Run 2,Adrian Morales,48,solo,0,0,373,0,0,0.025862,517,0,0,0.016393
Run 2,Adrian Morales,48,solo,0,0,472,0,0,0.013889,561,0,0,0.027624
Run 2,Adrian Morales,48,joint,1,0,11,1,0,0.0,0,0,0,0.0
Run 2,Adrian Morales,48,solo,0,0,494,1,0,1.0,648,1,0,1.0
Run 2,Adrian Morales,48,joint,0,0,324,0,0,0.009709,593,0,0,0.007722
Run 2,Adrian Morales,48,solo,0,0,494,1,0,1.0,648,1,0,1.0
Run 2,Adrian Morales,48,solo,0,0,492,1,0,1.0,648,1,0,1.0
Run 2,Adrian Morales,48,solo,0,0,314,0,0,0.122449,596,0,0,0.036458
Run 2,Adrian Morales,48,solo,0,0,319,0,0,0.148936,527,0,0,0.037433
Run 2,Adrian Morales,48,solo,0,0,242,0,0,0.172043,728,0,0,0.086538
Run 2,Adrian Morales,48,solo,0,0,492,1,0,1.0,648,1,0,1.0
Run 2,Adrian Morales,48,solo,0,0,372,0,0,0.081301,509,0,0,0.064171
Run 2,Adrian Morales,48,solo,0,0,396,0,0,0.058333,582,0,0,0.057592
Run 2,Adrian Morales,48,solo,0,0,435,0,0,0.095652,630,0,0,0.026667
Run 2,Adrian Morales,49,solo,0,0,492,1,0,1.0,601,0,0,0.649254
Run 2,Adrian Morales,49,solo,0,0,293,0,0,0.066667,588,0,0,0.025862
Run 2,Adrian Morales,49,solo,0,0,417,0,0,0.066116,578,0,0,0.042105
Run 2,Adrian Morales,49,solo,0,0,459,0,0,0.022901,668,0,0,0.027778
Run 2,Adrian Morales,49,joint,0,0,402,0,0,0.0,468,0,0,0.015306
Run 2,Adrian Morales,49,solo,0,0,457,1,0,1.0,601,1,0,1.0
Run 2,Adrian Morales,49,joint,1,0,11,1,0,0.0,0,0,0,0.0
Run 2,Adrian Morales,49,solo,0,0,494,1,0,1.0,638,0,1,0.963636
Run 2,Adrian Morales,49,solo,0,0,492,1,0,1.0,638,1,0,1.0
Run 2,Adrian Morales,49,solo,0,0,406,0,0,0.092593,612,0,0,0.020101
Run 2,Adrian Morales,49,solo,0,0,340,0,0,0.12381,739,0,0,0.078818
Run 2,Adrian Morales,49,solo,0,0,311,0,0,0.067308,586,0,0,0.02451
Run 2,Adrian Morales,49,solo,0,0,492,1,0,1.0,638,1,0,1.0
Run 2,Adrian Morales,49,solo,0,0,364,0,0,0.121495,584,0,0,0.036649
Run 2,Adrian Morales,49,solo,0,0,387,0,0,0.096491,566,0,0,0.062827
Run 2,Adrian Morales,49,solo,0,0,274,0,0,0.125,559,0,0,0.060606
Run 2,Adrian Morales,50,solo,0,0,492,1,0,1.0,610,0,0,0.696
Run 2,Adrian Morales,50,solo,0,0,363,0,0,0.213592,601,0,0,0.059361
Run 2,Adrian Morales,50,solo,0,0,498,0,0,0.091603,522,0,0,0.037634
Run 2,Adrian Morales,50,solo,0,0,339,0,0,0.11,605,0,0,0.025126
Run 2,Adrian Morales,50,joint,1,0,11,1,0,0.0,0,0,0,0.0
Run 2,Adrian Morales,50,solo,0,0,494,1,0,1.0,784,0,0,0.746479
Run 2,Adrian Morales,50,solo,0,0,492,1,0,1.0,784,1,0,1.0
Run 2,Adrian Morales,50,solo,0,0,243,0,0,0.08,510,0,0,0.058201
Run 2,Adrian Morales,50,solo,0,0,228,0,0,0.184211,619,0,0,0.066964
Run 2,Adrian Morales,50,solo,0,0,317,0,0,0.008772,567,0,0,0.027174
Run 2,Adrian Morales,50,joint,1,0,11,1,0,0.0,0,0,0,0.0
Run 2,Adrian Morales,50,solo,0,0,417,0,0,0.047244,526,0,0,0.020725
Run 2,Adrian Morales,50,solo,0,0,492,1,0,1.0,784,1,0,1.0
Run 2,Adrian Morales,50,solo,0,0,359,0,0,0.081081,663,0,0,0.037736
Run 2,Adrian Morales,50,solo,0,0,345,0,0,0.133333,557,0,0,0.052632
Run 2,Adrian Morales,50,solo,0,0,336,0,0,0.094017,510,0,0,0.038278
Run 2,Adrian Morales,51,solo,0,0,492,1,0,1.0,695,0,0,0.653846
Run 2,Adrian Morales,51,solo,0,0,327,0,0,0.0625,459,0,0,0.026738
Run 2,Adrian Morales,51,solo,0,0,356,0,0,0.021978,594,0,0,0.015306
Run 2,Adrian Morales,51,solo,0,0,446,0,0,0.057143,604,0,0,0.030303
Run 2,Adrian Morales,51,joint,1,0,11,1,0,0.0,0,0,0,0.0
Run 2,Adrian Morales,51,solo,0,0,356,0,0,0.753623,492,0,1,0.854369
Run 2,Adrian Morales,51,solo,0,0,455,0,1,0.951807,695,1,0,1.0
Run 2,Adrian Morales,51,solo,0,0,377,0,0,0.100917,673,0,0,0.038095
Run 2,Adrian Morales,51,solo,0,0,325,0,0,0.042373,620,0,0,0.025907
Run 2,Adrian Morales,51,solo,0,0,244,0,0,0.059406,536,0,0,0.01676
Run 2,Adrian Morales,51,joint,1,0,11,1,0,0.0,0,0,0,0.0
Run 2,Adrian Morales,51,solo,0,0,457,1,0,1.0,695,1,0,1.0
Run 2,Adrian Morales,51,solo,0,0,492,1,0,1.0,695,1,0,1.0
Run 2,Adrian Morales,51,solo,0,0,469,0,0,0.141667,673,0,0,0.012876
Run 2,Adrian Morales,51,solo,0,0,381,0,0,0.025641,592,0,0,0.015075
Run 2,Adrian Morales,51,solo,0,0,339,0,0,0.031746,575,0,0,0.03271
Run 2,Adrian Morales,52,joint,0,0,478,0,0,0.016807,643,0,0,0.029268
Run 2,Adrian Morales,52,solo,0,0,494,1,0,1.0,695,0,0,0.639456
Run 2,Adrian Morales,52,solo,0,0,455,1,0,1.0,695,1,0,1.0
Run 2,Adrian Morales,52,solo,0,0,366,0,0,0.093458,701,0,0,0.02193
Run 2,Adrian Morales,52,solo,0,0,393,0,0,0.05042,694,0,0,0.039024
Run 2,Adrian Morales,52,solo,0,0,378,0,0,0.081967,614,0,0,0.029412
Run 2,Adrian Morales,52,joint,0,0,375,0,0,0.019417,657,0,0,0.058537
Run 2,Adrian Morales,52,solo,0,0,494,1,0,1.0,695,1,0,1.0
Run 2,Adrian Morales,52,solo,0,0,492,1,0,1.0,695,1,0,1.0
Run 2,Adrian Morales,52,solo,0,0,318,0,0,0.139785,740,0,0,0.027523
Run 2,Adrian Morales,52,solo,0,0,419,0,0,0.113208,667,0,0,0.062802
Run 2,Adrian Morales,52,solo,0,0,331,0,0,0.114286,541,0,0,0.036269
Run 2,Adrian Morales,52,solo,0,0,492,1,0,1.0,695,1,0,1.0
Run 2,Adrian Morales,52,solo,0,0,329,0,0,0.163462,509,0,0,0.044444
Run 2,Adrian Morales,52,solo,0,0,475,0,0,0.093023,553,0,0,0.026549
Run 2,Adrian Morales,52,solo,0,0,407,0,0,0.165289,587,0,0,0.024631
Run 2,Adrian Vale,1,solo,0,0,433,0,0,0.0,654,0,0,0.0
Run 2,Adrian Vale,1,solo,0,0,449,0,0,0.0,584,0,0,0.004695
Run 2,Adrian Vale,1,solo,0,0,380,0,0,0.0,591,0,0,0.009524
Run 2,Adrian Vale,1,solo,0,0,420,0,0,0.0,675,0,0,0.004762
Run 2,Adrian Vale,1,joint,0,0,479,0,0,0.0,608,0,0,0.0
Run 2,Adrian Vale,1,solo,0,0,380,0,0,0.0,599,0,0,0.0
Run 2,Adrian Vale,1,solo,0,0,381,0,1,0.90625,654,1,0,1.0
Run 2,Adrian Vale,1,solo,0,0,348,0,0,0.027273,507,0,0,0.0
Run 2,Adrian Vale,1,solo,0,0,425,0,0,0.008547,661,0,0,0.0
Run 2,Adrian Vale,1,solo,0,0,471,0,0,0.028169,588,0,0,0.015385
Run 2,Adrian Vale,1,joint,0,0,427,0,0,0.0,655,0,0,0.004926
Run 2,Adrian Vale,1,solo,0,0,442,0,0,0.247619,648,0,1,0.973913
Run 2,Adrian Vale,1,solo,0,0,433,1,0,1.0,654,1,0,1.0
Run 2,Adrian Vale,1,solo,0,0,425,0,0,0.033333,731,0,0,0.059113
Run 2,Adrian Vale,1,solo,0,0,476,0,0,0.022556,600,0,0,0.013889
Run 2,Adrian Vale,1,solo,0,0,396,0,0,0.016667,630,0,0,0.015385
Run 2,Adrian Vale,2,joint,1,0,11,0,0,0.0,0,0,0,0.0
Run 2,Adrian Vale,2,solo,0,0,712,0,0,0.103659,746,0,0,0.35
Run 2,Adrian Vale,2,solo,0,0,478,0,0,0.467626,746,1,0,1.0
Run 2,Adrian Vale,2,solo,0,0,434,0,0,0.053435,527,0,0,0.015544
Run 2,Adrian Vale,2,solo,0,0,448,0,0,0.030769,720,0,0,0.004464
Run 2,Adrian Vale,2,solo,0,0,369,0,0,0.007246,734,0,0,0.016393
Run 2,Adrian Vale,2,joint,0,0,386,0,0,0.0,669,0,0,0.0
Run 2,Adrian Vale,2,solo,0,0,461,0,0,0.266667,661,0,0,0.259259
Run 2,Adrian Vale,2,joint,1,0,11,1,0,0.0,0,0,0,0.0
Run 2,Adrian Vale,2,solo,0,0,534,0,0,0.139706,746,1,0,1.0
Run 2,Adrian Vale,2,solo,0,0,478,1,0,1.0,746,1,0,1.0
Run 2,Adrian Vale,2,solo,0,0,512,0,0,0.021127,569,0,0,0.023474
Run 2,Adrian Vale,2,solo,0,0,418,0,0,0.04918,703,0,0,0.017778
Run 2,Adrian Vale,2,solo,0,0,323,0,0,0.008547,665,0,0,0.013216
Run 2,Adrian Vale,3,joint,0,0,388,0,0,0.018519,556,0,0,0.036458
Run 2,Adrian Vale,3,solo,0,0,533,0,0,0.568807,656,0,0,0.550633
Run 2,Adrian Vale,3,solo,0,0,517,0,0,0.255639,656,1,0,1.0
Run 2,Adrian Vale,3,solo,0,0,364,0,0,0.059322,614,0,0,0.027397
Run 2,Adrian Vale,3,solo,0,0,369,0,0,0.036697,671,0,0,0.084112
Run 2,Adrian Vale,3,solo,0,0,399,0,0,0.05,819,0,0,0.018248
Run 2,Adrian Vale,3,joint,1,0,11,1,0,0.0,0,0,0,0.0
Run 2,Adrian Vale,3,solo,0,0,466,0,0,0.304762,748,0,0,0.557823
Run 2,Adrian Vale,3,solo,0,0,533,1,0,1.0,656,1,0,1.0
Run 2,Adrian Vale,3,solo,0,0,373,0,0,0.016949,951,0,0,0.027559
Run 2,Adrian Vale,3,solo,0,0,410,0,0,0.02381,651,0,0,0.050228
Run 2,Adrian Vale,3,solo,0,0,394,0,0,0.041322,664,0,0,0.008584
Run 2,Adrian Vale,3,solo,0,0,478,0,0,0.71134,656,1,0,1.0
Run 2,Adrian Vale,3,solo,0,0,288,0,0,0.048077,695,0,0,0.031963
Run 2,Adrian Vale,3,solo,0,0,251,0,0,0.0,711,0,0,0.030973
Run 2,Adrian Vale,3,solo,0,0,504,0,0,0.012195,692,0,0,0.03139
Run 2,Adrian Vale,4,joint,1,0,11,1,0,0.0,0,0,0,0.0
Run 2,Adrian Vale,4,solo,0,0,485,0,0,0.070064,633,0,0,0.0131
Run 2,Adrian Vale,4,solo,0,0,474,0,0,0.460177,783,0,0,0.428571
Run 2,Adrian Vale,4,solo,0,0,252,0,0,0.05,543,0,0,0.047393
Run 2,Adrian Vale,4,solo,0,0,491,0,0,0.023669,687,0,0,0.027397
Run 2,Adrian Vale,4,solo,0,0,320,0,0,0.007692,670,0,0,0.016807
Run 2,Adrian Vale,4,joint,1,0,11,1,0,0.0,0,0,0,0.0
Run 2,Adrian Vale,4,solo,0,0,406,0,0,0.120968,833,0,0,0.227979
Run 2,Adrian Vale,4,solo,0,0,425,0,0,0.417582,610,0,0,0.572519
Run 2,Adrian Vale,4,solo,0,0,427,0,0,0.03937,603,0,0,0.024752
Run 2,Adrian Vale,4,solo,0,0,384,0,0,0.125,666,0,0,0.051402
Run 2,Adrian Vale,4,solo,0,0,386,0,0,0.032,781,0,0,0.061728
Run 2,Adrian Vale,4,solo,0,0,474,0,0,0.663265,633,1,0,1.0
Run 2,Adrian Vale,4,solo,0,0,451,0,0,0.049296,747,0,0,0.067568
Run 2,Adrian Vale,4,solo,0,0,439,0,0,0.042857,703,0,0,0.02449
Run 2,Adrian Vale,4,solo,0,0,315,0,0,0.044118,730,0,0,0.022321
Run 2,Adrian Vale,5,solo,0,0,526,0,0,0.54955,571,0,0,0.147727
Run 2,Adrian Vale,5,solo,0,0,444,0,0,0.067164,583,0,0,0.023256
Run 2,Adrian Vale,5,solo,0,0,353,0,0,0.149533,552,0,0,0.013453
Run 2,Adrian Vale,5,solo,0,0,401,0,0,0.079646,757,0,0,0.033058
Run 2,Adrian Vale,5,solo,0,0,476,0,1,0.951807,645,0,1,0.927419
Run 2,Adrian Vale,5,solo,0,0,346,0,0,0.035714,691,0,0,0.027149
Run 2,Adrian Vale,5,solo,0,0,444,0,0,0.050847,472,0,0,0.015228
Run 2,Adrian Vale,5,solo,0,0,314,0,0,0.0625,585,0,0,0.003774
Run 2,Adrian Vale,5,joint,1,0,11,1,0,0.0,0,0,0,0.0
Run 2,Adrian Vale,5,solo,0,0,467,0,1,0.860465,645,1,0,1.0
Run 2,Adrian Vale,5,solo,0,0,474,1,0,1.0,645,1,0,1.0
Run 2,Adrian Vale,5,solo,0,0,337,0,0,0.10989,554,0,0,0.048649
Run 2,Adrian Vale,5,solo,0,0,415,0,0,0.040323,592,0,0,0.013514
Run 2,Adrian Vale,5,solo,0,0,462,0,0,0.066667,770,0,0,0.05042
Run 2,Adrian Vale,5,joint,1,0,11,1,0,0.0,0,0,0,0.0
Run 2,Adrian Vale,5,solo,1,0,335,0,0,0.092437,11,0,0,0.0
Run 2,Adrian Vale,6,solo,0,0,476,1,0,1.0,670,0,1,0.807407
Run 2,Adrian Vale,6,solo,0,0,453,0,0,0.044444,727,0,0,0.02521
Run 2,Adrian Vale,6,solo,0,0,503,0,0,0.03012,627,0,0,0.030973
Run 2,Adrian Vale,6,solo,0,0,337,0,0,0.037037,556,0,0,0.026087
Run 2,Adrian Vale,6,solo,0,0,476,1,0,1.0,670,1,0,1.0
Run 2,Adrian Vale,6,solo,0,0,258,0,0,0.010204,618,0,0,0.03139
Run 2,Adrian Vale,6,solo,0,0,516,0,0,0.056452,563,0,0,0.042553
Run 2,Adrian Vale,6,solo,0,0,391,0,0,0.036036,585,0,0,0.015152
Run 2,Adrian Vale,6,joint,1,0,11,1,0,0.0,0,0,0,0.0
Run 2,Adrian Vale,6,solo,0,0,436,0,0,0.12381,660,0,0,0.210784
Run 2,Adrian Vale,6,solo,0,0,476,1,0,1.0,670,1,0,1.0
Run 2,Adrian Vale,6,solo,0,0,470,0,0,0.046667,851,0,0,0.078189
Run 2,Adrian Vale,6,solo,0,0,474,0,0,0.029851,622,0,0,0.02381
Run 2,Adrian Vale,6,solo,0,0,399,0,0,0.072581,822,0,0,0.055336
Run 2,Adrian Vale,6,solo,0,0,430,0,0,0.40625,811,0,1,0.843537
Run 2,Adrian Vale,6,solo,0,0,372,0,0,0.055118,536,0,0,0.03125
Run 2,Adrian Vale,6,solo,0,0,464,0,0,0.030769,584,0,0,0.067416
Run 2,Adrian Vale,6,solo,0,0,339,0,0,0.028302,542,0,0,0.009901
Run 2,Adrian Vale,7,solo,0,0,361,0,0,0.525,654,0,0,0.687943
Run 2,Adrian Vale,7,solo,0,0,354,0,0,0.080645,651,0,0,0.018519
Run 2,Adrian Vale,7,solo,0,0,419,0,0,0.054054,642,0,0,0.035897
Run 2,Adrian Vale,7,solo,0,0,433,0,0,0.068702,620,0,0,0.020942
Run 2,Adrian Vale,7,solo,0,0,361,1,0,1.0,551,0,0,0.046632
Run 2,Adrian Vale,7,solo,0,0,252,0,0,0.068182,558,0,0,0.045918
Run 2,Adrian Vale,7,solo,0,0,393,0,0,0.024793,669,0,0,0.019417
Run 2,Adrian Vale,7,solo,0,0,381,0,0,0.057692,842,0,0,0.045977
Run 2,Adrian Vale,7,joint,1,0,11,1,0,0.0,0,0,0,0.0
Run 2,Adrian Vale,7,solo,0,0,676,0,0,0.491803,898,0,0,0.07874
Run 2,Adrian Vale,7,solo,0,0,522,0,0,0.362745,749,0,0,0.357542
Run 2,Adrian Vale,7,solo,0,0,479,0,0,0.062016,552,0,0,0.039801
Run 2,Adrian Vale,7,solo,0,0,389,0,0,0.041667,569,0,0,0.089202
Run 2,Adrian Vale,7,solo,0,0,251,0,0,0.040816,664,0,0,0.040541
Run 2,Adrian Vale,7,solo,0,0,522,1,0,1.0,898,1,0,1.0
Run 2,Adrian Vale,7,solo,0,0,455,0,0,0.069231,642,0,0,0.060302
Run 2,Adrian Vale,7,solo,0,0,497,0,0,0.103175,976,0,0,0.033582
Run 2,Adrian Vale,7,solo,0,0,432,0,0,0.060606,506,0,0,0.055
Run 2,Adrian Vale,8,solo,0,0,431,0,0,0.351648,707,0,0,0.714286
Run 2,Adrian Vale,8,solo,0,0,476,0,0,0.031008,507,0,0,0.028986
Run 2,Adrian Vale,8,solo,0,0,404,0,0,0.072727,681,0,0,0.063927
Run 2,Adrian Vale,8,solo,0,0,392,0,0,0.07563,658,0,0,0.021186
Run 2,Adrian Vale,8,solo,0,0,474,0,0,0.572917,707,1,0,1.0
Run 2,Adrian Vale,8,solo,0,0,375,0,0,0.176471,683,0,0,0.019324
Run 2,Adrian Vale,8,solo,0,0,416,0,0,0.060606,739,0,0,0.022124
Run 2,Adrian Vale,8,solo,0,0,352,0,0,0.051724,655,0,0,0.03125
Run 2,Adrian Vale,8,joint,1,0,11,1,0,0.0,0,0,0,0.0
Run 2,Adrian Vale,8,solo,0,0,397,0,0,0.322222,729,0,0,0.768707
Run 2,Adrian Vale,8,solo,0,0,449,0,0,0.347826,707,1,0,1.0
Run 2,Adrian Vale,8,solo,0,0,295,0,0,0.113924,552,0,0,0.056911
Run 2,Adrian Vale,8,solo,0,0,461,0,0,0.076271,509,0,0,0.061538
Run 2,Adrian Vale,8,solo,0,0,385,0,0,0.047619,704,0,0,0.052885
Run 2,Adrian Vale,8,solo,1,0,449,1,0,1.0,11,1,0,0.0
Run 2,Adrian Vale,8,solo,0,0,318,0,0,0.281553,565,0,0,0.018868
Run 2,Adrian Vale,8,solo,0,0,405,0,0,0.033333,693,0,0,0.019048
Run 2,Adrian Vale,8,solo,0,0,423,0,0,0.062016,568,0,0,0.045685
Run 2,Adrian Vale,9,solo,0,0,350,0,0,0.788732,699,0,0,0.617834
Run 2,Adrian Vale,9,solo,0,0,480,0,0,0.061947,582,0,0,0.02
Run 2,Adrian Vale,9,solo,0,0,362,0,0,0.066667,554,0,0,0.034483
Run 2,Adrian Vale,9,solo,0,0,383,0,0,0.068966,718,0,0,0.05597
Run 2,Adrian Vale,9,joint,1,0,11,1,0,0.0,0,0,0,0.0
Run 2,Adrian Vale,9,solo,0,0,464,0,0,0.791667,746,0,0,0.776316
Run 2,Adrian Vale,9,solo,0,0,592,0,0,0.688073,746,1,0,1.0
Run 2,Adrian Vale,9,solo,0,0,349,0,0,0.032258,764,0,0,0.069264
Run 2,Adrian Vale,9,solo,0,0,341,0,0,0.038095,742,0,0,0.043478
Run 2,Adrian Vale,9,solo,0,0,618,0,0,0.036842,603,0,0,0.030612
Run 2,Adrian Vale,9,solo,0,0,438,0,1,0.878378,699,1,0,1.0
Run 2,Adrian Vale,9,solo,0,0,374,0,0,0.094828,682,0,0,0.031674
Run 2,Adrian Vale,9,solo,0,0,417,0,0,0.078125,700,0,0,0.075117
Run 2,Adrian Vale,9,solo,0,0,407,0,0,0.070312,493,0,0,0.043062
Run 2,Adrian Vale,9,solo,1,0,468,0,0,0.418367,11,1,0,0.0
Run 2,Adrian Vale,9,solo,0,0,317,0,0,0.081301,669,0,0,0.043478
Run 2,Adrian Vale,9,solo,0,0,369,0,0,0.060606,642,0,0,0.056122
Run 2,Adrian Vale,9,solo,0,0,387,0,0,0.046296,778,0,0,0.035714
Run 2,Adrian Vale,10,joint,1,0,11,1,0,0.0,0,0,0,0.0
Run 2,Adrian Vale,10,solo,0,0,351,0,0,0.112069,715,0,0,0.583333
Run 2,Adrian Vale,10,solo,0,0,357,0,0,0.661972,618,0,1,0.816794
Run 2,Adrian Vale,10,solo,0,0,368,0,0,0.04,645,0,0,0.02521
Run 2,Adrian Vale,10,solo,0,0,405,0,0,0.050725,502,0,0,0.101695
Run 2,Adrian Vale,10,solo,0,0,380,0,0,0.052632,543,0,0,0.041475
Run 2,Adrian Vale,10,solo,0,0,468,1,0,1.0,726,0,1,0.827068
Run 2,Adrian Vale,10,solo,0,0,557,0,0,0.031847,644,0,0,0.027397
Run 2,Adrian Vale,10,solo,0,0,330,0,0,0.048544,688,0,0,0.020408
Run 2,Adrian Vale,10,solo,0,0,319,0,0,0.053571,577,0,0,0.032258
Run 2,Adrian Vale,10,solo,0,0,468,1,0,1.0,726,1,0,1.0
Run 2,Adrian Vale,10,solo,0,0,463,0,0,0.048951,575,0,0,0.032864
Run 2,Adrian Vale,10,solo,0,0,475,0,0,0.045455,782,0,0,0.071429
Run 2,Adrian Vale,10,solo,0,0,454,0,0,0.065041,547,0,0,0.03271
Run 2,Adrian Vale,10,solo,1,0,457,0,0,0.309091,11,1,0,0.0
Run 2,Adrian Vale,10,solo,0,0,527,0,0,0.261682,660,0,0,0.042857
Run 2,Adrian Vale,10,solo,0,0,403,0,0,0.127273,743,0,0,0.017391
Run 2,Adrian Vale,10,solo,0,0,391,0,0,0.043478,575,0,0,0.081522
Run 2,Adrian Vale,11,solo,0,0,341,0,0,0.040984,609,0,0,0.028708
Run 2,Adrian Vale,11,solo,0,0,389,0,0,0.059829,660,0,0,0.022321
Run 2,Adrian Vale,11,solo,0,0,455,0,0,0.063636,688,0,0,0.028037
Run 2,Adrian Vale,11,solo,0,0,413,0,0,0.044643,641,0,0,0.044248
Run 2,Adrian Vale,11,joint,1,0,11,1,0,0.0,0,0,0,0.0
Run 2,Adrian Vale,11,solo,0,0,449,0,0,0.094488,786,0,0,0.536585
Run 2,Adrian Vale,11,solo,0,0,337,0,0,0.053097,590,0,0,0.119318
Run 2,Adrian Vale,11,solo,0,0,343,0,0,0.009346,570,0,0,0.014778
Run 2,Adrian Vale,11,solo,0,0,295,0,0,0.033708,655,0,0,0.013393
Run 2,Adrian Vale,11,solo,0,0,449,0,0,0.116071,418,0,0,0.072626
Run 2,Adrian Vale,11,solo,0,0,447,0,1,0.87013,421,0,1,0.925926
Run 2,Adrian Vale,11,solo,0,0,264,0,0,0.037736,545,0,0,0.050761
Run 2,Adrian Vale,11,solo,0,0,443,0,0,0.122951,611,0,0,0.088542
Run 2,Adrian Vale,11,solo,0,0,375,0,0,0.016393,618,0,0,0.033493
Run 2,Adrian Vale,11,solo,0,0,447,1,0,1.0,589,0,0,0.705357
Run 2,Adrian Vale,11,solo,0,0,248,0,0,0.049383,514,0,0,0.047368
Run 2,Adrian Vale,11,solo,0,0,318,0,0,0.086957,649,0,0,0.101961
Run 2,Adrian Vale,11,solo,0,0,414,0,0,0.107843,667,0,0,0.041284
Run 2,Adrian Vale,12,solo,0,0,419,0,0,0.386139,562,0,0,0.747573
Run 2,Adrian Vale,12,solo,0,0,367,0,0,0.011494,607,0,0,0.029126
Run 2,Adrian Vale,12,solo,0,0,538,0,0,0.060606,589,0,0,0.036082
Run 2,Adrian Vale,12,solo,0,0,507,0,0,0.055944,544,0,0,0.02139
Run 2,Adrian Vale,12,solo,0,0,416,0,0,0.5,562,1,0,1.0
Run 2,Adrian Vale,12,solo,0,0,386,0,0,0.037736,733,0,0,0.060606
Run 2,Adrian Vale,12,solo,0,0,404,0,0,0.042735,595,0,0,0.024631
Run 2,Adrian Vale,12,solo,0,0,386,0,0,0.09,722,0,0,0.047009
Run 2,Adrian Vale,12,joint,1,0,11,1,0,0.0,0,0,0,0.0
Run 2,Adrian Vale,12,solo,0,0,418,0,1,0.855072,547,0,0,0.576923
Run 2,Adrian Vale,12,solo,0,0,416,1,0,1.0,547,1,0,1.0
Run 2,Adrian Vale,12,solo,0,0,424,0,0,0.048,651,0,0,0.030418
Run 2,Adrian Vale,12,solo,0,0,425,0,0,0.12069,622,0,0,0.060465
Run 2,Adrian Vale,12,solo,0,0,346,0,0,0.053846,594,0,0,0.083799
Run 2,Adrian Vale,12,joint,1,0,11,1,0,0.0,0,0,0,0.0
Run 2,Adrian Vale,12,solo,1,0,11,0,0,0.0,11,1,0,0.0
Run 2,Adrian Vale,13,joint,1,0,11,1,0,0.0,0,0,0,0.0
Run 2,Adrian Vale,13,solo,0,0,418,1,0,1.0,680,0,1,0.927273
Run 2,Adrian Vale,13,solo,0,0,416,1,0,1.0,680,1,0,1.0
Run 2,Adrian Vale,13,solo,0,0,370,0,0,0.095588,660,0,0,0.051643
Run 2,Adrian Vale,13,solo,0,0,496,0,0,0.133858,642,0,0,0.033613
Run 2,Adrian Vale,13,solo,0,0,297,0,0,0.035714,758,0,0,0.017316
Run 2,Adrian Vale,13,solo,0,0,416,1,0,1.0,680,1,0,1.0
Run 2,Adrian Vale,13,solo,0,0,406,0,0,0.016529,628,0,0,0.070093
Run 2,Adrian Vale,13,solo,0,0,422,0,0,0.024793,617,0,0,0.021053
Run 2,Adrian Vale,13,solo,0,0,354,0,0,0.06422,592,0,0,0.050251
Run 2,Adrian Vale,13,solo,0,0,416,1,0,1.0,680,1,0,1.0
Run 2,Adrian Vale,13,solo,0,0,522,0,0,0.029197,597,0,0,0.056122
Run 2,Adrian Vale,13,solo,0,0,315,0,0,0.091954,596,0,0,0.035398
Run 2,Adrian Vale,13,solo,0,0,409,0,0,0.02459,790,0,0,0.06383
Run 2,Adrian Vale,13,solo,1,0,11,1,0,0.0,11,1,0,0.0
Run 2,Adrian Vale,13,solo,0,0,327,0,0,0.033333,492,0,0,0.013043
Run 2,Adrian Vale,13,solo,0,0,312,0,0,0.03,552,0,0,0.066298
Run 2,Adrian Vale,13,solo,0,0,385,0,0,0.028846,615,0,0,0.076142
Run 2,Adrian Vale,14,solo,0,0,352,0,0,0.056604,1019,0,0,0.044674
Run 2,Adrian Vale,14,solo,0,0,468,0,0,0.039216,633,0,0,0.053333
Run 2,Adrian Vale,14,solo,0,0,298,0,0,0.063158,564,0,0,0.128079
Run 2,Adrian Vale,14,solo,0,0,455,0,0,0.064516,567,0,0,0.076923
Run 2,Adrian Vale,14,joint,0,0,487,0,0,0.0,644,0,0,0.0
Run 2,Adrian Vale,14,solo,0,0,390,0,0,0.069565,665,0,0,0.145833
Run 2,Adrian Vale,14,solo,0,0,341,0,0,0.753623,663,0,1,0.967213
Run 2,Adrian Vale,14,solo,0,0,415,0,0,0.045045,718,0,0,0.008889
Run 2,Adrian Vale,14,solo,0,0,484,0,0,0.0625,688,0,0,0.081967
Run 2,Adrian Vale,14,solo,0,0,325,0,0,0.073394,668,0,0,0.077778
Run 2,Adrian Vale,14,joint,1,0,11,1,0,0.0,0,0,0,0.0
Run 2,Adrian Vale,14,solo,0,0,404,0,0,0.136364,688,1,0,1.0
Run 2,Adrian Vale,14,solo,0,0,395,0,0,0.188679,696,0,1,0.927419
Run 2,Adrian Vale,14,solo,0,0,462,0,0,0.054054,691,0,0,0.074419
Run 2,Adrian Vale,14,solo,0,0,394,0,0,0.1,556,0,0,0.040698
Run 2,Adrian Vale,14,solo,0,0,388,0,0,0.018868,598,0,0,0.022831
Run 2,Adrian Vale,15,solo,0,0,454,0,1,0.883117,844,0,0,0.417526
Run 2,Adrian Vale,15,solo,0,0,519,0,0,0.023256,740,0,0,0.065574
Run 2,Adrian Vale,15,solo,0,0,315,0,0,0.093023,791,0,0,0.0625
Run 2,Adrian Vale,15,solo,0,0,386,0,0,0.083333,579,0,0,0.082474
Run 2,Adrian Vale,15,joint,1,0,11,1,0,0.0,0,0,0,0.0
Run 2,Adrian Vale,15,solo,0,0,454,0,0,0.362637,634,0,0,0.237374
Run 2,Adrian Vale,15,solo,0,0,383,0,0,0.103774,556,0,1,0.807339
Run 2,Adrian Vale,15,solo,0,0,338,0,0,0.122807,549,0,0,0.018957
Run 2,Adrian Vale,15,solo,0,0,422,0,0,0.061404,669,0,0,0.054795
Run 2,Adrian Vale,15,solo,0,0,321,0,0,0.04065,650,0,0,0.016949
Run 2,Adrian Vale,15,solo,0,0,352,1,0,1.0,844,1,0,1.0
Run 2,Adrian Vale,15,solo,0,0,493,0,0,0.103448,751,0,0,0.039216
Run 2,Adrian Vale,15,solo,0,0,248,0,0,0.032258,574,0,0,0.010101
Run 2,Adrian Vale,15,solo,0,0,483,0,0,0.045802,670,0,0,0.049751
Run 2,Adrian Vale,15,solo,0,0,348,0,1,0.867647,844,1,0,1.0
Run 2,Adrian Vale,15,solo,0,0,351,0,0,0.053846,590,0,0,0.031818
Run 2,Adrian Vale,15,solo,0,0,371,0,0,0.114583,607,0,0,0.030457
Run 2,Adrian Vale,15,solo,0,0,352,0,0,0.017094,740,0,0,0.011952
Run 2,Adrian Vale,16,joint,0,0,266,0,0,0.0,498,0,0,0.010471
Run 2,Adrian Vale,16,solo,0,0,639,0,0,0.163121,695,0,0,0.5375
Run 2,Adrian Vale,16,solo,0,0,301,0,0,0.23913,914,0,0,0.028455
Run 2,Adrian Vale,16,solo,0,0,424,0,0,0.050847,573,0,0,0.020513
Run 2,Adrian Vale,16,solo,0,0,432,0,0,0.054054,663,0,0,0.087558
Run 2,Adrian Vale,16,solo,0,0,484,0,0,0.048387,704,0,0,0.063415
Run 2,Adrian Vale,16,joint,1,0,11,1,0,0.0,0,0,0,0.0
Run 2,Adrian Vale,16,solo,0,0,335,0,0,0.12381,713,0,0,0.541401
Run 2,Adrian Vale,16,solo,0,0,410,0,0,0.297872,782,0,0,0.222727
Run 2,Adrian Vale,16,solo,0,0,470,0,0,0.031056,724,0,0,0.022936
Run 2,Adrian Vale,16,solo,0,0,486,0,0,0.08209,602,0,0,0.034314
Run 2,Adrian Vale,16,solo,0,0,330,0,0,0.073394,525,0,0,0.05618
Run 2,Adrian Vale,16,solo,0,0,442,0,0,0.152,740,0,0,0.248705
Run 2,Adrian Vale,16,solo,0,0,437,0,0,0.014925,533,0,0,0.036842
Run 2,Adrian Vale,16,solo,0,0,386,0,0,0.070312,625,0,0,0.040816
Run 2,Adrian Vale,16,solo,0,0,418,0,0,0.051095,645,0,0,0.014354
Run 2,Adrian Vale,17,solo,0,0,428,0,0,0.625,644,0,0,0.633333
Run 2,Adrian Vale,17,solo,0,0,406,0,0,0.076336,587,0,0,0.046632
Run 2,Adrian Vale,17,solo,0,0,521,0,0,0.034965,570,0,0,0.059701
Run 2,Adrian Vale,17,solo,0,0,258,0,0,0.020619,609,0,0,0.0199
Run 2,Adrian Vale,17,solo,0,0,428,0,1,0.85,644,1,0,1.0
Run 2,Adrian Vale,17,solo,0,0,417,0,0,0.057143,575,0,0,0.082902
Run 2,Adrian Vale,17,solo,0,0,296,0,0,0.073171,705,0,0,0.012048
Run 2,Adrian Vale,17,solo,0,0,411,0,0,0.06015,571,0,0,0.041667
Run 2,Adrian Vale,17,joint,1,0,11,1,0,0.0,0,0,0,0.0
Run 2,Adrian Vale,17,solo,0,0,498,0,0,0.154412,645,0,0,0.086538
Run 2,Adrian Vale,17,solo,0,0,435,0,0,0.423077,715,0,0,0.680851
Run 2,Adrian Vale,17,solo,0,0,427,0,0,0.0625,676,0,0,0.04186
Run 2,Adrian Vale,17,solo,0,0,467,0,0,0.031008,709,0,0,0.025862
Run 2,Adrian Vale,17,solo,0,0,397,0,0,0.069231,727,0,0,0.094787
Run 2,Adrian Vale,17,solo,0,0,490,0,0,0.663043,722,0,1,0.938462
Run 2,Adrian Vale,17,solo,0,0,383,0,0,0.05042,764,0,0,0.065
Run 2,Adrian Vale,17,solo,0,0,366,0,0,0.016,766,0,0,0.044843
Run 2,Adrian Vale,17,solo,0,0,304,0,0,0.094737,672,0,0,0.05
Run 2,Adrian Vale,18,solo,0,0,489,0,1,0.818182,727,0,0,0.664474
Run 2,Adrian Vale,18,solo,0,0,258,0,0,0.023256,707,0,0,0.009259
Run 2,Adrian Vale,18,solo,0,0,418,0,0,0.063492,764,0,0,0.012658
Run 2,Adrian Vale,18,solo,0,0,305,0,0,0.067308,608,0,0,0.012931
Run 2,Adrian Vale,18,joint,1,0,11,1,0,0.0,0,0,0,0.0
Run 2,Adrian Vale,18,solo,0,0,498,0,0,0.446429,727,1,0,1.0
Run 2,Adrian Vale,18,solo,0,0,490,1,0,1.0,720,0,1,0.930769
Run 2,Adrian Vale,18,solo,0,0,324,0,0,0.045455,599,0,0,0.028169
Run 2,Adrian Vale,18,solo,0,0,461,0,0,0.051724,670,0,0,0.051643
Run 2,Adrian Vale,18,solo,0,0,375,0,0,0.01626,687,0,0,0.028807
Run 2,Adrian Vale,18,solo,0,0,430,0,0,0.747126,727,1,0,1.0
Run 2,Adrian Vale,18,solo,0,0,381,0,0,0.081301,599,0,0,0.061798
Run 2,Adrian Vale,18,solo,0,0,382,0,0,0.057692,609,0,0,0.111111
Run 2,Adrian Vale,18,solo,0,0,336,0,0,0.061404,598,0,0,0.027149
Run 2,Adrian Vale,18,solo,1,0,11,1,0,0.0,11,1,0,0.0
Run 2,Adrian Vale,18,solo,0,0,528,0,0,0.080292,550,0,0,0.068966
Run 2,Adrian Vale,18,solo,0,0,485,0,0,0.022727,722,0,0,0.036199
Run 2,Adrian Vale,18,solo,0,0,378,0,0,0.075472,631,0,0,0.039604
Run 2,Adrian Vale,19,solo,0,0,469,0,0,0.520408,652,0,0,0.578947
Run 2,Adrian Vale,19,solo,0,0,435,0,0,0.05,506,0,0,0.067708
Run 2,Adrian Vale,19,solo,0,0,476,0,0,0.034188,631,0,0,0.023364
Run 2,Adrian Vale,19,solo,0,0,485,0,0,0.051095,663,0,0,0.100559
Run 2,Adrian Vale,19,joint,1,0,11,1,0,0.0,0,0,0,0.0
Run 2,Adrian Vale,19,solo,0,0,433,0,0,0.141791,659,0,1,0.925
Run 2,Adrian Vale,19,solo,0,0,492,0,0,0.78022,659,1,0,1.0
Run 2,Adrian Vale,19,solo,0,0,375,0,0,0.067164,608,0,0,0.085202
Run 2,Adrian Vale,19,solo,0,0,459,0,0,0.094017,615,0,0,0.033493
Run 2,Adrian Vale,19,solo,0,0,449,0,0,0.098592,596,0,0,0.038095
Run 2,Adrian Vale,19,joint,1,0,11,1,0,0.0,0,0,0,0.0
Run 2,Adrian Vale,19,solo,0,0,494,0,1,0.886364,659,1,0,1.0
Run 2,Adrian Vale,19,solo,0,0,492,1,0,1.0,659,1,0,1.0
Run 2,Adrian Vale,19,solo,0,0,407,0,0,0.105263,706,0,0,0.055556
Run 2,Adrian Vale,19,solo,0,0,322,0,0,0.06,551,0,0,0.032432
Run 2,Adrian Vale,19,solo,0,0,428,0,0,0.05,575,0,0,0.039548
Run 2,Adrian Vale,20,joint,1,0,11,1,0,0.0,0,0,0,0.0
Run 2,Adrian Vale,20,solo,0,0,446,0,0,0.280992,624,0,0,0.669173
Run 2,Adrian Vale,20,solo,0,0,492,1,0,1.0,624,1,0,1.0
Run 2,Adrian Vale,20,solo,0,0,481,0,0,0.024242,805,0,0,0.071111
Run 2,Adrian Vale,20,solo,0,0,400,0,0,0.082645,566,0,0,0.098361
Run 2,Adrian Vale,20,solo,0,0,376,0,0,0.081818,640,0,0,0.031963
Run 2,Adrian Vale,20,solo,0,0,497,0,0,0.20155,677,0,0,0.269461
Run 2,Adrian Vale,20,solo,0,0,372,0,0,0.027027,612,0,0,0.032558
Run 2,Adrian Vale,20,solo,0,0,393,0,0,0.009804,754,0,0,0.039648
Run 2,Adrian Vale,20,solo,0,0,393,0,0,0.008264,591,0,0,0.0199
Run 2,Adrian Vale,20,joint,1,0,11,1,0,0.0,0,0,0,0.0
Run 2,Adrian Vale,20,solo,0,0,475,0,0,0.791209,696,0,1,0.868852
Run 2,Adrian Vale,20,solo,0,0,475,0,1,0.882353,711,0,1,0.823529
Run 2,Adrian Vale,20,solo,0,0,482,0,0,0.028777,660,0,0,0.028436
Run 2,Adrian Vale,20,solo,0,0,404,0,0,0.069307,564,0,0,0.046512
Run 2,Adrian Vale,20,solo,0,0,393,0,0,0.026549,681,0,0,0.039409
Run 2,Adrian Vale,21,solo,0,0,475,0,0,0.791209,700,0,0,0.605442
Run 2,Adrian Vale,21,solo,0,0,520,0,0,0.070866,591,0,0,0.055276
Run 2,Adrian Vale,21,solo,0,0,273,0,0,0.111111,650,0,0,0.028846
Run 2,Adrian Vale,21,solo,0,0,279,0,0,0.045977,637,0,0,0.037037
Run 2,Adrian Vale,21,joint,1,0,11,1,0,0.0,0,0,0,0.0
Run 2,Adrian Vale,21,solo,0,0,477,0,1,0.882353,707,0,1,0.928571
Run 2,Adrian Vale,21,solo,0,0,475,1,0,1.0,707,1,0,1.0
Run 2,Adrian Vale,21,solo,0,0,360,0,0,0.027027,674,0,0,0.023041
Run 2,Adrian Vale,21,solo,0,0,338,0,0,0.087912,735,0,0,0.054545
Run 2,Adrian Vale,21,solo,0,0,471,0,0,0.04918,560,0,0,0.058824
Run 2,Adrian Vale,21,solo,0,0,475,1,0,1.0,707,1,0,1.0
Run 2,Adrian Vale,21,solo,0,0,390,0,0,0.058333,606,0,0,0.025
Run 2,Adrian Vale,21,solo,0,0,314,0,0,0.069767,729,0,0,0.048673
Run 2,Adrian Vale,21,solo,0,0,348,0,0,0.090909,768,0,0,0.036145
Run 2,Adrian Vale,21,solo,0,0,475,1,0,1.0,707,1,0,1.0
Run 2,Adrian Vale,21,solo,0,0,402,0,0,0.117647,706,0,0,0.031621
Run 2,Adrian Vale,21,solo,0,0,360,0,0,0.125,674,0,0,0.033981
Run 2,Adrian Vale,21,solo,0,0,414,0,0,0.097345,724,0,0,0.042918
Run 2,Adrian Vale,22,solo,0,0,473,1,0,1.0,725,0,0,0.628378
Run 2,Adrian Vale,22,solo,0,0,497,0,0,0.007407,739,0,0,0.019531
Run 2,Adrian Vale,22,solo,0,0,363,0,0,0.04878,681,0,0,0.034934
Run 2,Adrian Vale,22,solo,0,0,397,0,0,0.056452,698,0,0,0.047393
Run 2,Adrian Vale,22,joint,1,0,11,1,0,0.0,0,0,0,0.0
Run 2,Adrian Vale,22,solo,0,0,448,0,1,0.8,724,0,0,0.684564
Run 2,Adrian Vale,22,solo,0,0,473,1,0,1.0,732,0,1,0.931298
Run 2,Adrian Vale,22,solo,0,0,404,0,0,0.026144,540,0,0,0.032086
Run 2,Adrian Vale,22,solo,0,0,521,0,0,0.068493,633,0,0,0.07177
Run 2,Adrian Vale,22,solo,0,0,382,0,0,0.109091,505,0,0,0.047368
Run 2,Adrian Vale,22,solo,1,0,473,1,0,1.0,11,1,0,0.0
Run 2,Adrian Vale,22,solo,0,0,381,0,0,0.064815,773,0,0,0.016461
Run 2,Adrian Vale,22,solo,0,0,349,0,0,0.076923,695,0,0,0.074419
Run 2,Adrian Vale,22,solo,0,0,415,0,0,0.008,650,0,0,0.033654
Run 2,Adrian Vale,22,joint,1,0,11,1,0,0.0,0,0,0,0.0
Run 2,Adrian Vale,22,solo,1,0,11,1,0,0.0,11,1,0,0.0
Run 2,Adrian Vale,23,solo,0,0,475,1,0,1.0,693,0,0,0.557692
Run 2,Adrian Vale,23,solo,0,0,285,0,0,0.130435,455,0,0,0.043243
Run 2,Adrian Vale,23,solo,0,0,397,0,0,0.140187,595,0,0,0.022026
Run 2,Adrian Vale,23,solo,0,0,414,0,0,0.101852,597,0,0,0.062176
Run 2,Adrian Vale,23,joint,1,0,11,1,0,0.0,0,0,0,0.0
Run 2,Adrian Vale,23,solo,0,0,477,1,0,1.0,693,1,0,1.0
Run 2,Adrian Vale,23,solo,0,0,469,0,1,0.892857,693,1,0,1.0
Run 2,Adrian Vale,23,solo,0,0,475,0,0,0.067669,677,0,0,0.039474
Run 2,Adrian Vale,23,solo,0,0,464,0,0,0.092437,532,0,0,0.056962
Run 2,Adrian Vale,23,solo,0,0,385,0,0,0.060345,693,0,0,0.078431
Run 2,Adrian Vale,23,solo,0,0,475,1,0,1.0,693,1,0,1.0
Run 2,Adrian Vale,23,solo,0,0,396,0,0,0.057143,481,0,0,0.038889
Run 2,Adrian Vale,23,solo,0,0,412,0,0,0.080882,829,0,0,0.033019
Run 2,Adrian Vale,23,solo,0,0,477,0,0,0.12037,732,0,0,0.051502
Run 2,Adrian Vale,23,solo,0,0,475,1,0,1.0,693,1,0,1.0
Run 2,Adrian Vale,23,solo,0,0,373,0,0,0.036036,593,0,0,0.03125
Run 2,Adrian Vale,23,solo,0,0,412,0,0,0.074766,541,0,0,0.05291
Run 2,Adrian Vale,23,solo,0,0,328,0,0,0.019608,1033,0,0,0.027027
Run 2,Adrian Vale,24,solo,0,0,469,1,0,1.0,586,0,0,0.676923
Run 2,Adrian Vale,24,solo,0,0,418,0,0,0.065421,712,0,0,0.026316
Run 2,Adrian Vale,24,solo,0,0,557,0,0,0.032468,769,0,0,0.018868
Run 2,Adrian Vale,24,solo,0,0,392,0,0,0.054264,627,0,0,0.059091
Run 2,Adrian Vale,24,joint,1,0,11,1,0,0.0,0,0,0,0.0
Run 2,Adrian Vale,24,solo,0,0,471,0,1,0.892857,585,0,1,0.904762
Run 2,Adrian Vale,24,solo,0,0,469,1,0,1.0,585,1,0,1.0
Run 2,Adrian Vale,24,solo,0,0,217,0,0,0.049505,751,0,0,0.036364
Run 2,Adrian Vale,24,solo,0,0,456,0,0,0.065041,684,0,0,0.021739
Run 2,Adrian Vale,24,solo,0,0,343,0,0,0.090909,521,0,0,0.025126
Run 2,Adrian Vale,24,solo,0,0,469,1,0,1.0,628,0,1,0.911504
Run 2,Adrian Vale,24,solo,0,0,425,0,0,0.099099,600,0,0,0.023697
Run 2,Adrian Vale,24,solo,0,0,425,0,0,0.03125,719,0,0,0.060914
Run 2,Adrian Vale,24,solo,0,0,339,0,0,0.02521,598,0,0,0.027473
Run 2,Adrian Vale,24,solo,1,0,11,1,0,0.0,11,1,0,0.0
Run 2,Adrian Vale,24,solo,0,0,451,0,0,0.066667,499,0,0,0.055901
Run 2,Adrian Vale,24,solo,0,0,398,0,0,0.076923,614,0,0,0.032407
Run 2,Adrian Vale,24,solo,0,0,397,0,0,0.056604,803,0,0,0.036885
Run 2,Adrian Vale,25,solo,0,0,471,1,0,1.0,624,0,0,0.648855
Run 2,Adrian Vale,25,solo,0,0,217,0,0,0.069307,683,0,0,0.068182
Run 2,Adrian Vale,25,solo,0,0,411,0,0,0.096,757,0,0,0.039683
Run 2,Adrian Vale,25,solo,0,0,383,0,0,0.056452,591,0,0,0.065657
Run 2,Adrian Vale,25,solo,0,0,469,1,0,1.0,624,1,0,1.0
Run 2,Adrian Vale,25,solo,0,0,398,0,0,0.048611,616,0,0,0.045082
Run 2,Adrian Vale,25,solo,0,0,410,0,0,0.11215,711,0,0,0.046948
Run 2,Adrian Vale,25,solo,0,0,426,0,0,0.065041,675,0,0,0.05102
Run 2,Adrian Vale,25,joint,1,0,11,1,0,0.0,0,0,0,0.0
Run 2,Adrian Vale,25,solo,0,0,471,1,0,1.0,624,1,0,1.0
Run 2,Adrian Vale,25,solo,0,0,475,0,0,0.54023,602,0,1,0.974138
Run 2,Adrian Vale,25,solo,0,0,360,0,0,0.06422,628,0,0,0.076923
Run 2,Adrian Vale,25,solo,0,0,402,0,0,0.061069,610,0,0,0.030769
Run 2,Adrian Vale,25,solo,0,0,286,0,0,0.108696,745,0,0,0.028
Run 2,Adrian Vale,25,solo,1,0,11,1,0,0.0,11,1,0,0.0
Run 2,Adrian Vale,25,solo,0,0,389,0,0,0.07377,585,0,0,0.076923
Run 2,Adrian Vale,25,solo,0,0,302,0,0,0.050505,528,0,0,0.050279
Run 2,Adrian Vale,25,solo,0,0,393,0,0,0.03252,581,0,0,0.054726
Run 2,Adrian Vale,26,solo,0,0,353,0,0,0.20354,782,0,0,0.272321
Run 2,Adrian Vale,26,solo,0,0,326,0,0,0.036036,808,0,0,0.069124
Run 2,Adrian Vale,26,solo,0,0,411,0,0,0.108108,608,0,0,0.062802
Run 2,Adrian Vale,26,solo,0,0,448,0,0,0.123077,733,0,0,0.070093
Run 2,Adrian Vale,26,joint,1,0,11,1,0,0.0,0,0,0,0.0
Run 2,Adrian Vale,26,solo,0,0,451,0,0,0.780822,764,0,0,0.743902
Run 2,Adrian Vale,26,solo,0,0,453,0,1,0.871795,764,1,0,1.0
Run 2,Adrian Vale,26,solo,0,0,304,0,0,0.035294,656,0,0,0.028986
Run 2,Adrian Vale,26,solo,0,0,419,0,0,0.043103,671,0,0,0.076555
Run 2,Adrian Vale,26,solo,0,0,277,0,0,0.157895,668,0,0,0.03653
Run 2,Adrian Vale,26,solo,0,0,453,1,0,1.0,764,1,0,1.0
Run 2,Adrian Vale,26,solo,0,0,368,0,0,0.065574,629,0,0,0.028037
Run 2,Adrian Vale,26,solo,0,0,328,0,0,0.073684,681,0,0,0.04918
Run 2,Adrian Vale,26,solo,0,0,417,0,0,0.038462,589,0,0,0.024896
Run 2,Adrian Vale,26,solo,1,0,451,0,1,0.871795,11,1,0,0.0
Run 2,Adrian Vale,26,solo,0,0,754,0,0,0.026738,616,0,0,0.052632
Run 2,Adrian Vale,26,solo,0,0,571,0,0,0.132353,643,0,0,0.065421
Run 2,Adrian Vale,26,solo,0,0,466,0,0,0.064815,758,0,0,0.042373
Run 2,Adrian Vale,27,solo,0,0,333,0,0,0.116071,773,0,0,0.116279
Run 2,Adrian Vale,27,solo,0,0,359,0,0,0.053097,717,0,0,0.051502
Run 2,Adrian Vale,27,solo,0,0,474,0,0,0.042735,698,0,0,0.015209
Run 2,Adrian Vale,27,solo,0,0,421,0,0,0.088235,539,0,0,0.085106
Run 2,Adrian Vale,27,joint,1,0,11,1,0,0.0,0,0,0,0.0
Run 2,Adrian Vale,27,solo,0,0,382,0,0,0.609756,539,1,0,1.0
Run 2,Adrian Vale,27,solo,0,0,384,0,0,0.724638,539,1,0,1.0
Run 2,Adrian Vale,27,solo,0,0,441,0,0,0.013889,634,0,0,0.03653
Run 2,Adrian Vale,27,solo,0,0,552,0,0,0.039735,710,0,0,0.132353
Run 2,Adrian Vale,27,solo,0,0,316,0,0,0.108911,583,0,0,0.081871
Run 2,Adrian Vale,27,solo,0,0,382,1,0,1.0,539,1,0,1.0
Run 2,Adrian Vale,27,solo,0,0,305,0,0,0.069307,553,0,0,0.062201
Run 2,Adrian Vale,27,solo,0,0,428,0,0,0.030534,816,0,0,0.042194
Run 2,Adrian Vale,27,solo,0,0,433,0,0,0.075758,694,0,0,0.019048
Run 2,Adrian Vale,27,solo,1,0,11,1,0,0.0,11,1,0,0.0
Run 2,Adrian Vale,27,solo,0,0,430,0,0,0.068376,620,0,0,0.064039
Run 2,Adrian Vale,27,solo,0,0,362,0,0,0.070175,620,0,0,0.120879
Run 2,Adrian Vale,27,solo,0,0,379,0,0,0.083333,539,0,0,0.016484
Run 2,Adrian Vale,28,solo,0,0,431,0,0,0.214953,620,0,0,0.515152
Run 2,Adrian Vale,28,solo,0,0,393,0,0,0.088496,577,0,0,0.101604
Run 2,Adrian Vale,28,solo,0,0,296,0,0,0.074074,516,0,0,0.018182
Run 2,Adrian Vale,28,solo,0,0,429,0,0,0.038095,570,0,0,0.028302
Run 2,Adrian Vale,28,joint,1,0,11,1,0,0.0,0,0,0,0.0
Run 2,Adrian Vale,28,solo,0,0,384,1,0,1.0,620,1,0,1.0
Run 2,Adrian Vale,28,solo,0,0,430,0,0,0.657534,483,0,0,0.022026
Run 2,Adrian Vale,28,solo,0,0,438,0,0,0.110092,640,0,0,0.067308
Run 2,Adrian Vale,28,solo,0,0,358,0,0,0.07563,624,0,0,0.030928
Run 2,Adrian Vale,28,solo,0,0,535,0,0,0.059701,635,0,0,0.017316
Run 2,Adrian Vale,28,solo,0,0,421,0,0,0.505495,640,0,0,0.194737
Run 2,Adrian Vale,28,solo,0,0,373,0,0,0.038462,724,0,0,0.05314
Run 2,Adrian Vale,28,solo,0,0,434,0,0,0.030075,631,0,0,0.037209
Run 2,Adrian Vale,28,solo,0,0,388,0,0,0.080645,625,0,0,0.042056
Run 2,Adrian Vale,28,solo,1,0,11,1,0,0.0,11,1,0,0.0
Run 2,Adrian Vale,28,solo,0,0,434,0,0,0.020979,754,0,0,0.020921
Run 2,Adrian Vale,28,solo,0,0,465,0,0,0.08209,613,0,0,0.013453
Run 2,Adrian Vale,28,solo,0,0,366,0,0,0.04,670,0,0,0.026667
Run 2,Adrian Vale,29,joint,1,0,11,1,0,0.0,0,0,0,0.0
Run 2,Adrian Vale,29,solo,0,0,419,0,0,0.75,815,0,0,0.428571
Run 2,Adrian Vale,29,solo,0,0,469,0,0,0.383178,601,0,0,0.589744
Run 2,Adrian Vale,29,solo,0,0,394,0,0,0.11215,786,0,0,0.054852
Run 2,Adrian Vale,29,solo,0,0,416,0,0,0.074766,523,0,0,0.098446
Run 2,Adrian Vale,29,solo,0,0,364,0,0,0.072727,625,0,0,0.074257
Run 2,Adrian Vale,29,solo,0,0,371,0,1,0.802469,601,0,1,0.811966
Run 2,Adrian Vale,29,solo,0,0,429,0,0,0.215517,711,0,0,0.04721
Run 2,Adrian Vale,29,solo,0,0,405,0,0,0.130435,541,0,0,0.077381
Run 2,Adrian Vale,29,solo,0,0,445,0,0,0.03252,697,0,0,0.026786
Run 2,Adrian Vale,29,joint,1,0,11,1,0,0.0,0,0,0,0.0
Run 2,Adrian Vale,29,solo,0,0,471,0,1,0.883721,601,1,0,1.0
Run 2,Adrian Vale,29,solo,1,0,471,1,0,1.0,11,1,0,0.0
Run 2,Adrian Vale,29,solo,0,0,301,0,0,0.045455,616,0,0,0.044118
Run 2,Adrian Vale,29,solo,0,0,393,0,0,0.116071,674,0,0,0.04
Run 2,Adrian Vale,29,solo,0,0,273,0,0,0.097826,695,0,0,0.062201
Run 2,Adrian Vale,30,solo,0,0,446,0,0,0.666667,616,0,0,0.302469
Run 2,Adrian Vale,30,solo,0,0,317,0,0,0.13253,648,0,0,0.050691
Run 2,Adrian Vale,30,solo,0,0,546,0,0,0.064748,766,0,0,0.040179
Run 2,Adrian Vale,30,solo,0,0,486,0,0,0.117241,629,0,0,0.080808
Run 2,Adrian Vale,30,joint,1,0,11,1,0,0.0,0,0,0,0.0
Run 2,Adrian Vale,30,solo,0,0,371,0,0,0.314815,698,0,0,0.49697
Run 2,Adrian Vale,30,solo,0,0,442,0,0,0.342857,674,0,0,0.21134
Run 2,Adrian Vale,30,solo,0,0,334,0,0,0.03937,605,0,0,0.069652
Run 2,Adrian Vale,30,solo,0,0,324,0,0,0.05102,573,0,0,0.03653
Run 2,Adrian Vale,30,solo,0,0,375,0,0,0.061224,670,0,0,0.043103
Run 2,Adrian Vale,30,solo,0,0,451,0,0,0.58,674,1,0,1.0
Run 2,Adrian Vale,30,solo,0,0,378,0,0,0.017544,626,0,0,0.019048
Run 2,Adrian Vale,30,solo,0,0,339,0,0,0.066038,555,0,0,0.052885
Run 2,Adrian Vale,30,solo,0,0,311,0,0,0.081633,830,0,0,0.034749
Run 2,Adrian Vale,30,solo,1,0,11,1,0,0.0,11,1,0,0.0
Run 2,Adrian Vale,30,solo,0,0,363,0,0,0.066667,511,0,0,0.097701
Run 2,Adrian Vale,30,solo,0,0,365,0,0,0.058824,710,0,0,0.092683
Run 2,Adrian Vale,30,solo,0,0,337,0,0,0.052632,559,0,0,0.024038
Run 2,Adrian Vale,31,solo,0,0,353,0,0,0.794872,698,0,0,0.606667
Run 2,Adrian Vale,31,solo,0,0,425,0,0,0.032258,592,0,0,0.019608
Run 2,Adrian Vale,31,solo,0,0,389,0,0,0.06383,651,0,0,0.066964
Run 2,Adrian Vale,31,solo,0,0,468,0,0,0.133333,530,0,0,0.050228
Run 2,Adrian Vale,31,joint,1,0,11,1,0,0.0,0,0,0,0.0
Run 2,Adrian Vale,31,solo,0,0,413,0,0,0.185185,637,0,0,0.189189
Run 2,Adrian Vale,31,solo,0,0,450,0,0,0.614583,698,1,0,1.0
Run 2,Adrian Vale,31,solo,0,0,341,0,0,0.034188,662,0,0,0.042056
Run 2,Adrian Vale,31,solo,0,0,489,0,0,0.074627,549,0,0,0.016949
Run 2,Adrian Vale,31,solo,0,0,208,0,0,0.213333,658,0,0,0.045872
Run 2,Adrian Vale,31,solo,0,0,448,0,0,0.621053,698,1,0,1.0
Run 2,Adrian Vale,31,solo,0,0,344,0,0,0.065934,586,0,0,0.033175
Run 2,Adrian Vale,31,solo,0,0,421,0,0,0.092437,585,0,0,0.067708
Run 2,Adrian Vale,31,solo,0,0,385,0,0,0.097345,653,0,0,0.032407
Run 2,Adrian Vale,31,solo,1,0,450,1,0,1.0,11,1,0,0.0
Run 2,Adrian Vale,31,solo,0,0,324,0,0,0.045977,701,0,0,0.041096
Run 2,Adrian Vale,31,solo,0,0,307,0,0,0.055556,617,0,0,0.053097
Run 2,Adrian Vale,31,solo,0,0,296,0,0,0.088608,713,0,0,0.068966
Run 2,Adrian Vale,32,joint,0,0,434,0,0,0.0,558,0,0,0.0
Run 2,Adrian Vale,32,solo,0,0,449,0,1,0.878049,586,0,0,0.465649
Run 2,Adrian Vale,32,solo,0,0,455,0,1,0.878049,842,0,0,0.625
Run 2,Adrian Vale,32,solo,0,0,359,0,0,0.083333,652,0,0,0.050459
Run 2,Adrian Vale,32,solo,0,0,319,0,0,0.101852,447,0,0,0.116959
Run 2,Adrian Vale,32,solo,0,0,303,0,0,0.034783,602,0,0,0.021834
Run 2,Adrian Vale,32,joint,1,0,11,1,0,0.0,0,0,0,0.0
Run 2,Adrian Vale,32,solo,0,0,340,0,0,0.363636,842,1,0,1.0
Run 2,Adrian Vale,32,solo,0,0,453,0,0,0.614458,842,1,0,1.0
Run 2,Adrian Vale,32,solo,0,0,488,0,0,0.054264,566,0,0,0.029557
Run 2,Adrian Vale,32,solo,0,0,428,0,0,0.075472,690,0,0,0.045249
Run 2,Adrian Vale,32,solo,0,0,373,0,0,0.00813,687,0,0,0.013575
Run 2,Adrian Vale,32,solo,1,0,453,1,0,1.0,11,1,0,0.0
Run 2,Adrian Vale,32,solo,0,0,309,0,0,0.07,837,0,0,0.016
Run 2,Adrian Vale,32,solo,0,0,457,0,0,0.138889,675,0,0,0.078261
Run 2,Adrian Vale,32,solo,0,0,377,0,0,0.160377,672,0,0,0.104803
Run 2,Adrian Vale,33,joint,0,0,401,0,0,0.007937,534,0,0,0.016304
Run 2,Adrian Vale,33,solo,0,0,453,1,0,1.0,713,0,0,0.530612
Run 2,Adrian Vale,33,solo,0,0,401,0,0,0.278351,748,0,0,0.051282
Run 2,Adrian Vale,33,solo,0,0,381,0,0,0.087719,629,0,0,0.044643
Run 2,Adrian Vale,33,solo,0,0,342,0,0,0.078431,861,0,0,0.031496
Run 2,Adrian Vale,33,solo,0,0,430,0,0,0.042373,630,0,0,0.039604
Run 2,Adrian Vale,33,joint,1,0,11,1,0,0.0,0,0,0,0.0
Run 2,Adrian Vale,33,solo,0,0,453,1,0,1.0,713,1,0,1.0
Run 2,Adrian Vale,33,solo,0,0,453,1,0,1.0,644,0,0,0.090909
Run 2,Adrian Vale,33,solo,0,0,398,0,0,0.09009,589,0,0,0.017699
Run 2,Adrian Vale,33,solo,0,0,411,0,0,0.078261,475,0,0,0.050562
Run 2,Adrian Vale,33,solo,0,0,391,0,0,0.072727,718,0,0,0.046392
Run 2,Adrian Vale,33,solo,0,0,453,1,0,1.0,713,1,0,1.0
Run 2,Adrian Vale,33,solo,0,0,421,0,0,0.081818,616,0,0,0.055276
Run 2,Adrian Vale,33,solo,0,0,493,0,0,0.067797,530,0,0,0.049261
Run 2,Adrian Vale,33,solo,0,0,344,0,0,0.144231,607,0,0,0.036036
Run 2,Adrian Vale,34,solo,0,0,406,0,0,0.694118,587,0,0,0.706767
Run 2,Adrian Vale,34,solo,0,0,396,0,0,0.042017,606,0,0,0.050926
Run 2,Adrian Vale,34,solo,0,0,528,0,0,0.125,753,0,0,0.04943
Run 2,Adrian Vale,34,solo,0,0,368,0,0,0.067308,626,0,0,0.084577
Run 2,Adrian Vale,34,joint,1,0,11,1,0,0.0,0,0,0,0.0
Run 2,Adrian Vale,34,solo,0,0,440,0,0,0.550562,587,1,0,1.0
Run 2,Adrian Vale,34,solo,0,0,440,1,0,1.0,587,1,0,1.0
Run 2,Adrian Vale,34,solo,0,0,349,0,0,0.0625,649,0,0,0.051282
Run 2,Adrian Vale,34,solo,0,0,254,0,0,0.083333,626,0,0,0.035556
Run 2,Adrian Vale,34,solo,0,0,377,0,0,0.177215,543,0,0,0.038462
Run 2,Adrian Vale,34,solo,0,0,440,1,0,1.0,846,0,0,0.664634
Run 2,Adrian Vale,34,solo,0,0,397,0,0,0.017391,629,0,0,0.048673
Run 2,Adrian Vale,34,solo,0,0,434,0,0,0.12844,784,0,0,0.110638
Run 2,Adrian Vale,34,solo,0,0,282,0,0,0.010526,709,0,0,0.008097
Run 2,Adrian Vale,34,joint,1,0,11,1,0,0.0,0,0,0,0.0
Run 2,Adrian Vale,34,solo,1,0,11,1,0,0.0,11,1,0,0.0
Run 2,Adrian Vale,35,solo,0,0,440,1,0,1.0,624,0,0,0.689394
Run 2,Adrian Vale,35,solo,0,0,424,0,0,0.062016,596,0,0,0.032086
Run 2,Adrian Vale,35,solo,0,0,351,0,0,0.04878,896,0,0,0.02952
Run 2,Adrian Vale,35,solo,0,0,288,0,0,0.072917,666,0,0,0.059406
Run 2,Adrian Vale,35,joint,0,0,500,0,0,0.0,628,0,0,0.0
Run 2,Adrian Vale,35,solo,0,0,440,1,0,1.0,624,1,0,1.0
Run 2,Adrian Vale,35,solo,0,0,440,1,0,1.0,788,0,0,0.797203
Run 2,Adrian Vale,35,solo,0,0,396,0,0,0.017391,642,0,0,0.086294
Run 2,Adrian Vale,35,solo,0,0,411,0,0,0.07619,618,0,0,0.066667
Run 2,Adrian Vale,35,solo,0,0,363,0,0,0.071429,591,0,0,0.014354
Run 2,Adrian Vale,35,joint,1,0,11,1,0,0.0,0,0,0,0.0
Run 2,Adrian Vale,35,solo,0,0,440,1,0,1.0,624,1,0,1.0
Run 2,Adrian Vale,35,solo,0,0,440,1,0,1.0,779,0,1,0.938776
Run 2,Adrian Vale,35,solo,0,0,376,0,0,0.04,881,0,0,0.022901
Run 2,Adrian Vale,35,solo,0,0,450,0,0,0.044248,683,0,0,0.062222
Run 2,Adrian Vale,35,solo,0,0,408,0,0,0.0,651,0,0,0.019802
Run 2,Adrian Vale,36,solo,0,0,440,1,0,1.0,630,0,0,0.691729
Run 2,Adrian Vale,36,solo,0,0,408,0,0,0.041667,710,0,0,0.040179
Run 2,Adrian Vale,36,solo,0,0,366,0,0,0.132075,530,0,0,0.053571
Run 2,Adrian Vale,36,solo,0,0,354,0,0,0.148936,555,0,0,0.068627
Run 2,Adrian Vale,36,joint,1,0,11,1,0,0.0,0,0,0,0.0
Run 2,Adrian Vale,36,solo,0,0,527,0,0,0.159091,710,1,0,1.0
Run 2,Adrian Vale,36,solo,0,0,440,1,0,1.0,630,1,0,1.0
Run 2,Adrian Vale,36,solo,0,0,446,0,0,0.040984,673,0,0,0.017937
Run 2,Adrian Vale,36,solo,0,0,472,0,0,0.137931,693,0,0,0.022523
Run 2,Adrian Vale,36,solo,0,0,329,0,0,0.098039,659,0,0,0.019231
Run 2,Adrian Vale,36,solo,0,0,440,1,0,1.0,630,1,0,1.0
Run 2,Adrian Vale,36,solo,0,0,272,0,0,0.042553,653,0,0,0.033493
Run 2,Adrian Vale,36,solo,0,0,400,0,0,0.04878,630,0,0,0.046083
Run 2,Adrian Vale,36,solo,0,0,293,0,0,0.051948,583,0,0,0.045
Run 2,Adrian Vale,36,joint,1,0,11,1,0,0.0,0,0,0,0.0
Run 2,Adrian Vale,36,solo,1,0,522,0,1,0.888889,11,1,0,0.0
Run 2,Adrian Vale,37,solo,0,0,440,1,0,1.0,790,0,0,0.588957
Run 2,Adrian Vale,37,solo,0,0,257,0,0,0.071429,695,0,0,0.036036
Run 2,Adrian Vale,37,solo,0,0,317,0,0,0.066667,574,0,0,0.036866
Run 2,Adrian Vale,37,solo,0,0,373,0,0,0.137097,568,0,0,0.023585
Run 2,Adrian Vale,37,joint,1,0,11,1,0,0.0,0,0,0,0.0
Run 2,Adrian Vale,37,solo,0,0,440,1,0,1.0,790,1,0,1.0
Run 2,Adrian Vale,37,solo,0,0,440,1,0,1.0,790,1,0,1.0
Run 2,Adrian Vale,37,solo,0,0,235,0,0,0.106667,544,0,0,0.035
Run 2,Adrian Vale,37,solo,0,0,382,0,0,0.157407,722,0,0,0.095455
Run 2,Adrian Vale,37,solo,0,0,317,0,0,0.008621,617,0,0,0.075829
Run 2,Adrian Vale,37,joint,1,0,11,1,0,0.0,0,0,0,0.0
Run 2,Adrian Vale,37,solo,0,0,440,1,0,1.0,790,1,0,1.0
Run 2,Adrian Vale,37,solo,0,0,440,1,0,1.0,790,1,0,1.0
Run 2,Adrian Vale,37,solo,0,0,417,0,0,0.030075,586,0,0,0.061224
Run 2,Adrian Vale,37,solo,0,0,380,0,0,0.057692,635,0,0,0.0181
Run 2,Adrian Vale,37,solo,0,0,347,0,0,0.161905,585,0,0,0.035433
Run 2,Adrian Vale,38,solo,0,0,393,0,0,0.617978,752,0,0,0.579618
Run 2,Adrian Vale,38,solo,0,0,284,0,0,0.033898,536,0,0,0.037838
Run 2,Adrian Vale,38,solo,0,0,457,0,0,0.028169,759,0,0,0.075893
Run 2,Adrian Vale,38,solo,0,0,395,0,0,0.04717,609,0,0,0.028846
Run 2,Adrian Vale,38,joint,1,0,11,1,0,0.0,0,0,0,0.0
Run 2,Adrian Vale,38,solo,0,0,393,1,0,1.0,752,1,0,1.0
Run 2,Adrian Vale,38,solo,0,0,393,1,0,1.0,752,1,0,1.0
Run 2,Adrian Vale,38,solo,0,0,334,0,0,0.303371,680,0,0,0.009259
Run 2,Adrian Vale,38,solo,0,0,411,0,0,0.061947,669,0,0,0.010417
Run 2,Adrian Vale,38,solo,0,0,402,0,0,0.105263,676,0,0,0.036885
Run 2,Adrian Vale,38,solo,0,0,393,1,0,1.0,752,1,0,1.0
Run 2,Adrian Vale,38,solo,0,0,357,0,0,0.084211,585,0,0,0.023697
Run 2,Adrian Vale,38,solo,0,0,433,0,0,0.036364,700,0,0,0.058559
Run 2,Adrian Vale,38,solo,0,0,231,0,0,0.059701,682,0,0,0.047619
Run 2,Adrian Vale,38,joint,1,0,11,1,0,0.0,0,0,0,0.0
Run 2,Adrian Vale,38,solo,1,0,393,1,0,1.0,11,1,0,0.0
Run 2,Adrian Vale,39,solo,0,0,393,1,0,1.0,704,0,0,0.614865
Run 2,Adrian Vale,39,solo,0,0,373,0,0,0.081967,810,0,0,0.064516
Run 2,Adrian Vale,39,solo,0,0,334,0,0,0.072072,693,0,0,0.052863
Run 2,Adrian Vale,39,solo,0,0,388,0,0,0.053846,625,0,0,0.042254
Run 2,Adrian Vale,39,solo,0,0,393,1,0,1.0,704,1,0,1.0
Run 2,Adrian Vale,39,solo,0,0,395,0,0,0.138889,533,0,0,0.05102
Run 2,Adrian Vale,39,solo,0,0,380,0,0,0.083333,605,0,0,0.039106
Run 2,Adrian Vale,39,solo,0,0,300,0,0,0.191011,640,0,0,0.039604
Run 2,Adrian Vale,39,solo,0,0,393,1,0,1.0,704,1,0,1.0
Run 2,Adrian Vale,39,solo,0,0,397,0,0,0.035398,588,0,0,0.038462
Run 2,Adrian Vale,39,solo,0,0,455,0,0,0.097345,594,0,0,0.079365
Run 2,Adrian Vale,39,solo,0,0,456,0,0,0.068966,650,0,0,0.058201
Run 2,Adrian Vale,39,solo,0,0,393,1,0,1.0,704,1,0,1.0
Run 2,Adrian Vale,39,solo,0,0,330,0,0,0.04717,576,0,0,0.0199
Run 2,Adrian Vale,39,solo,0,0,366,0,0,0.057692,688,0,0,0.013216
Run 2,Adrian Vale,39,solo,0,0,286,0,0,0.229508,666,0,0,0.082126
Run 2,Adrian Vale,39,solo,1,0,11,1,0,0.0,11,1,0,0.0
Run 2,Adrian Vale,39,solo,0,0,517,0,0,0.061538,581,0,0,0.050562
Run 2,Adrian Vale,39,solo,0,0,346,0,0,0.11828,589,0,0,0.09
Run 2,Adrian Vale,39,solo,0,0,423,0,0,0.12844,785,0,0,0.078838
Run 2,Adrian Vale,40,solo,0,0,393,1,0,1.0,783,0,0,0.630573
Run 2,Adrian Vale,40,solo,0,0,365,0,0,0.02459,581,0,0,0.033816
Run 2,Adrian Vale,40,solo,0,0,432,0,0,0.064516,618,0,0,0.040404
Run 2,Adrian Vale,40,solo,0,0,452,0,0,0.061538,785,0,0,0.027778
Run 2,Adrian Vale,40,joint,1,0,11,1,0,0.0,0,0,0,0.0
Run 2,Adrian Vale,40,solo,0,0,393,1,0,1.0,783,1,0,1.0
Run 2,Adrian Vale,40,solo,0,0,393,1,0,1.0,783,1,0,1.0
Run 2,Adrian Vale,40,solo,0,0,379,0,0,0.047619,693,0,0,0.045662
Run 2,Adrian Vale,40,solo,0,0,358,0,0,0.056911,589,0,0,0.045455
Run 2,Adrian Vale,40,solo,0,0,371,0,0,0.181818,649,0,0,0.059701
Run 2,Adrian Vale,40,joint,1,0,11,1,0,0.0,0,0,0,0.0
Run 2,Adrian Vale,40,solo,0,0,393,1,0,1.0,783,1,0,1.0
Run 2,Adrian Vale,40,solo,0,0,393,1,0,1.0,783,1,0,1.0
Run 2,Adrian Vale,40,solo,0,0,320,0,0,0.113208,566,0,0,0.051282
Run 2,Adrian Vale,40,solo,0,0,446,0,0,0.033613,726,0,0,0.019305
Run 2,Adrian Vale,40,solo,0,0,350,0,0,0.026316,605,0,0,0.048309
Run 2,Adrian Vale,41,joint,0,0,405,0,0,0.017391,542,0,0,0.0
Run 2,Adrian Vale,41,solo,0,0,465,0,0,0.729412,688,0,0,0.640845
Run 2,Adrian Vale,41,solo,0,0,393,1,0,1.0,688,1,0,1.0
Run 2,Adrian Vale,41,solo,0,0,355,0,0,0.073171,713,0,0,0.038298
Run 2,Adrian Vale,41,solo,0,0,477,0,0,0.106557,727,0,0,0.042254
Run 2,Adrian Vale,41,solo,0,0,418,0,0,0.035211,674,0,0,0.065116
Run 2,Adrian Vale,41,joint,1,0,11,1,0,0.0,0,0,0,0.0
Run 2,Adrian Vale,41,solo,0,0,393,1,0,1.0,688,1,0,1.0
Run 2,Adrian Vale,41,solo,0,0,393,1,0,1.0,688,1,0,1.0
Run 2,Adrian Vale,41,solo,0,0,390,0,0,0.15,646,0,0,0.091371
Run 2,Adrian Vale,41,solo,0,0,350,0,0,0.102804,679,0,0,0.065
Run 2,Adrian Vale,41,solo,0,0,339,0,0,0.133333,722,0,0,0.025105
Run 2,Adrian Vale,41,solo,0,0,509,0,0,0.35514,674,1,0,1.0
Run 2,Adrian Vale,41,solo,0,0,361,0,0,0.081818,661,0,0,0.031963
Run 2,Adrian Vale,41,solo,0,0,424,0,0,0.025,782,0,0,0.023529
Run 2,Adrian Vale,41,solo,0,0,381,0,0,0.113402,626,0,0,0.086758
Run 2,Adrian Vale,42,joint,1,0,11,1,0,0.0,0,0,0,0.0
Run 2,Adrian Vale,42,solo,0,0,529,0,0,0.430894,637,0,0,0.684211
Run 2,Adrian Vale,42,solo,0,0,498,0,0,0.104,700,0,0,0.078341
Run 2,Adrian Vale,42,solo,0,0,372,0,0,0.047297,671,0,0,0.037344
Run 2,Adrian Vale,42,solo,0,0,540,0,0,0.05,705,0,0,0.040909
Run 2,Adrian Vale,42,solo,0,0,401,0,0,0.053191,622,0,0,0.054726
Run 2,Adrian Vale,42,solo,0,0,531,0,1,0.806122,637,1,0,1.0
Run 2,Adrian Vale,42,solo,0,0,422,0,0,0.03871,623,0,0,0.022831
Run 2,Adrian Vale,42,solo,0,0,319,0,0,0.058252,591,0,0,0.036199
Run 2,Adrian Vale,42,solo,0,0,465,0,0,0.079365,672,0,0,0.062827
Run 2,Adrian Vale,42,joint,1,0,11,1,0,0.0,0,0,0,0.0
Run 2,Adrian Vale,42,solo,0,0,393,1,0,1.0,637,1,0,1.0
Run 2,Adrian Vale,42,solo,0,0,393,1,0,1.0,637,1,0,1.0
Run 2,Adrian Vale,42,solo,0,0,321,0,0,0.041667,588,0,0,0.04902
Run 2,Adrian Vale,42,solo,0,0,418,0,0,0.076923,583,0,0,0.050926
Run 2,Adrian Vale,42,solo,0,0,359,0,0,0.156863,577,0,0,0.041509
Run 2,Adrian Vale,43,solo,0,0,393,1,0,1.0,590,0,0,0.707692
Run 2,Adrian Vale,43,solo,0,0,303,0,0,0.070796,613,0,0,0.037037
Run 2,Adrian Vale,43,solo,0,0,360,0,0,0.07767,678,0,0,0.05314
Run 2,Adrian Vale,43,solo,0,0,369,0,0,0.069307,612,0,0,0.022321
Run 2,Adrian Vale,43,joint,1,0,11,1,0,0.0,0,0,0,0.0
Run 2,Adrian Vale,43,solo,0,0,393,1,0,1.0,590,1,0,1.0
Run 2,Adrian Vale,43,solo,0,0,393,1,0,1.0,668,0,1,0.877049
Run 2,Adrian Vale,43,solo,0,0,321,0,0,0.185714,778,0,0,0.029167
Run 2,Adrian Vale,43,solo,0,0,325,0,0,0.078652,794,0,0,0.04329
Run 2,Adrian Vale,43,solo,0,0,342,0,0,0.051282,709,0,0,0.058559
Run 2,Adrian Vale,43,solo,0,0,393,1,0,1.0,590,1,0,1.0
Run 2,Adrian Vale,43,solo,0,0,408,0,0,0.033058,596,0,0,0.051163
Run 2,Adrian Vale,43,solo,0,0,384,0,0,0.052174,642,0,0,0.066038
Run 2,Adrian Vale,43,solo,0,0,403,0,0,0.065421,660,0,0,0.037736
Run 2,Adrian Vale,43,solo,0,0,368,0,0,0.436782,590,1,0,1.0
Run 2,Adrian Vale,43,solo,0,0,376,0,0,0.069767,717,0,0,0.055046
Run 2,Adrian Vale,43,solo,0,0,496,0,0,0.081967,740,0,0,0.03271
Run 2,Adrian Vale,43,solo,0,0,379,0,0,0.146789,763,0,0,0.04329
Run 2,Adrian Vale,44,solo,0,0,474,0,0,0.523256,782,0,0,0.021186
Run 2,Adrian Vale,44,solo,0,0,479,0,0,0.06383,560,0,0,0.019704
Run 2,Adrian Vale,44,solo,0,0,453,0,0,0.058333,584,0,0,0.049505
Run 2,Adrian Vale,44,solo,0,0,297,0,0,0.115789,778,0,0,0.024
Run 2,Adrian Vale,44,joint,1,0,11,1,0,0.0,0,0,0,0.0
Run 2,Adrian Vale,44,solo,0,0,619,0,0,0.224,684,0,0,0.661871
Run 2,Adrian Vale,44,solo,0,0,393,1,0,1.0,684,1,0,1.0
Run 2,Adrian Vale,44,solo,0,0,362,0,0,0.070312,635,0,0,0.04878
Run 2,Adrian Vale,44,solo,0,0,428,0,0,0.066667,564,0,0,0.07109
Run 2,Adrian Vale,44,solo,0,0,268,0,0,0.25,613,0,0,0.052133
Run 2,Adrian Vale,44,joint,1,0,11,1,0,0.0,0,0,0,0.0
Run 2,Adrian Vale,44,solo,0,0,521,0,1,0.829787,684,1,0,1.0
Run 2,Adrian Vale,44,solo,0,0,422,0,0,0.0125,920,0,0,0.022472
Run 2,Adrian Vale,44,solo,0,0,301,0,0,0.029126,530,0,0,0.029586
Run 2,Adrian Vale,44,solo,0,0,425,0,0,0.036364,736,0,0,0.035573
Run 2,Adrian Vale,44,solo,0,0,376,0,0,0.038095,655,0,0,0.049327
Run 2,Adrian Vale,45,solo,0,0,393,1,0,1.0,639,0,0,0.541935
Run 2,Adrian Vale,45,solo,0,0,357,0,0,0.045455,626,0,0,0.030928
Run 2,Adrian Vale,45,solo,0,0,363,0,0,0.086538,564,0,0,0.044776
Run 2,Adrian Vale,45,solo,0,0,323,0,0,0.074766,820,0,0,0.068085
Run 2,Adrian Vale,45,joint,1,0,11,1,0,0.0,0,0,0,0.0
Run 2,Adrian Vale,45,solo,0,0,332,0,0,0.017544,679,0,0,0.027451
Run 2,Adrian Vale,45,solo,0,0,316,0,0,0.661972,526,0,0,0.691057
Run 2,Adrian Vale,45,solo,0,0,368,0,0,0.008696,554,0,0,0.019802
Run 2,Adrian Vale,45,solo,0,0,365,0,0,0.081967,781,0,0,0.042194
Run 2,Adrian Vale,45,solo,0,0,311,0,0,0.114583,612,0,0,0.063158
Run 2,Adrian Vale,45,solo,0,0,365,0,0,0.443038,694,0,0,0.695312
Run 2,Adrian Vale,45,solo,0,0,478,0,0,0.058824,746,0,0,0.052
Run 2,Adrian Vale,45,solo,0,0,382,0,0,0.060606,664,0,0,0.055556
Run 2,Adrian Vale,45,solo,0,0,322,0,0,0.104839,563,0,0,0.072539
Run 2,Adrian Vale,45,solo,1,0,365,1,0,1.0,11,1,0,0.0
Run 2,Adrian Vale,45,solo,0,0,355,0,0,0.123457,711,0,0,0.023697
Run 2,Adrian Vale,45,solo,0,0,370,0,0,0.057143,571,0,0,0.069519
Run 2,Adrian Vale,45,solo,0,0,331,0,0,0.028846,630,0,0,0.026042
Run 2,Adrian Vale,46,solo,0,0,365,1,0,1.0,634,0,0,0.725
Run 2,Adrian Vale,46,solo,0,0,367,0,0,0.080808,665,0,0,0.065789
Run 2,Adrian Vale,46,solo,0,0,507,0,0,0.062016,568,0,0,0.062827
Run 2,Adrian Vale,46,solo,0,0,367,0,0,0.072581,467,0,0,0.067416
Run 2,Adrian Vale,46,joint,1,0,11,1,0,0.0,0,0,0,0.0
Run 2,Adrian Vale,46,solo,0,0,312,0,0,0.280899,573,0,0,0.267045
Run 2,Adrian Vale,46,solo,0,0,463,0,0,0.797468,634,1,0,1.0
Run 2,Adrian Vale,46,solo,0,0,464,0,0,0.08,740,0,0,0.03125
Run 2,Adrian Vale,46,solo,0,0,428,0,0,0.031496,597,0,0,0.028986
Run 2,Adrian Vale,46,solo,0,0,314,0,0,0.010204,616,0,0,0.022936
Run 2,Adrian Vale,46,joint,1,0,11,1,0,0.0,0,0,0,0.0
Run 2,Adrian Vale,46,solo,0,0,365,1,0,1.0,634,1,0,1.0
Run 2,Adrian Vale,46,solo,0,0,325,0,0,0.141509,793,0,0,0.797203
Run 2,Adrian Vale,46,solo,0,0,335,0,0,0.0,526,0,0,0.046729
Run 2,Adrian Vale,46,solo,0,0,491,0,0,0.062016,676,0,0,0.081545
Run 2,Adrian Vale,46,solo,0,0,409,0,0,0.05303,612,0,0,0.016878
Run 2,Adrian Vale,47,solo,0,0,365,1,0,1.0,605,0,0,0.694656
Run 2,Adrian Vale,47,solo,0,0,393,0,0,0.085714,589,0,0,0.046154
Run 2,Adrian Vale,47,solo,0,0,400,0,0,0.123711,587,0,0,0.069652
Run 2,Adrian Vale,47,solo,0,0,336,0,0,0.15625,609,0,0,0.03
Run 2,Adrian Vale,47,joint,1,0,11,1,0,0.0,0,0,0,0.0
Run 2,Adrian Vale,47,solo,0,0,525,0,0,0.142857,631,0,0,0.16763
Run 2,Adrian Vale,47,solo,0,0,498,0,1,0.831325,605,1,0,1.0
Run 2,Adrian Vale,47,solo,0,0,368,0,0,0.017857,567,0,0,0.037838
Run 2,Adrian Vale,47,solo,0,0,477,0,0,0.06015,677,0,0,0.0131
Run 2,Adrian Vale,47,solo,0,0,426,0,0,0.013605,791,0,0,0.037657
Run 2,Adrian Vale,47,solo,0,0,498,1,0,1.0,605,1,0,1.0
Run 2,Adrian Vale,47,solo,0,0,384,0,0,0.015038,742,0,0,0.046083
Run 2,Adrian Vale,47,solo,0,0,376,0,0,0.084112,488,0,0,0.074468
Run 2,Adrian Vale,47,solo,0,0,290,0,0,0.018182,586,0,0,0.026596
Run 2,Adrian Vale,47,solo,1,0,11,1,0,0.0,11,1,0,0.0
Run 2,Adrian Vale,47,solo,0,0,382,0,0,0.048276,458,0,0,0.041667
Run 2,Adrian Vale,47,solo,0,0,373,0,0,0.076923,715,0,0,0.069444
Run 2,Adrian Vale,47,solo,0,0,445,0,0,0.096154,613,0,0,0.065
Run 2,Adrian Vale,48,joint,1,0,11,1,0,0.0,0,0,0,0.0
Run 2,Adrian Vale,48,solo,0,0,413,0,0,0.223404,597,0,0,0.768595
Run 2,Adrian Vale,48,solo,0,0,368,1,0,1.0,604,0,0,0.054455
Run 2,Adrian Vale,48,solo,0,0,416,0,0,0.073394,550,0,0,0.03653
Run 2,Adrian Vale,48,solo,0,0,468,0,0,0.099174,611,0,0,0.061135
Run 2,Adrian Vale,48,solo,0,0,538,0,0,0.067568,676,0,0,0.028436
Run 2,Adrian Vale,48,solo,0,0,861,0,0,0.233533,694,0,0,0.068493
Run 2,Adrian Vale,48,solo,0,0,269,0,0,0.050505,654,0,0,0.019802
Run 2,Adrian Vale,48,solo,0,0,546,0,0,0.037594,736,0,0,0.049107
Run 2,Adrian Vale,48,solo,0,0,373,0,0,0.084906,679,0,0,0.04329
Run 2,Adrian Vale,48,joint,1,0,11,1,0,0.0,0,0,0,0.0
Run 2,Adrian Vale,48,solo,0,0,462,0,0,0.223464,597,1,0,1.0
Run 2,Adrian Vale,48,solo,0,0,475,0,0,0.623656,597,1,0,1.0
Run 2,Adrian Vale,48,solo,0,0,313,0,0,0.027273,552,0,0,0.010204
Run 2,Adrian Vale,48,solo,0,0,381,0,0,0.11215,559,0,0,0.06701
Run 2,Adrian Vale,48,solo,0,0,307,0,0,0.191011,845,0,0,0.057471
Run 2,Adrian Vale,49,joint,1,0,11,1,0,0.0,0,0,0,0.0
Run 2,Adrian Vale,49,solo,0,0,469,0,1,0.879518,740,0,0,0.601351
Run 2,Adrian Vale,49,solo,0,0,462,1,0,1.0,713,0,1,0.911111
Run 2,Adrian Vale,49,solo,0,0,403,0,0,0.046729,628,0,0,0.051402
Run 2,Adrian Vale,49,solo,0,0,446,0,0,0.04918,694,0,0,0.064655
Run 2,Adrian Vale,49,solo,0,0,349,0,0,0.075472,574,0,0,0.063584
Run 2,Adrian Vale,49,solo,0,0,441,0,0,0.714286,740,1,0,1.0
Run 2,Adrian Vale,49,solo,0,0,530,0,0,0.066667,588,0,0,0.036842
Run 2,Adrian Vale,49,solo,0,0,323,0,0,0.090909,839,0,0,0.050781
Run 2,Adrian Vale,49,solo,0,0,440,0,0,0.05042,627,0,0,0.050228
Run 2,Adrian Vale,49,solo,0,0,434,0,1,0.864865,740,1,0,1.0
Run 2,Adrian Vale,49,solo,0,0,393,0,0,0.067797,734,0,0,0.043137
Run 2,Adrian Vale,49,solo,0,0,464,0,0,0.07563,641,0,0,0.046083
Run 2,Adrian Vale,49,solo,0,0,415,0,0,0.056075,552,0,0,0.03125
Run 2,Adrian Vale,49,solo,1,0,11,1,0,0.0,11,1,0,0.0
Run 2,Adrian Vale,49,solo,0,0,415,0,0,0.07438,499,0,0,0.048649
Run 2,Adrian Vale,49,solo,0,0,370,0,0,0.027778,781,0,0,0.012821
Run 2,Adrian Vale,49,solo,0,0,278,0,0,0.071429,606,0,0,0.028986
Run 2,Adrian Vale,50,solo,0,0,459,0,0,0.775,638,0,0,0.674242
Run 2,Adrian Vale,50,solo,0,0,327,0,0,0.086538,662,0,0,0.034783
Run 2,Adrian Vale,50,solo,0,0,404,0,0,0.089286,720,0,0,0.076923
Run 2,Adrian Vale,50,solo,0,0,399,0,0,0.144144,656,0,0,0.076503
Run 2,Adrian Vale,50,solo,0,0,410,0,1,0.916667,638,1,0,1.0
Run 2,Adrian Vale,50,solo,0,0,422,0,0,0.041667,743,0,0,0.057269
Run 2,Adrian Vale,50,solo,0,0,427,0,0,0.087719,624,0,0,0.056
Run 2,Adrian Vale,50,solo,0,0,265,0,0,0.069767,634,0,0,0.084577
Run 2,Adrian Vale,50,joint,1,0,11,1,0,0.0,0,0,0,0.0
Run 2,Adrian Vale,50,solo,0,0,506,0,0,0.012739,832,0,0,0.030534
Run 2,Adrian Vale,50,solo,0,0,404,0,0,0.688312,611,0,1,0.89916
Run 2,Adrian Vale,50,solo,0,0,427,0,0,0.042553,648,0,0,0.047414
Run 2,Adrian Vale,50,solo,0,0,511,0,0,0.047945,673,0,0,0.043689
Run 2,Adrian Vale,50,solo,0,0,313,0,0,0.048077,564,0,0,0.050761
Run 2,Adrian Vale,50,solo,1,0,11,1,0,0.0,11,1,0,0.0
Run 2,Adrian Vale,50,solo,0,0,503,0,0,0.089655,579,0,0,0.047619
Run 2,Adrian Vale,50,solo,0,0,333,0,0,0.027027,653,0,0,0.009662
Run 2,Adrian Vale,50,solo,0,0,219,0,0,0.12037,646,0,0,0.061905
Run 2,Adrian Vale,51,solo,0,0,437,0,0,0.232759,803,0,0,0.585366
Run 2,Adrian Vale,51,solo,0,0,479,0,0,0.02963,894,0,0,0.07197
Run 2,Adrian Vale,51,solo,0,0,295,0,0,0.070588,589,0,0,0.048889
Run 2,Adrian Vale,51,solo,0,0,368,0,0,0.05042,664,0,0,0.021277
Run 2,Adrian Vale,51,joint,1,0,11,1,0,0.0,0,0,0,0.0
Run 2,Adrian Vale,51,solo,0,0,410,1,0,1.0,803,1,0,1.0
Run 2,Adrian Vale,51,solo,0,0,410,1,0,1.0,803,1,0,1.0
Run 2,Adrian Vale,51,solo,0,0,274,0,0,0.15,750,0,0,0.022831
Run 2,Adrian Vale,51,solo,0,0,388,0,0,0.055046,646,0,0,0.024038
Run 2,Adrian Vale,51,solo,0,0,413,0,0,0.068966,583,0,0,0.047619
Run 2,Adrian Vale,51,solo,0,0,410,1,0,1.0,776,0,1,0.919463
Run 2,Adrian Vale,51,solo,0,0,443,0,0,0.052174,666,0,0,0.031674
Run 2,Adrian Vale,51,solo,0,0,408,0,0,0.084112,612,0,0,0.041152
Run 2,Adrian Vale,51,solo,0,0,306,0,0,0.177083,701,0,0,0.073593
Run 2,Adrian Vale,51,joint,1,0,11,1,0,0.0,0,0,0,0.0
Run 2,Adrian Vale,51,solo,1,0,404,1,0,1.0,11,1,0,0.0
Run 2,Adrian Vale,52,solo,0,0,361,0,0,0.487805,613,0,0,0.731092
Run 2,Adrian Vale,52,solo,0,0,385,0,0,0.051546,731,0,0,0.053398
Run 2,Adrian Vale,52,solo,0,0,516,0,0,0.031447,682,0,0,0.048544
Run 2,Adrian Vale,52,solo,0,0,349,0,0,0.079208,741,0,0,0.075893
Run 2,Adrian Vale,52,joint,1,0,11,1,0,0.0,0,0,0,0.0
Run 2,Adrian Vale,52,solo,0,0,400,0,1,0.867647,613,1,0,1.0
Run 2,Adrian Vale,52,solo,0,0,406,0,1,0.871429,613,1,0,1.0
Run 2,Adrian Vale,52,solo,0,0,388,0,0,0.024194,597,0,0,0.070175
Run 2,Adrian Vale,52,solo,0,0,482,0,0,0.062016,582,0,0,0.038095
Run 2,Adrian Vale,52,solo,0,0,412,0,0,0.126316,607,0,0,0.052133
Run 2,Adrian Vale,52,solo,0,0,406,1,0,1.0,613,1,0,1.0
Run 2,Adrian Vale,52,solo,0,0,387,0,0,0.040323,683,0,0,0.04721
Run 2,Adrian Vale,52,solo,0,0,477,0,0,0.030075,940,0,0,0.02439
Run 2,Adrian Vale,52,solo,0,0,394,0,0,0.085714,742,0,0,0.048889
Run 2,Adrian Vale,52,solo,0,0,406,1,0,1.0,613,1,0,1.0
Run 2,Adrian Vale,52,solo,0,0,476,0,0,0.059259,738,0,0,0.03937
Run 2,Adrian Vale,52,solo,0,0,429,0,0,0.072,669,0,0,0.073684
Run 2,Adrian Vale,52,solo,0,0,261,0,0,0.090909,755,0,0,0.038961
Run 2,Alaric Voss,1,solo,0,0,438,0,0,0.0,627,0,0,0.0
Run 2,Alaric Voss,1,solo,0,0,283,0,0,0.0,625,0,0,0.0
Run 2,Alaric Voss,1,solo,0,0,302,0,0,0.017544,557,0,0,0.0
Run 2,Alaric Voss,1,solo,0,0,473,0,0,0.007874,692,0,0,0.018519
Run 2,Alaric Voss,1,solo,0,0,324,0,0,0.75,608,0,0,0.036199
Run 2,Alaric Voss,1,solo,0,0,295,0,0,0.101124,704,0,0,0.017021
Run 2,Alaric Voss,1,solo,0,0,342,0,0,0.029703,571,0,0,0.014085
Run 2,Alaric Voss,1,solo,0,0,360,0,0,0.0,554,0,0,0.004608
Run 2,Alaric Voss,1,joint,0,0,454,0,0,0.0,506,0,0,0.0
Run 2,Alaric Voss,1,solo,0,0,435,0,0,0.006098,687,0,0,0.004082
Run 2,Alaric Voss,1,solo,0,0,438,1,0,1.0,606,0,1,0.892562
Run 2,Alaric Voss,1,solo,0,0,295,0,0,0.043956,741,0,0,0.027149
Run 2,Alaric Voss,1,solo,0,0,414,0,0,0.028571,589,0,0,0.020408
Run 2,Alaric Voss,1,solo,0,0,361,0,0,0.017857,554,0,0,0.010309
Run 2,Alaric Voss,1,joint,0,0,414,0,0,0.0,520,0,0,0.064706
Run 2,Alaric Voss,1,solo,0,0,413,0,0,0.061947,529,0,0,0.029126
Run 2,Alaric Voss,2,solo,0,0,639,0,0,0.571429,468,0,0,0.603448
Run 2,Alaric Voss,2,solo,0,0,391,0,0,0.032787,481,0,0,0.07
Run 2,Alaric Voss,2,solo,0,0,320,0,0,0.105263,737,0,0,0.077253
Run 2,Alaric Voss,2,solo,0,0,257,0,0,0.079208,605,0,0,0.025
Run 2,Alaric Voss,2,joint,0,0,374,0,0,0.008696,596,0,0,0.190184
Run 2,Alaric Voss,2,solo,0,0,413,1,0,1.0,530,0,1,0.921569
Run 2,Alaric Voss,2,solo,0,0,510,0,0,0.361702,468,1,0,1.0
Run 2,Alaric Voss,2,solo,0,0,333,0,0,0.089109,587,0,0,0.016484
Run 2,Alaric Voss,2,solo,0,0,400,0,0,0.075472,689,0,0,0.053812
Run 2,Alaric Voss,2,solo,0,0,423,0,0,0.03125,641,0,0,0.030612
Run 2,Alaric Voss,2,solo,0,0,351,0,0,0.478261,468,1,0,1.0
Run 2,Alaric Voss,2,solo,0,0,297,0,0,0.084112,610,0,0,0.02451
Run 2,Alaric Voss,2,solo,0,0,446,0,0,0.086207,660,0,0,0.039648
Run 2,Alaric Voss,2,solo,0,0,302,0,0,0.010204,617,0,0,0.029557
Run 2,Alaric Voss,2,joint,1,0,11,0,0,0.0,0,0,0,0.0
Run 2,Alaric Voss,2,solo,0,0,413,1,0,1.0,536,0,1,0.894231
Run 2,Alaric Voss,3,solo,0,0,411,0,1,0.864865,537,0,1,0.850467
Run 2,Alaric Voss,3,solo,0,0,390,0,0,0.068376,613,0,0,0.005435
Run 2,Alaric Voss,3,solo,0,0,277,0,0,0.159574,561,0,0,0.026042
Run 2,Alaric Voss,3,solo,0,0,275,0,0,0.189189,789,0,0,0.017467
Run 2,Alaric Voss,3,joint,1,0,11,1,0,0.0,0,0,0,0.0
Run 2,Alaric Voss,3,solo,0,0,357,0,0,0.724638,727,0,0,0.176471
Run 2,Alaric Voss,3,solo,0,0,381,0,0,0.477273,757,0,1,0.903448
Run 2,Alaric Voss,3,solo,0,0,324,0,0,0.041667,574,0,0,0.005263
Run 2,Alaric Voss,3,solo,0,0,291,0,0,0.0625,726,0,0,0.028226
Run 2,Alaric Voss,3,solo,0,0,369,0,0,0.058824,662,0,0,0.02381
Run 2,Alaric Voss,3,joint,1,0,11,1,0,0.0,0,0,0,0.0
Run 2,Alaric Voss,3,solo,0,0,383,0,1,0.848485,536,1,0,1.0
Run 2,Alaric Voss,3,solo,0,0,381,1,0,1.0,534,0,1,0.960396
Run 2,Alaric Voss,3,solo,0,0,324,0,0,0.044643,584,0,0,0.038095
Run 2,Alaric Voss,3,solo,0,0,373,0,0,0.07619,669,0,0,0.038647
Run 2,Alaric Voss,3,solo,0,0,316,0,0,0.070707,428,0,0,0.024242
Run 2,Alaric Voss,4,solo,0,0,381,1,0,1.0,517,0,0,0.721739
Run 2,Alaric Voss,4,solo,0,0,397,0,0,0.023077,591,0,0,0.023923
Run 2,Alaric Voss,4,solo,0,0,388,0,0,0.074766,528,0,0,0.031915
Run 2,Alaric Voss,4,solo,0,0,278,0,0,0.009615,672,0,0,0.019763
Run 2,Alaric Voss,4,joint,0,0,345,0,0,0.0,542,0,0,0.034483
Run 2,Alaric Voss,4,solo,0,0,384,0,1,0.876923,544,0,1,0.87037
Run 2,Alaric Voss,4,solo,0,0,394,0,0,0.103448,541,0,1,0.961905
Run 2,Alaric Voss,4,solo,0,0,338,0,0,0.018018,694,0,0,0.033195
Run 2,Alaric Voss,4,solo,0,0,384,0,0,0.017699,658,0,0,0.04186
Run 2,Alaric Voss,4,solo,0,0,445,0,0,0.04065,610,0,0,0.03
Run 2,Alaric Voss,4,solo,0,0,466,0,1,0.87013,565,0,0,0.713115
Run 2,Alaric Voss,4,solo,0,0,496,0,0,0.030075,589,0,0,0.010204
Run 2,Alaric Voss,4,solo,0,0,490,0,0,0.029197,549,0,0,0.02451
Run 2,Alaric Voss,4,solo,0,0,375,0,0,0.037383,575,0,0,0.035354
Run 2,Alaric Voss,4,joint,1,0,11,1,0,0.0,0,0,0,0.0
Run 2,Alaric Voss,4,solo,0,0,299,0,0,0.019417,583,0,0,0.689922
Run 2,Alaric Voss,5,joint,0,0,601,0,0,0.007143,679,0,0,0.0
Run 2,Alaric Voss,5,solo,0,0,452,0,1,0.876543,552,0,1,0.857143
Run 2,Alaric Voss,5,solo,0,0,452,1,0,1.0,569,0,1,0.868421
Run 2,Alaric Voss,5,solo,0,0,348,0,0,0.019048,518,0,0,0.015385
Run 2,Alaric Voss,5,solo,0,0,312,0,0,0.149425,550,0,0,0.045226
Run 2,Alaric Voss,5,solo,0,0,245,0,0,0.037975,677,0,0,0.017316
Run 2,Alaric Voss,5,solo,0,0,452,1,0,1.0,552,1,0,1.0
Run 2,Alaric Voss,5,solo,0,0,453,0,0,0.036765,674,0,0,0.043269
Run 2,Alaric Voss,5,solo,0,0,561,0,0,0.045455,753,0,0,0.026667
Run 2,Alaric Voss,5,solo,0,0,294,0,0,0.018692,552,0,0,0.020619
Run 2,Alaric Voss,5,joint,1,0,11,1,0,0.0,0,0,0,0.0
Run 2,Alaric Voss,5,solo,0,0,452,1,0,1.0,552,1,0,1.0
Run 2,Alaric Voss,5,solo,0,0,452,1,0,1.0,552,1,0,1.0
Run 2,Alaric Voss,5,solo,0,0,350,0,0,0.081633,625,0,0,0.034314
Run 2,Alaric Voss,5,solo,0,0,317,0,0,0.163043,604,0,0,0.056122
Run 2,Alaric Voss,5,solo,0,0,413,0,0,0.069565,584,0,0,0.035
Run 2,Alaric Voss,6,solo,0,0,452,1,0,1.0,563,0,1,0.801724
Run 2,Alaric Voss,6,solo,0,0,292,0,0,0.023256,644,0,0,0.022099
Run 2,Alaric Voss,6,solo,0,0,463,0,0,0.042254,552,0,0,0.032787
Run 2,Alaric Voss,6,solo,0,0,476,0,0,0.034014,729,0,0,0.037657
Run 2,Alaric Voss,6,joint,0,0,318,0,0,0.019231,574,0,0,0.069519
Run 2,Alaric Voss,6,solo,0,0,452,1,0,1.0,693,0,0,0.523179
Run 2,Alaric Voss,6,solo,0,0,452,1,0,1.0,563,1,0,1.0
Run 2,Alaric Voss,6,solo,0,0,415,0,0,0.026316,662,0,0,0.032407
Run 2,Alaric Voss,6,solo,0,0,359,0,0,0.03125,549,0,0,0.045685
Run 2,Alaric Voss,6,solo,0,0,334,0,0,0.162393,593,0,0,0.021053
Run 2,Alaric Voss,6,solo,0,0,452,1,0,1.0,637,0,1,0.803279
Run 2,Alaric Voss,6,solo,0,0,473,0,0,0.05303,635,0,0,0.033175
Run 2,Alaric Voss,6,solo,0,0,407,0,0,0.053435,614,0,0,0.030303
Run 2,Alaric Voss,6,solo,0,0,524,0,0,0.092715,672,0,0,0.063927
Run 2,Alaric Voss,6,joint,1,0,11,1,0,0.0,0,0,0,0.0
Run 2,Alaric Voss,6,solo,0,0,452,1,0,1.0,672,1,0,1.0
Run 2,Alaric Voss,7,solo,0,0,1037,0,0,0.477707,564,0,1,0.872727
Run 2,Alaric Voss,7,solo,0,0,342,0,0,0.01,672,0,0,0.0181
Run 2,Alaric Voss,7,solo,0,0,320,0,0,0.050505,613,0,0,0.030612
Run 2,Alaric Voss,7,solo,0,0,314,0,0,0.04386,520,0,0,0.02765
Run 2,Alaric Voss,7,joint,1,0,11,1,0,0.0,0,0,0,0.0
Run 2,Alaric Voss,7,solo,0,0,452,1,0,1.0,564,1,0,1.0
Run 2,Alaric Voss,7,solo,0,0,454,1,0,1.0,564,1,0,1.0
Run 2,Alaric Voss,7,solo,0,0,407,0,0,0.037975,658,0,0,0.036269
Run 2,Alaric Voss,7,solo,0,0,379,0,0,0.039062,547,0,0,0.052083
Run 2,Alaric Voss,7,solo,0,0,522,0,0,0.022059,542,0,0,0.027322
Run 2,Alaric Voss,7,solo,0,0,452,1,0,1.0,564,1,0,1.0
Run 2,Alaric Voss,7,solo,0,0,426,0,0,0.034722,651,0,0,0.029557
Run 2,Alaric Voss,7,solo,0,0,375,0,0,0.068966,571,0,0,0.021505
Run 2,Alaric Voss,7,solo,0,0,720,0,0,0.013575,671,0,0,0.037209
Run 2,Alaric Voss,7,joint,1,0,11,1,0,0.0,0,0,0,0.0
Run 2,Alaric Voss,7,solo,0,0,452,1,0,1.0,564,1,0,1.0
Run 2,Alaric Voss,8,solo,0,0,323,0,0,0.2,552,0,1,0.961538
Run 2,Alaric Voss,8,solo,0,0,455,0,0,0.038095,504,0,0,0.057292
Run 2,Alaric Voss,8,solo,0,0,310,0,0,0.16129,536,0,0,0.081967
Run 2,Alaric Voss,8,solo,0,0,363,0,0,0.051546,725,0,0,0.027273
Run 2,Alaric Voss,8,solo,0,0,376,0,0,0.666667,561,0,0,0.051282
Run 2,Alaric Voss,8,solo,0,0,436,0,0,0.038462,686,0,0,0.055085
Run 2,Alaric Voss,8,solo,0,0,305,0,0,0.085366,619,0,0,0.101124
Run 2,Alaric Voss,8,solo,0,0,453,0,0,0.006944,788,0,0,0.008811
Run 2,Alaric Voss,8,joint,1,0,11,1,0,0.0,0,0,0,0.0
Run 2,Alaric Voss,8,solo,0,0,412,0,1,0.8,552,1,0,1.0
Run 2,Alaric Voss,8,solo,0,0,412,1,0,1.0,552,1,0,1.0
Run 2,Alaric Voss,8,solo,0,0,478,0,0,0.030075,597,0,0,0.043956
Run 2,Alaric Voss,8,solo,0,0,309,0,0,0.051546,668,0,0,0.055556
Run 2,Alaric Voss,8,solo,0,0,364,0,0,0.068627,587,0,0,0.066667
Run 2,Alaric Voss,8,solo,0,0,376,1,0,1.0,561,1,0,1.0
Run 2,Alaric Voss,8,solo,0,0,420,0,0,0.007752,553,0,0,0.016304
Run 2,Alaric Voss,8,solo,0,0,432,0,0,0.028846,569,0,0,0.021622
Run 2,Alaric Voss,8,solo,0,0,282,0,0,0.045977,618,0,0,0.042056
Run 2,Alaric Voss,9,joint,1,0,11,1,0,0.0,0,0,0,0.0
Run 2,Alaric Voss,9,solo,0,0,450,0,0,0.723684,574,0,0,0.775
Run 2,Alaric Voss,9,solo,0,0,450,1,0,1.0,574,1,0,1.0
Run 2,Alaric Voss,9,solo,0,0,242,0,0,0.036697,594,0,0,0.026455
Run 2,Alaric Voss,9,solo,0,0,455,0,0,0.033333,551,0,0,0.025253
Run 2,Alaric Voss,9,solo,0,0,351,0,0,0.016129,691,0,0,0.024752
Run 2,Alaric Voss,9,solo,0,0,376,1,0,1.0,574,1,0,1.0
Run 2,Alaric Voss,9,solo,0,0,563,0,0,0.007353,551,0,0,0.032787
Run 2,Alaric Voss,9,solo,0,0,403,0,0,0.150943,599,0,0,0.04908
Run 2,Alaric Voss,9,solo,0,0,323,0,0,0.262626,532,0,0,0.028571
Run 2,Alaric Voss,9,solo,0,0,333,0,0,0.618421,561,0,0,0.743802
Run 2,Alaric Voss,9,solo,0,0,398,0,0,0.03125,511,0,0,0.029851
Run 2,Alaric Voss,9,solo,0,0,402,0,0,0.072581,468,0,0,0.043956
Run 2,Alaric Voss,9,solo,0,0,414,0,0,0.016807,569,0,0,0.035
Run 2,Alaric Voss,9,solo,0,0,333,1,0,1.0,574,1,0,1.0
Run 2,Alaric Voss,9,solo,0,0,347,0,0,0.06087,695,0,0,0.030435
Run 2,Alaric Voss,9,solo,0,0,458,0,0,0.052632,633,0,0,0.098958
Run 2,Alaric Voss,9,solo,0,0,462,0,0,0.039735,579,0,0,0.048128
Run 2,Alaric Voss,10,solo,0,0,376,1,0,1.0,549,0,1,0.872727
Run 2,Alaric Voss,10,solo,0,0,284,0,0,0.045977,667,0,0,0.053571
Run 2,Alaric Voss,10,solo,0,0,451,0,0,0.041958,643,0,0,0.048246
Run 2,Alaric Voss,10,solo,0,0,376,0,0,0.051852,572,0,0,0.079545
Run 2,Alaric Voss,10,joint,0,0,335,0,0,0.022556,631,0,0,0.0
Run 2,Alaric Voss,10,solo,0,0,414,0,0,0.477273,564,0,1,0.910891
Run 2,Alaric Voss,10,solo,0,0,333,1,0,1.0,572,1,0,1.0
Run 2,Alaric Voss,10,solo,0,0,385,0,0,0.05102,550,0,0,0.050847
Run 2,Alaric Voss,10,solo,0,0,303,0,0,0.042105,621,0,0,0.03352
Run 2,Alaric Voss,10,solo,0,0,499,0,0,0.02069,594,0,0,0.065657
Run 2,Alaric Voss,10,solo,0,0,489,0,0,0.647059,564,1,0,1.0
Run 2,Alaric Voss,10,solo,0,0,261,0,0,0.067416,604,0,0,0.096257
Run 2,Alaric Voss,10,solo,0,0,343,0,0,0.06087,552,0,0,0.112299
Run 2,Alaric Voss,10,solo,0,0,352,0,0,0.134615,493,0,0,0.06599
Run 2,Alaric Voss,10,solo,0,0,333,1,0,1.0,441,0,0,0.603774
Run 2,Alaric Voss,10,solo,0,0,310,0,0,0.047619,572,0,0,0.016129
Run 2,Alaric Voss,10,solo,0,0,345,0,0,0.152941,643,0,0,0.036364
Run 2,Alaric Voss,10,solo,0,0,362,0,0,0.067227,627,0,0,0.037383
Run 2,Alaric Voss,11,joint,0,0,536,0,0,0.007353,641,0,0,0.031414
Run 2,Alaric Voss,11,solo,0,0,417,0,0,0.422222,623,0,0,0.062176
Run 2,Alaric Voss,11,solo,0,0,344,0,0,0.569231,736,0,0,0.038462
Run 2,Alaric Voss,11,solo,0,0,423,0,0,0.026786,668,0,0,0.047368
Run 2,Alaric Voss,11,solo,0,0,376,0,0,0.150442,581,0,0,0.067708
Run 2,Alaric Voss,11,solo,0,0,278,0,0,0.0,567,0,0,0.019417
Run 2,Alaric Voss,11,solo,0,0,468,0,0,0.670213,512,0,0,0.441667
Run 2,Alaric Voss,11,solo,0,0,360,0,0,0.031496,576,0,0,0.04
Run 2,Alaric Voss,11,solo,0,0,396,0,0,0.114754,695,0,0,0.033493
Run 2,Alaric Voss,11,solo,0,0,308,0,0,0.033708,874,0,0,0.054393
Run 2,Alaric Voss,11,solo,0,0,344,1,0,1.0,853,0,0,0.091603
Run 2,Alaric Voss,11,solo,0,0,345,0,0,0.036697,609,0,0,0.038889
Run 2,Alaric Voss,11,solo,0,0,489,0,0,0.105691,582,0,0,0.054187
Run 2,Alaric Voss,11,solo,0,0,454,0,0,0.1,529,0,0,0.029557
Run 2,Alaric Voss,11,solo,1,0,11,0,0,0.0,11,0,0,0.0
Run 2,Alaric Voss,11,solo,0,0,442,0,0,0.056738,443,0,0,0.048128
Run 2,Alaric Voss,11,solo,0,0,371,0,0,0.087379,602,0,0,0.032407
Run 2,Alaric Voss,11,solo,0,0,418,0,0,0.02381,779,0,0,0.025641
Run 2,Alaric Voss,12,solo,0,0,351,0,0,0.6375,513,0,1,0.947368
Run 2,Alaric Voss,12,solo,0,0,488,0,0,0.081081,880,0,0,0.045455
Run 2,Alaric Voss,12,solo,0,0,337,0,0,0.117647,637,0,0,0.024155
Run 2,Alaric Voss,12,solo,0,0,357,0,0,0.061947,555,0,0,0.018018
Run 2,Alaric Voss,12,joint,1,0,11,1,0,0.0,0,0,0,0.0
Run 2,Alaric Voss,12,solo,0,0,423,0,0,0.211538,658,0,0,0.794872
Run 2,Alaric Voss,12,solo,0,0,1085,0,0,0.153846,719,0,0,0.328431
Run 2,Alaric Voss,12,solo,0,0,310,0,0,0.024194,483,0,0,0.041885
Run 2,Alaric Voss,12,solo,0,0,280,0,0,0.076087,656,0,0,0.034314
Run 2,Alaric Voss,12,solo,0,0,412,0,0,0.029412,524,0,0,0.008929
Run 2,Alaric Voss,12,joint,1,0,11,1,0,0.0,0,0,0,0.0
Run 2,Alaric Voss,12,solo,0,0,498,0,0,0.733333,777,0,0,0.794326
Run 2,Alaric Voss,12,solo,0,0,413,0,1,0.868421,777,1,0,1.0
Run 2,Alaric Voss,12,solo,0,0,557,0,0,0.05988,599,0,0,0.051887
Run 2,Alaric Voss,12,solo,0,0,573,0,0,0.063694,618,0,0,0.044118
Run 2,Alaric Voss,12,solo,0,0,383,0,0,0.008,614,0,0,0.025641
Run 2,Alaric Voss,13,solo,0,0,490,0,1,0.846154,599,0,0,0.637681
Run 2,Alaric Voss,13,solo,0,0,346,0,0,0.059322,636,0,0,0.061798
Run 2,Alaric Voss,13,solo,0,0,299,0,0,0.020408,691,0,0,0.022727
Run 2,Alaric Voss,13,solo,0,0,321,0,0,0.053571,660,0,0,0.028302
Run 2,Alaric Voss,13,joint,0,0,454,0,0,0.0,570,0,0,0.014851
Run 2,Alaric Voss,13,solo,0,0,488,0,1,0.952941,599,1,0,1.0
Run 2,Alaric Voss,13,solo,0,0,488,1,0,1.0,1012,0,0,0.516304
Run 2,Alaric Voss,13,solo,0,0,445,0,0,0.04321,592,0,0,0.04902
Run 2,Alaric Voss,13,solo,0,0,365,0,0,0.061856,566,0,0,0.085227
Run 2,Alaric Voss,13,solo,0,0,349,0,0,0.048077,573,0,0,0.040724
Run 2,Alaric Voss,13,joint,1,0,11,1,0,0.0,0,0,0,0.0
Run 2,Alaric Voss,13,solo,0,0,463,0,0,0.617021,560,0,0,0.048913
Run 2,Alaric Voss,13,solo,0,0,461,0,1,0.886364,688,0,0,0.049505
Run 2,Alaric Voss,13,solo,0,0,415,0,0,0.016,557,0,0,0.059783
Run 2,Alaric Voss,13,solo,0,0,452,0,0,0.02459,510,0,0,0.046243
Run 2,Alaric Voss,13,solo,0,0,275,0,0,0.025424,553,0,0,0.035533
Run 2,Alaric Voss,14,solo,0,0,456,0,0,0.021277,563,0,0,0.020101
Run 2,Alaric Voss,14,solo,0,0,264,0,0,0.075,557,0,0,0.082051
Run 2,Alaric Voss,14,solo,0,0,369,0,0,0.109091,635,0,0,0.031414
Run 2,Alaric Voss,14,solo,0,0,405,0,0,0.042683,634,0,0,0.052083
Run 2,Alaric Voss,14,solo,0,0,451,0,0,0.759036,500,0,0,0.073684
Run 2,Alaric Voss,14,solo,0,0,318,0,0,0.040323,567,0,0,0.061538
Run 2,Alaric Voss,14,solo,0,0,219,0,0,0.140845,558,0,0,0.053476
Run 2,Alaric Voss,14,solo,0,0,488,0,0,0.056338,711,0,0,0.047847
Run 2,Alaric Voss,14,joint,1,0,11,1,0,0.0,0,0,0,0.0
Run 2,Alaric Voss,14,solo,0,0,507,0,0,0.181159,684,0,0,0.615385
Run 2,Alaric Voss,14,solo,0,0,421,0,0,0.579439,684,1,0,1.0
Run 2,Alaric Voss,14,solo,0,0,378,0,0,0.028571,599,0,0,0.037838
Run 2,Alaric Voss,14,solo,0,0,434,0,0,0.055556,587,0,0,0.139394
Run 2,Alaric Voss,14,solo,0,0,398,0,0,0.068627,639,0,0,0.055556
Run 2,Alaric Voss,14,joint,1,0,11,1,0,0.0,0,0,0,0.0
Run 2,Alaric Voss,14,solo,0,0,309,0,0,0.388889,684,1,0,1.0
Run 2,Alaric Voss,15,solo,0,0,445,0,1,0.848101,648,0,0,0.638889
Run 2,Alaric Voss,15,solo,0,0,307,0,0,0.034188,623,0,0,0.040609
Run 2,Alaric Voss,15,solo,0,0,253,0,0,0.051546,582,0,0,0.070707
Run 2,Alaric Voss,15,solo,0,0,320,0,0,0.044118,598,0,0,0.026316
Run 2,Alaric Voss,15,solo,0,0,451,1,0,1.0,648,1,0,1.0
Run 2,Alaric Voss,15,solo,0,0,386,0,0,0.036364,588,0,0,0.041475
Run 2,Alaric Voss,15,solo,0,0,257,0,0,0.04878,638,0,0,0.050761
Run 2,Alaric Voss,15,solo,0,0,278,0,0,0.188119,614,0,0,0.021622
Run 2,Alaric Voss,15,joint,1,0,11,1,0,0.0,0,0,0,0.0
Run 2,Alaric Voss,15,solo,0,0,541,0,0,0.726316,648,1,0,1.0
Run 2,Alaric Voss,15,solo,0,0,451,1,0,1.0,648,1,0,1.0
Run 2,Alaric Voss,15,solo,0,0,338,0,0,0.066667,585,0,0,0.042553
Run 2,Alaric Voss,15,solo,0,0,396,0,0,0.053846,557,0,0,0.047368
Run 2,Alaric Voss,15,solo,0,0,498,0,0,0.051613,685,0,0,0.037383
Run 2,Alaric Voss,15,solo,0,0,469,0,0,0.181102,648,1,0,1.0
Run 2,Alaric Voss,15,solo,0,0,524,0,0,0.023438,514,0,0,0.03125
Run 2,Alaric Voss,15,solo,0,0,378,0,0,0.066667,441,0,0,0.032468
Run 2,Alaric Voss,15,solo,0,0,309,0,0,0.057554,624,0,0,0.053398
Run 2,Alaric Voss,16,solo,0,0,459,0,0,0.024793,465,0,0,0.017316
Run 2,Alaric Voss,16,solo,0,0,401,0,0,0.017094,492,0,0,0.033898
Run 2,Alaric Voss,16,solo,0,0,434,0,0,0.031847,577,0,0,0.019139
Run 2,Alaric Voss,16,solo,0,0,242,0,0,0.018519,729,0,0,0.03271
Run 2,Alaric Voss,16,joint,0,0,352,0,0,0.0,514,0,0,0.016949
Run 2,Alaric Voss,16,solo,0,0,282,0,1,0.87234,729,1,0,1.0
Run 2,Alaric Voss,16,solo,0,0,469,1,0,1.0,850,0,0,0.483696
Run 2,Alaric Voss,16,solo,0,0,297,0,0,0.032258,565,0,0,0.030612
Run 2,Alaric Voss,16,solo,0,0,389,0,0,0.090909,564,0,0,0.07362
Run 2,Alaric Voss,16,solo,0,0,380,0,0,0.078947,714,0,0,0.030837
Run 2,Alaric Voss,16,solo,0,0,469,1,0,1.0,850,1,0,1.0
Run 2,Alaric Voss,16,solo,0,0,345,0,0,0.068182,555,0,0,0.072626
Run 2,Alaric Voss,16,solo,0,0,381,0,0,0.07377,528,0,0,0.106742
Run 2,Alaric Voss,16,solo,0,0,347,0,0,0.068966,622,0,0,0.068966
Run 2,Alaric Voss,16,solo,1,0,469,1,0,1.0,11,1,0,0.0
Run 2,Alaric Voss,16,solo,0,0,404,0,0,0.016949,586,0,0,0.051813
Run 2,Alaric Voss,16,solo,0,0,318,0,0,0.060241,574,0,0,0.074286
Run 2,Alaric Voss,16,solo,0,0,411,0,0,0.084211,455,0,0,0.028409
Run 2,Alaric Voss,17,solo,0,0,469,1,0,1.0,678,0,0,0.557692
Run 2,Alaric Voss,17,solo,0,0,454,0,0,0.036765,582,0,0,0.05988
Run 2,Alaric Voss,17,solo,0,0,385,0,0,0.03937,536,0,0,0.042424
Run 2,Alaric Voss,17,solo,0,0,302,0,0,0.247619,627,0,0,0.040816
Run 2,Alaric Voss,17,joint,1,0,11,1,0,0.0,0,0,0,0.0
Run 2,Alaric Voss,17,solo,0,0,469,1,0,1.0,805,0,0,0.717105
Run 2,Alaric Voss,17,solo,0,0,469,1,0,1.0,791,0,1,0.869565
Run 2,Alaric Voss,17,solo,0,0,418,0,0,0.064516,585,0,0,0.015564
Run 2,Alaric Voss,17,solo,0,0,496,0,0,0.057143,598,0,0,0.038462
Run 2,Alaric Voss,17,solo,0,0,349,0,0,0.023256,621,0,0,0.029557
Run 2,Alaric Voss,17,solo,0,0,469,1,0,1.0,791,1,0,1.0
Run 2,Alaric Voss,17,solo,0,0,437,0,0,0.046053,699,0,0,0.035714
Run 2,Alaric Voss,17,solo,0,0,365,0,0,0.067416,634,0,0,0.051546
Run 2,Alaric Voss,17,solo,0,0,346,0,0,0.11828,550,0,0,0.050505
Run 2,Alaric Voss,17,solo,0,0,469,1,0,1.0,791,1,0,1.0
Run 2,Alaric Voss,17,solo,0,0,426,0,0,0.038462,738,0,0,0.040724
Run 2,Alaric Voss,17,solo,0,0,367,0,0,0.057143,540,0,0,0.030457
Run 2,Alaric Voss,17,solo,0,0,298,0,0,0.204545,543,0,0,0.048077
Run 2,Alaric Voss,18,joint,0,0,537,0,0,0.013423,675,0,0,0.013699
Run 2,Alaric Voss,18,solo,0,0,465,0,1,0.833333,733,0,0,0.579618
Run 2,Alaric Voss,18,solo,0,0,465,1,0,1.0,559,0,1,0.849558
Run 2,Alaric Voss,18,solo,0,0,356,0,0,0.019231,465,0,0,0.028037
Run 2,Alaric Voss,18,solo,0,0,434,0,0,0.046729,664,0,0,0.028302
Run 2,Alaric Voss,18,solo,0,0,375,0,0,0.198113,794,0,0,0.028926
Run 2,Alaric Voss,18,solo,0,0,387,0,1,0.857143,559,1,0,1.0
Run 2,Alaric Voss,18,solo,0,0,411,0,0,0.072917,551,0,0,0.050761
Run 2,Alaric Voss,18,solo,0,0,326,0,0,0.085714,604,0,0,0.117978
Run 2,Alaric Voss,18,solo,0,0,394,0,0,0.180851,629,0,0,0.065089
Run 2,Alaric Voss,18,solo,0,0,465,1,0,1.0,773,0,0,0.709459
Run 2,Alaric Voss,18,solo,0,0,275,0,0,0.101124,659,0,0,0.032407
Run 2,Alaric Voss,18,solo,0,0,393,0,0,0.057143,705,0,0,0.042453
Run 2,Alaric Voss,18,solo,0,0,341,0,0,0.080357,528,0,0,0.051724
Run 2,Alaric Voss,18,solo,1,0,465,1,0,1.0,11,1,0,0.0
Run 2,Alaric Voss,18,solo,0,0,495,0,0,0.066667,617,0,0,0.156757
Run 2,Alaric Voss,18,solo,0,0,358,0,0,0.119048,548,0,0,0.044335
Run 2,Alaric Voss,18,solo,0,0,304,0,0,0.05102,561,0,0,0.015385
Run 2,Alaric Voss,19,solo,0,0,465,1,0,1.0,710,0,0,0.576923
Run 2,Alaric Voss,19,solo,0,0,448,0,0,0.027397,624,0,0,0.054455
Run 2,Alaric Voss,19,solo,0,0,472,0,0,0.064,584,0,0,0.08589
Run 2,Alaric Voss,19,solo,0,0,386,0,0,0.064,736,0,0,0.030303
Run 2,Alaric Voss,19,solo,0,0,465,1,0,1.0,572,0,1,0.852174
Run 2,Alaric Voss,19,solo,0,0,398,0,0,0.128205,567,0,0,0.031746
Run 2,Alaric Voss,19,solo,0,0,382,0,0,0.101852,651,0,0,0.055276
Run 2,Alaric Voss,19,solo,0,0,374,0,0,0.025,686,0,0,0.03653
Run 2,Alaric Voss,19,joint,1,0,11,1,0,0.0,0,0,0,0.0
Run 2,Alaric Voss,19,solo,0,0,394,0,0,0.285714,584,0,1,0.895652
Run 2,Alaric Voss,19,solo,0,0,390,0,1,0.873239,585,0,1,0.826446
Run 2,Alaric Voss,19,solo,0,0,346,0,0,0.09322,915,0,0,0.055556
Run 2,Alaric Voss,19,solo,0,0,332,0,0,0.12766,771,0,0,0.036866
Run 2,Alaric Voss,19,solo,0,0,340,0,0,0.018868,782,0,0,0.014652
Run 2,Alaric Voss,19,solo,1,0,549,0,0,0.62,11,1,0,0.0
Run 2,Alaric Voss,19,solo,0,0,393,0,0,0.070423,512,0,0,0.032609
Run 2,Alaric Voss,19,solo,0,0,475,0,0,0.086538,627,0,0,0.074866
Run 2,Alaric Voss,19,solo,0,0,471,0,0,0.062992,578,0,0,0.04902
Run 2,Alaric Voss,20,solo,0,0,390,1,0,1.0,572,0,1,0.863248
Run 2,Alaric Voss,20,solo,0,0,391,0,0,0.079646,568,0,0,0.04712
Run 2,Alaric Voss,20,solo,0,0,411,0,0,0.140496,709,0,0,0.033816
Run 2,Alaric Voss,20,solo,0,0,296,0,0,0.09434,505,0,0,0.038835
Run 2,Alaric Voss,20,joint,1,0,11,1,0,0.0,0,0,0,0.0
Run 2,Alaric Voss,20,solo,0,0,394,1,0,1.0,572,1,0,1.0
Run 2,Alaric Voss,20,solo,0,0,422,0,0,0.693878,572,1,0,1.0
Run 2,Alaric Voss,20,solo,0,0,462,0,0,0.027586,569,0,0,0.066298
Run 2,Alaric Voss,20,solo,0,0,375,0,0,0.05814,522,0,0,0.034091
Run 2,Alaric Voss,20,solo,0,0,686,0,0,0.045198,651,0,0,0.023585
Run 2,Alaric Voss,20,joint,1,0,11,1,0,0.0,0,0,0,0.0
Run 2,Alaric Voss,20,solo,0,0,475,0,1,0.80198,606,0,0,0.3
Run 2,Alaric Voss,20,solo,0,0,394,1,0,1.0,606,1,0,1.0
Run 2,Alaric Voss,20,solo,0,0,366,0,0,0.052174,606,0,0,0.036649
Run 2,Alaric Voss,20,solo,0,0,386,0,0,0.127273,569,0,0,0.040201
Run 2,Alaric Voss,20,solo,0,0,530,0,0,0.148438,799,0,0,0.047244
Run 2,Alaric Voss,21,solo,0,0,444,0,0,0.366013,731,0,0,0.035556
Run 2,Alaric Voss,21,solo,0,0,445,0,0,0.007519,566,0,0,0.034314
Run 2,Alaric Voss,21,solo,0,0,333,0,0,0.040984,577,0,0,0.046632
Run 2,Alaric Voss,21,solo,0,0,262,0,0,0.054945,465,0,0,0.041026
Run 2,Alaric Voss,21,joint,1,0,11,1,0,0.0,0,0,0,0.0
Run 2,Alaric Voss,21,solo,0,0,390,1,0,1.0,583,0,1,0.834783
Run 2,Alaric Voss,21,solo,0,0,394,1,0,1.0,583,1,0,1.0
Run 2,Alaric Voss,21,solo,0,0,386,0,0,0.042373,547,0,0,0.037736
Run 2,Alaric Voss,21,solo,0,0,476,0,0,0.053846,569,0,0,0.032432
Run 2,Alaric Voss,21,solo,0,0,399,0,0,0.054054,587,0,0,0.045977
Run 2,Alaric Voss,21,solo,0,0,549,1,0,1.0,661,0,1,0.903509
Run 2,Alaric Voss,21,solo,0,0,275,0,0,0.15625,772,0,0,0.040179
Run 2,Alaric Voss,21,solo,0,0,490,0,0,0.026549,576,0,0,0.080645
Run 2,Alaric Voss,21,solo,0,0,360,0,0,0.063063,578,0,0,0.033981
Run 2,Alaric Voss,21,solo,0,0,390,1,0,1.0,661,1,0,1.0
Run 2,Alaric Voss,21,solo,0,0,454,0,0,0.031847,820,0,0,0.044053
Run 2,Alaric Voss,21,solo,0,0,384,0,0,0.048276,574,0,0,0.025907
Run 2,Alaric Voss,21,solo,0,0,277,0,0,0.278481,578,0,0,0.053191
Run 2,Alaric Voss,22,solo,0,0,390,1,0,1.0,588,0,0,0.786325
Run 2,Alaric Voss,22,solo,0,0,393,0,0,0.041379,549,0,0,0.037634
Run 2,Alaric Voss,22,solo,0,0,646,0,0,0.023256,572,0,0,0.020833
Run 2,Alaric Voss,22,solo,0,0,338,0,0,0.09434,673,0,0,0.044177
Run 2,Alaric Voss,22,joint,0,0,441,0,0,0.014184,557,0,0,0.0
Run 2,Alaric Voss,22,solo,0,0,390,1,0,1.0,673,1,0,1.0
Run 2,Alaric Voss,22,solo,0,0,390,1,0,1.0,673,1,0,1.0
Run 2,Alaric Voss,22,solo,0,0,292,0,0,0.117021,593,0,0,0.051813
Run 2,Alaric Voss,22,solo,0,0,409,0,0,0.016393,603,0,0,0.045226
Run 2,Alaric Voss,22,solo,0,0,363,0,0,0.053191,529,0,0,0.057143
Run 2,Alaric Voss,22,joint,1,0,11,1,0,0.0,0,0,0,0.0
Run 2,Alaric Voss,22,solo,0,0,390,1,0,1.0,673,1,0,1.0
Run 2,Alaric Voss,22,solo,0,0,355,0,1,0.810345,673,1,0,1.0
Run 2,Alaric Voss,22,solo,0,0,481,0,0,0.022222,813,0,0,0.028807
Run 2,Alaric Voss,22,solo,0,0,305,0,0,0.125,515,0,0,0.0625
Run 2,Alaric Voss,22,solo,0,0,334,0,0,0.072727,591,0,0,0.036269
Run 2,Alaric Voss,23,solo,0,0,390,1,0,1.0,700,0,0,0.271739
Run 2,Alaric Voss,23,solo,0,0,228,0,0,0.021978,515,0,0,0.049261
Run 2,Alaric Voss,23,solo,0,0,489,0,0,0.070866,661,0,0,0.068627
Run 2,Alaric Voss,23,solo,0,0,393,0,0,0.088,576,0,0,0.010417
Run 2,Alaric Voss,23,joint,1,0,11,1,0,0.0,0,0,0,0.0
Run 2,Alaric Voss,23,solo,0,0,372,0,0,0.365591,697,0,0,0.64
Run 2,Alaric Voss,23,solo,0,0,390,1,0,1.0,726,0,1,0.905797
Run 2,Alaric Voss,23,solo,0,0,496,0,0,0.071429,798,0,0,0.054622
Run 2,Alaric Voss,23,solo,0,0,447,0,0,0.040984,587,0,0,0.049451
Run 2,Alaric Voss,23,solo,0,0,414,0,0,0.072,586,0,0,0.072464
Run 2,Alaric Voss,23,joint,1,0,11,1,0,0.0,0,0,0,0.0
Run 2,Alaric Voss,23,solo,0,0,382,0,1,0.863636,502,0,0,0.065476
Run 2,Alaric Voss,23,solo,0,0,382,1,0,1.0,502,1,0,1.0
Run 2,Alaric Voss,23,solo,0,0,305,0,0,0.066667,637,0,0,0.038095
Run 2,Alaric Voss,23,solo,0,0,363,0,0,0.122222,505,0,0,0.057803
Run 2,Alaric Voss,23,solo,0,0,271,0,0,0.038095,579,0,0,0.042654
Run 2,Alaric Voss,24,solo,0,0,304,0,1,0.822581,714,0,0,0.590909
Run 2,Alaric Voss,24,solo,0,0,514,0,0,0.046358,622,0,0,0.039604
Run 2,Alaric Voss,24,solo,0,0,510,0,0,0.037037,658,0,0,0.046025
Run 2,Alaric Voss,24,solo,0,0,317,0,0,0.03125,754,0,0,0.069869
Run 2,Alaric Voss,24,joint,0,0,336,0,0,0.0,439,0,0,0.0375
Run 2,Alaric Voss,24,solo,0,0,382,1,0,1.0,614,0,0,0.564103
Run 2,Alaric Voss,24,solo,0,0,544,0,0,0.509615,622,0,1,0.915888
Run 2,Alaric Voss,24,solo,0,0,393,0,0,0.060345,652,0,0,0.042857
Run 2,Alaric Voss,24,solo,0,0,370,0,0,0.056075,629,0,0,0.04918
Run 2,Alaric Voss,24,solo,0,0,363,0,0,0.08,576,0,0,0.050761
Run 2,Alaric Voss,24,solo,0,0,382,1,0,1.0,614,1,0,1.0
Run 2,Alaric Voss,24,solo,0,0,322,0,0,0.040404,513,0,0,0.037634
Run 2,Alaric Voss,24,solo,0,0,398,0,0,0.097345,552,0,0,0.056818
Run 2,Alaric Voss,24,solo,0,0,385,0,0,0.138211,547,0,0,0.037634
Run 2,Alaric Voss,24,solo,0,0,382,1,0,1.0,558,0,0,0.530973
Run 2,Alaric Voss,24,solo,0,0,330,0,0,0.033898,492,0,0,0.036649
Run 2,Alaric Voss,24,solo,0,0,328,0,0,0.060606,655,0,0,0.048077
Run 2,Alaric Voss,24,solo,0,0,443,0,0,0.068376,575,0,0,0.074866
Run 2,Alaric Voss,25,solo,0,0,382,1,0,1.0,554,0,0,0.776699
Run 2,Alaric Voss,25,solo,0,0,358,0,0,0.027778,756,0,0,0.024752
Run 2,Alaric Voss,25,solo,0,0,392,0,0,0.067227,526,0,0,0.030303
Run 2,Alaric Voss,25,solo,0,0,394,0,0,0.041885,571,0,0,0.020202
Run 2,Alaric Voss,25,solo,0,0,382,1,0,1.0,554,1,0,1.0
Run 2,Alaric Voss,25,solo,0,0,385,0,0,0.020134,575,0,0,0.076503
Run 2,Alaric Voss,25,solo,0,0,394,0,0,0.131579,651,0,0,0.057522
Run 2,Alaric Voss,25,solo,0,0,408,0,0,0.048387,827,0,0,0.036036
Run 2,Alaric Voss,25,joint,1,0,11,1,0,0.0,0,0,0,0.0
Run 2,Alaric Voss,25,solo,0,0,382,1,0,1.0,563,0,1,0.947368
Run 2,Alaric Voss,25,solo,0,0,382,1,0,1.0,563,1,0,1.0
Run 2,Alaric Voss,25,solo,0,0,344,0,0,0.11236,594,0,0,0.055838
Run 2,Alaric Voss,25,solo,0,0,426,0,0,0.09009,623,0,0,0.069892
Run 2,Alaric Voss,25,solo,0,0,357,0,0,0.092593,626,0,0,0.06701
Run 2,Alaric Voss,25,solo,1,0,382,1,0,1.0,11,1,0,0.0
Run 2,Alaric Voss,25,solo,0,0,338,0,0,0.083333,567,0,0,0.099526
Run 2,Alaric Voss,25,solo,0,0,565,0,0,0.034965,564,0,0,0.130682
Run 2,Alaric Voss,25,solo,0,0,430,0,0,0.192661,612,0,0,0.058824
Run 2,Alaric Voss,26,solo,0,0,382,1,0,1.0,633,0,0,0.701754
Run 2,Alaric Voss,26,solo,0,0,416,0,0,0.055556,640,0,0,0.066986
Run 2,Alaric Voss,26,solo,0,0,457,0,0,0.083333,580,0,0,0.078212
Run 2,Alaric Voss,26,solo,0,0,383,0,0,0.061538,652,0,0,0.044118
Run 2,Alaric Voss,26,joint,1,0,11,1,0,0.0,0,0,0,0.0
Run 2,Alaric Voss,26,solo,0,0,382,1,0,1.0,633,1,0,1.0
Run 2,Alaric Voss,26,solo,0,0,382,1,0,1.0,633,1,0,1.0
Run 2,Alaric Voss,26,solo,0,0,502,0,0,0.055556,582,0,0,0.034826
Run 2,Alaric Voss,26,solo,0,0,437,0,0,0.090909,611,0,0,0.031915
Run 2,Alaric Voss,26,solo,0,0,272,0,0,0.297297,630,0,0,0.052083
Run 2,Alaric Voss,26,joint,1,0,11,1,0,0.0,0,0,0,0.0
Run 2,Alaric Voss,26,solo,0,0,382,1,0,1.0,633,1,0,1.0
Run 2,Alaric Voss,26,solo,0,0,382,1,0,1.0,633,1,0,1.0
Run 2,Alaric Voss,26,solo,0,0,273,0,0,0.045045,642,0,0,0.039024
Run 2,Alaric Voss,26,solo,0,0,316,0,0,0.072165,616,0,0,0.041026
Run 2,Alaric Voss,26,solo,0,0,427,0,0,0.153153,645,0,0,0.028986
Run 2,Alaric Voss,27,solo,0,0,382,1,0,1.0,701,0,0,0.688525
Run 2,Alaric Voss,27,solo,0,0,400,0,0,0.037383,514,0,0,0.029412
Run 2,Alaric Voss,27,solo,0,0,335,0,0,0.063636,588,0,0,0.080214
Run 2,Alaric Voss,27,solo,0,0,404,0,0,0.044025,555,0,0,0.045685
Run 2,Alaric Voss,27,solo,0,0,382,1,0,1.0,557,0,1,0.913462
Run 2,Alaric Voss,27,solo,0,0,262,0,0,0.080808,565,0,0,0.154321
Run 2,Alaric Voss,27,solo,0,0,357,0,0,0.057692,568,0,0,0.040201
Run 2,Alaric Voss,27,solo,0,0,319,0,0,0.111111,633,0,0,0.057692
Run 2,Alaric Voss,27,solo,0,0,382,1,0,1.0,701,1,0,1.0
Run 2,Alaric Voss,27,solo,0,0,477,0,0,0.090909,554,0,0,0.085106
Run 2,Alaric Voss,27,solo,0,0,443,0,0,0.085271,693,0,0,0.040359
Run 2,Alaric Voss,27,solo,0,0,368,0,0,0.049587,524,0,0,0.038674
Run 2,Alaric Voss,27,solo,0,0,382,1,0,1.0,701,1,0,1.0
Run 2,Alaric Voss,27,solo,0,0,347,0,0,0.05,585,0,0,0.106742
Run 2,Alaric Voss,27,solo,0,0,380,0,0,0.04386,621,0,0,0.051282
Run 2,Alaric Voss,27,solo,0,0,303,0,0,0.043103,912,0,0,0.060729
Run 2,Alaric Voss,27,solo,1,0,382,1,0,1.0,11,1,0,0.0
Run 2,Alaric Voss,27,solo,0,0,388,0,0,0.114035,702,0,0,0.03125
Run 2,Alaric Voss,27,solo,0,0,395,0,0,0.115044,616,0,0,0.039024
Run 2,Alaric Voss,27,solo,0,0,239,0,0,0.086957,535,0,0,0.039326
Run 2,Alaric Voss,28,joint,1,0,11,1,0,0.0,0,0,0,0.0
Run 2,Alaric Voss,28,solo,0,0,382,1,0,1.0,547,0,1,0.861111
Run 2,Alaric Voss,28,solo,0,0,382,1,0,1.0,547,1,0,1.0
Run 2,Alaric Voss,28,solo,0,0,255,0,0,0.088608,574,0,0,0.045455
Run 2,Alaric Voss,28,solo,0,0,334,0,0,0.125,571,0,0,0.030769
Run 2,Alaric Voss,28,solo,0,0,427,0,0,0.060606,720,0,0,0.057416
Run 2,Alaric Voss,28,solo,0,0,382,1,0,1.0,627,0,0,0.707965
Run 2,Alaric Voss,28,solo,0,0,378,0,0,0.071429,612,0,0,0.045714
Run 2,Alaric Voss,28,solo,0,0,485,0,0,0.095238,691,0,0,0.062802
Run 2,Alaric Voss,28,solo,0,0,351,0,0,0.264368,535,0,0,0.06044
Run 2,Alaric Voss,28,joint,1,0,11,1,0,0.0,0,0,0,0.0
Run 2,Alaric Voss,28,solo,0,0,370,0,0,0.5625,528,0,1,0.818182
Run 2,Alaric Voss,28,solo,0,0,382,1,0,1.0,535,1,0,1.0
Run 2,Alaric Voss,28,solo,0,0,321,0,0,0.121951,639,0,0,0.020408
Run 2,Alaric Voss,28,solo,0,0,401,0,0,0.059406,563,0,0,0.066667
Run 2,Alaric Voss,28,solo,0,0,372,0,0,0.255556,623,0,0,0.02765
Run 2,Alaric Voss,29,solo,0,0,382,1,0,1.0,576,0,1,0.89899
Run 2,Alaric Voss,29,solo,0,0,319,0,0,0.130952,690,0,0,0.074468
Run 2,Alaric Voss,29,solo,0,0,353,0,0,0.074766,579,0,0,0.038251
Run 2,Alaric Voss,29,solo,0,0,360,0,0,0.04902,620,0,0,0.042105
Run 2,Alaric Voss,29,solo,0,0,382,1,0,1.0,569,0,1,0.902913
Run 2,Alaric Voss,29,solo,0,0,327,0,0,0.052083,785,0,0,0.012987
Run 2,Alaric Voss,29,solo,0,0,571,0,0,0.0625,776,0,0,0.09417
Run 2,Alaric Voss,29,solo,0,0,403,0,0,0.064,605,0,0,0.023364
Run 2,Alaric Voss,29,joint,1,0,11,1,0,0.0,0,0,0,0.0
Run 2,Alaric Voss,29,solo,0,0,473,0,0,0.674419,576,1,0,1.0
Run 2,Alaric Voss,29,solo,0,0,400,0,0,0.797297,576,1,0,1.0
Run 2,Alaric Voss,29,solo,0,0,339,0,0,0.059829,513,0,0,0.016129
Run 2,Alaric Voss,29,solo,0,0,472,0,0,0.055172,556,0,0,0.055276
Run 2,Alaric Voss,29,solo,0,0,294,0,0,0.243902,607,0,0,0.049505
Run 2,Alaric Voss,29,joint,1,0,11,1,0,0.0,0,0,0,0.0
Run 2,Alaric Voss,29,solo,0,0,400,1,0,1.0,576,1,0,1.0
Run 2,Alaric Voss,30,solo,0,0,400,1,0,1.0,650,0,0,0.794643
Run 2,Alaric Voss,30,solo,0,0,394,0,0,0.053097,625,0,0,0.052083
Run 2,Alaric Voss,30,solo,0,0,422,0,0,0.082645,529,0,0,0.134969
Run 2,Alaric Voss,30,solo,0,0,280,0,0,0.114286,530,0,0,0.05641
Run 2,Alaric Voss,30,joint,1,0,11,1,0,0.0,0,0,0,0.0
Run 2,Alaric Voss,30,solo,0,0,400,1,0,1.0,650,1,0,1.0
Run 2,Alaric Voss,30,joint,0,0,364,0,0,0.0,500,0,0,0.012048
Run 2,Alaric Voss,30,solo,0,0,400,1,0,1.0,650,1,0,1.0
Run 2,Alaric Voss,30,solo,0,0,400,1,0,1.0,650,1,0,1.0
Run 2,Alaric Voss,30,solo,0,0,321,0,0,0.065934,594,0,0,0.037915
Run 2,Alaric Voss,30,solo,0,0,439,0,0,0.033898,536,0,0,0.046243
Run 2,Alaric Voss,30,solo,0,0,236,0,0,0.08046,642,0,0,0.029915
Run 2,Alaric Voss,30,solo,0,0,400,1,0,1.0,650,1,0,1.0
Run 2,Alaric Voss,30,solo,0,0,542,0,0,0.031746,599,0,0,0.078212
Run 2,Alaric Voss,30,solo,0,0,366,0,0,0.148148,570,0,0,0.081967
Run 2,Alaric Voss,30,solo,0,0,356,0,0,0.150943,723,0,0,0.045455
Run 2,Alaric Voss,31,solo,0,0,400,1,0,1.0,632,0,1,0.816514
Run 2,Alaric Voss,31,solo,0,0,373,0,0,0.161616,581,0,0,0.079602
Run 2,Alaric Voss,31,solo,0,0,440,0,0,0.086538,672,0,0,0.064356
Run 2,Alaric Voss,31,solo,0,0,327,0,0,0.087719,572,0,0,0.050761
Run 2,Alaric Voss,31,joint,1,0,11,1,0,0.0,0,0,0,0.0
Run 2,Alaric Voss,31,solo,0,0,400,1,0,1.0,632,1,0,1.0
Run 2,Alaric Voss,31,solo,0,0,400,1,0,1.0,632,1,0,1.0
Run 2,Alaric Voss,31,solo,0,0,345,0,0,0.026786,586,0,0,0.016304
Run 2,Alaric Voss,31,solo,0,0,340,0,0,0.132653,552,0,0,0.131429
Run 2,Alaric Voss,31,solo,0,0,421,0,0,0.045802,538,0,0,0.104294
Run 2,Alaric Voss,31,solo,0,0,400,1,0,1.0,656,0,0,0.022222
Run 2,Alaric Voss,31,solo,0,0,245,0,0,0.053763,516,0,0,0.015544
Run 2,Alaric Voss,31,solo,0,0,481,0,0,0.070312,653,0,0,0.034314
Run 2,Alaric Voss,31,solo,0,0,411,0,0,0.213592,624,0,0,0.061856
Run 2,Alaric Voss,31,solo,0,0,400,1,0,1.0,632,1,0,1.0
Run 2,Alaric Voss,31,solo,0,0,402,0,0,0.048544,614,0,0,0.067416
Run 2,Alaric Voss,31,solo,0,0,335,0,0,0.0625,618,0,0,0.037037
Run 2,Alaric Voss,31,solo,0,0,258,0,0,0.05,683,0,0,0.024155
Run 2,Alaric Voss,32,solo,0,0,400,1,0,1.0,600,0,0,0.772727
Run 2,Alaric Voss,32,solo,0,0,351,0,0,0.067961,594,0,0,0.086486
Run 2,Alaric Voss,32,solo,0,0,454,0,0,0.042254,493,0,0,0.076023
Run 2,Alaric Voss,32,solo,0,0,372,0,0,0.05042,438,0,0,0.045752
Run 2,Alaric Voss,32,solo,0,0,400,1,0,1.0,882,0,0,0.677419
Run 2,Alaric Voss,32,solo,0,0,465,0,0,0.065041,638,0,0,0.027907
Run 2,Alaric Voss,32,solo,0,0,533,0,0,0.055249,633,0,0,0.040609
Run 2,Alaric Voss,32,solo,0,0,320,0,0,0.159574,645,0,0,0.025126
Run 2,Alaric Voss,32,joint,1,0,11,1,0,0.0,0,0,0,0.0
Run 2,Alaric Voss,32,solo,0,0,616,0,0,0.00565,751,0,0,0.008929
Run 2,Alaric Voss,32,solo,0,0,400,1,0,1.0,882,1,0,1.0
Run 2,Alaric Voss,32,solo,0,0,428,0,0,0.069565,512,0,0,0.055249
Run 2,Alaric Voss,32,solo,0,0,417,0,0,0.067227,577,0,0,0.070652
Run 2,Alaric Voss,32,solo,0,0,290,0,0,0.302632,589,0,0,0.072165
Run 2,Alaric Voss,32,joint,1,0,11,1,0,0.0,0,0,0,0.0
Run 2,Alaric Voss,32,solo,0,0,400,1,0,1.0,882,1,0,1.0
Run 2,Alaric Voss,33,solo,0,0,400,1,0,1.0,538,0,1,0.967391
Run 2,Alaric Voss,33,solo,0,0,312,0,0,0.115789,760,0,0,0.037037
Run 2,Alaric Voss,33,solo,0,0,401,0,0,0.091667,703,0,0,0.055
Run 2,Alaric Voss,33,solo,0,0,309,0,0,0.022222,705,0,0,0.014286
Run 2,Alaric Voss,33,solo,0,0,400,1,0,1.0,738,0,0,0.0625
Run 2,Alaric Voss,33,solo,0,0,325,0,0,0.038095,491,0,0,0.071856
Run 2,Alaric Voss,33,solo,0,0,375,0,0,0.060345,658,0,0,0.048246
Run 2,Alaric Voss,33,solo,0,0,433,0,0,0.070312,622,0,0,0.03
Run 2,Alaric Voss,33,joint,1,0,11,1,0,0.0,0,0,0,0.0
Run 2,Alaric Voss,33,solo,0,0,400,1,0,1.0,538,1,0,1.0
Run 2,Alaric Voss,33,solo,0,0,400,1,0,1.0,677,0,0,0.784483
Run 2,Alaric Voss,33,solo,0,0,418,0,0,0.03252,652,0,0,0.046512
Run 2,Alaric Voss,33,solo,0,0,444,0,0,0.061224,580,0,0,0.029268
Run 2,Alaric Voss,33,solo,0,0,297,0,0,0.259259,535,0,0,0.039548
Run 2,Alaric Voss,33,solo,0,0,402,1,0,1.0,677,1,0,1.0
Run 2,Alaric Voss,33,solo,0,0,323,0,0,0.10084,609,0,0,0.04902
Run 2,Alaric Voss,33,solo,0,0,354,0,0,0.082474,707,0,0,0.054299
Run 2,Alaric Voss,33,solo,0,0,290,0,0,0.258824,609,0,0,0.094972
Run 2,Alaric Voss,34,solo,0,0,402,1,0,1.0,590,0,0,0.606667
Run 2,Alaric Voss,34,solo,0,0,435,0,0,0.033333,677,0,0,0.049774
Run 2,Alaric Voss,34,solo,0,0,348,0,0,0.061538,558,0,0,0.090395
Run 2,Alaric Voss,34,solo,0,0,355,0,0,0.098214,525,0,0,0.027624
Run 2,Alaric Voss,34,joint,1,0,11,1,0,0.0,0,0,0,0.0
Run 2,Alaric Voss,34,solo,0,0,400,1,0,1.0,584,0,1,0.9
Run 2,Alaric Voss,34,solo,0,0,400,1,0,1.0,584,1,0,1.0
Run 2,Alaric Voss,34,solo,0,0,550,0,0,0.015873,566,0,0,0.037433
Run 2,Alaric Voss,34,solo,0,0,506,0,0,0.091667,710,0,0,0.057416
Run 2,Alaric Voss,34,solo,0,0,395,0,0,0.147368,566,0,0,0.038835
Run 2,Alaric Voss,34,joint,1,0,11,1,0,0.0,0,0,0,0.0
Run 2,Alaric Voss,34,solo,0,0,383,0,0,0.233645,584,1,0,1.0
Run 2,Alaric Voss,34,solo,0,0,402,1,0,1.0,584,1,0,1.0
Run 2,Alaric Voss,34,solo,0,0,524,0,0,0.007937,784,0,0,0.046414
Run 2,Alaric Voss,34,solo,0,0,501,0,0,0.08209,557,0,0,0.054945
Run 2,Alaric Voss,34,solo,0,0,420,0,0,0.081967,494,0,0,0.027174
Run 2,Alaric Voss,35,solo,0,0,400,1,0,1.0,652,0,0,0.728814
Run 2,Alaric Voss,35,solo,0,0,414,0,0,0.12,605,0,0,0.019417
Run 2,Alaric Voss,35,solo,0,0,352,0,0,0.112069,662,0,0,0.081633
Run 2,Alaric Voss,35,solo,0,0,310,0,0,0.350649,615,0,0,0.058252
Run 2,Alaric Voss,35,solo,0,0,400,1,0,1.0,615,1,0,1.0
Run 2,Alaric Voss,35,solo,0,0,416,0,0,0.067227,605,0,0,0.089947
Run 2,Alaric Voss,35,solo,0,0,307,0,0,0.183908,587,0,0,0.058201
Run 2,Alaric Voss,35,solo,0,0,336,0,0,0.27381,589,0,0,0.046296
Run 2,Alaric Voss,35,joint,1,0,11,1,0,0.0,0,0,0,0.0
Run 2,Alaric Voss,35,solo,0,0,400,1,0,1.0,737,0,1,0.839695
Run 2,Alaric Voss,35,solo,0,0,400,1,0,1.0,737,1,0,1.0
Run 2,Alaric Voss,35,solo,0,0,368,0,0,0.153846,639,0,0,0.059701
Run 2,Alaric Voss,35,solo,0,0,366,0,0,0.065421,608,0,0,0.054455
Run 2,Alaric Voss,35,solo,0,0,380,0,0,0.018692,642,0,0,0.019512
Run 2,Alaric Voss,35,solo,0,0,400,1,0,1.0,658,0,0,0.678832
Run 2,Alaric Voss,35,solo,0,0,402,0,0,0.048,640,0,0,0.066327
Run 2,Alaric Voss,35,solo,0,0,337,0,0,0.070175,603,0,0,0.056818
Run 2,Alaric Voss,35,solo,0,0,373,0,0,0.055556,500,0,0,0.022346
Run 2,Alaric Voss,36,solo,0,0,400,1,0,1.0,573,0,0,0.619403
Run 2,Alaric Voss,36,solo,0,0,421,0,0,0.051852,713,0,0,0.06422
Run 2,Alaric Voss,36,solo,0,0,459,0,0,0.070796,660,0,0,0.030457
Run 2,Alaric Voss,36,solo,0,0,283,0,0,0.265823,646,0,0,0.036866
Run 2,Alaric Voss,36,joint,1,0,11,1,0,0.0,0,0,0,0.0
Run 2,Alaric Voss,36,solo,0,0,422,0,0,0.076336,652,0,0,0.017778
Run 2,Alaric Voss,36,solo,0,0,400,1,0,1.0,725,0,1,0.8
Run 2,Alaric Voss,36,solo,0,0,393,0,0,0.026316,623,0,0,0.026549
Run 2,Alaric Voss,36,solo,0,0,441,0,0,0.082707,631,0,0,0.060606
Run 2,Alaric Voss,36,solo,0,0,383,0,0,0.110092,619,0,0,0.03271
Run 2,Alaric Voss,36,solo,0,0,400,1,0,1.0,725,1,0,1.0
Run 2,Alaric Voss,36,solo,0,0,427,0,0,0.052174,505,0,0,0.1
Run 2,Alaric Voss,36,solo,0,0,463,0,0,0.054054,564,0,0,0.085227
Run 2,Alaric Voss,36,solo,0,0,356,0,0,0.125,596,0,0,0.039604
Run 2,Alaric Voss,36,solo,1,0,400,1,0,1.0,11,1,0,0.0
Run 2,Alaric Voss,36,solo,0,0,346,0,0,0.052083,669,0,0,0.043689
Run 2,Alaric Voss,36,solo,0,0,463,0,0,0.050725,614,0,0,0.062857
Run 2,Alaric Voss,36,solo,0,0,390,0,0,0.203883,644,0,0,0.033816
Run 2,Alaric Voss,37,solo,0,0,400,1,0,1.0,499,0,0,0.258741
Run 2,Alaric Voss,37,solo,0,0,387,0,0,0.019608,477,0,0,0.026738
Run 2,Alaric Voss,37,solo,0,0,399,0,0,0.069565,687,0,0,0.037037
Run 2,Alaric Voss,37,solo,0,0,399,0,0,0.04918,650,0,0,0.048309
Run 2,Alaric Voss,37,joint,1,0,11,1,0,0.0,0,0,0,0.0
Run 2,Alaric Voss,37,solo,0,0,400,1,0,1.0,518,0,0,0.695238
Run 2,Alaric Voss,37,joint,1,0,11,1,0,0.0,0,0,0,0.0
Run 2,Alaric Voss,37,solo,0,0,400,1,0,1.0,625,0,1,0.801802
Run 2,Alaric Voss,37,solo,0,0,400,1,0,1.0,628,0,1,0.834711
Run 2,Alaric Voss,37,solo,0,0,264,0,0,0.036765,658,0,0,0.016064
Run 2,Alaric Voss,37,solo,0,0,312,0,0,0.076336,720,0,0,0.047009
Run 2,Alaric Voss,37,solo,0,0,262,0,0,0.139785,607,0,0,0.035897
Run 2,Alaric Voss,37,joint,1,0,11,1,0,0.0,0,0,0,0.0
Run 2,Alaric Voss,37,solo,0,0,400,1,0,1.0,627,0,1,0.913793
Run 2,Alaric Voss,38,joint,0,0,525,0,0,0.0,742,0,0,0.004673
Run 2,Alaric Voss,38,solo,0,0,400,1,0,1.0,499,1,0,1.0
Run 2,Alaric Voss,38,solo,0,0,375,0,0,0.027778,608,0,0,0.018692
Run 2,Alaric Voss,38,solo,0,0,384,0,0,0.046875,657,0,0,0.019417
Run 2,Alaric Voss,38,solo,0,0,309,0,0,0.070866,567,0,0,0.028902
Run 2,Alaric Voss,38,solo,0,0,448,0,0,0.018405,726,0,0,0.017778
Run 2,Alaric Voss,38,joint,1,0,11,1,0,0.0,0,0,0,0.0
Run 2,Alaric Voss,38,solo,0,0,371,0,0,0.653846,499,1,0,1.0
Run 2,Alaric Voss,38,solo,0,0,400,1,0,1.0,499,1,0,1.0
Run 2,Alaric Voss,38,solo,0,0,342,0,0,0.056075,627,0,0,0.10989
Run 2,Alaric Voss,38,solo,0,0,374,0,0,0.125,545,0,0,0.062827
Run 2,Alaric Voss,38,solo,0,0,295,0,0,0.313253,553,0,0,0.030928
Run 2,Alaric Voss,38,joint,1,0,11,1,0,0.0,0,0,0,0.0
Run 2,Alaric Voss,38,solo,0,0,402,1,0,1.0,499,1,0,1.0
Run 2,Alaric Voss,39,solo,0,0,402,1,0,1.0,499,1,0,1.0
Run 2,Alaric Voss,39,solo,0,0,306,0,0,0.069565,603,0,0,0.04902
Run 2,Alaric Voss,39,solo,0,0,334,0,0,0.066038,451,0,0,0.090323
Run 2,Alaric Voss,39,solo,0,0,389,0,0,0.048951,520,0,0,0.046784
Run 2,Alaric Voss,39,solo,0,0,400,1,0,1.0,499,1,0,1.0
Run 2,Alaric Voss,39,solo,0,0,408,0,0,0.07767,629,0,0,0.069892
Run 2,Alaric Voss,39,solo,0,0,375,0,0,0.063636,636,0,0,0.047619
Run 2,Alaric Voss,39,solo,0,0,323,0,0,0.098901,808,0,0,0.04878
Run 2,Alaric Voss,39,joint,0,0,436,0,0,0.0,491,0,0,0.024272
Run 2,Alaric Voss,39,solo,0,0,400,1,0,1.0,499,1,0,1.0
Run 2,Alaric Voss,39,solo,0,0,400,1,0,1.0,499,1,0,1.0
Run 2,Alaric Voss,39,solo,0,0,482,0,0,0.019608,517,0,0,0.09396
Run 2,Alaric Voss,39,solo,0,0,400,0,0,0.111111,799,0,0,0.034783
Run 2,Alaric Voss,39,solo,0,0,389,0,0,0.05,631,0,0,0.048077
Run 2,Alaric Voss,39,joint,1,0,11,1,0,0.0,0,0,0,0.0
Run 2,Alaric Voss,39,solo,0,0,400,1,0,1.0,499,1,0,1.0
Run 2,Alaric Voss,40,joint,1,0,11,1,0,0.0,0,0,0,0.0
Run 2,Alaric Voss,40,solo,0,0,400,1,0,1.0,522,0,0,0.032967
Run 2,Alaric Voss,40,solo,0,0,400,1,0,1.0,642,0,0,0.711864
Run 2,Alaric Voss,40,solo,0,0,294,0,0,0.064516,550,0,0,0.043716
Run 2,Alaric Voss,40,solo,0,0,277,0,0,0.056911,608,0,0,0.033333
Run 2,Alaric Voss,40,solo,0,0,415,0,0,0.044248,525,0,0,0.065476
Run 2,Alaric Voss,40,solo,0,0,400,1,0,1.0,611,0,1,0.8
Run 2,Alaric Voss,40,solo,0,0,368,0,0,0.104762,641,0,0,0.050251
Run 2,Alaric Voss,40,solo,0,0,361,0,0,0.1,581,0,0,0.063158
Run 2,Alaric Voss,40,solo,0,0,403,0,0,0.013889,595,0,0,0.033175
Run 2,Alaric Voss,40,joint,1,0,11,1,0,0.0,0,0,0,0.0
Run 2,Alaric Voss,40,solo,0,0,400,1,0,1.0,611,1,0,1.0
Run 2,Alaric Voss,40,solo,0,0,400,1,0,1.0,611,1,0,1.0
Run 2,Alaric Voss,40,solo,0,0,268,0,0,0.102273,665,0,0,0.060606
Run 2,Alaric Voss,40,solo,0,0,525,0,0,0.088235,684,0,0,0.044843
Run 2,Alaric Voss,40,solo,0,0,383,0,0,0.082569,568,0,0,0.045226
Run 2,Alaric Voss,41,solo,0,0,402,0,1,0.943662,622,0,0,0.723214
Run 2,Alaric Voss,41,solo,0,0,276,0,0,0.047619,521,0,0,0.038217
Run 2,Alaric Voss,41,solo,0,0,455,0,0,0.111111,550,0,0,0.047619
Run 2,Alaric Voss,41,solo,0,0,356,0,0,0.029126,563,0,0,0.026178
Run 2,Alaric Voss,41,solo,0,0,400,1,0,1.0,623,0,1,0.893805
Run 2,Alaric Voss,41,solo,0,0,471,0,0,0.046512,554,0,0,0.051813
Run 2,Alaric Voss,41,solo,0,0,443,0,0,0.066116,637,0,0,0.038298
Run 2,Alaric Voss,41,solo,0,0,323,0,0,0.177083,579,0,0,0.040404
Run 2,Alaric Voss,41,joint,1,0,11,1,0,0.0,0,0,0,0.0
Run 2,Alaric Voss,41,solo,0,0,400,1,0,1.0,622,1,0,1.0
Run 2,Alaric Voss,41,solo,0,0,400,1,0,1.0,622,1,0,1.0
Run 2,Alaric Voss,41,solo,0,0,315,0,0,0.08,656,0,0,0.036036
Run 2,Alaric Voss,41,solo,0,0,363,0,0,0.069307,534,0,0,0.032864
Run 2,Alaric Voss,41,solo,0,0,461,0,0,0.05036,434,0,0,0.037736
Run 2,Alaric Voss,41,joint,1,0,11,1,0,0.0,0,0,0,0.0
Run 2,Alaric Voss,41,solo,0,0,400,1,0,1.0,436,0,1,0.936709
Run 2,Alaric Voss,42,solo,0,0,400,1,0,1.0,624,0,0,0.723214
Run 2,Alaric Voss,42,solo,0,0,285,0,0,0.009259,610,0,0,0.052083
Run 2,Alaric Voss,42,solo,0,0,437,0,0,0.08547,578,0,0,0.051546
Run 2,Alaric Voss,42,solo,0,0,294,0,0,0.047619,531,0,0,0.047619
Run 2,Alaric Voss,42,joint,1,0,11,1,0,0.0,0,0,0,0.0
Run 2,Alaric Voss,42,solo,0,0,400,1,0,1.0,624,1,0,1.0
Run 2,Alaric Voss,42,solo,0,0,403,0,1,0.864865,624,1,0,1.0
Run 2,Alaric Voss,42,solo,0,0,241,0,0,0.105882,621,0,0,0.065657
Run 2,Alaric Voss,42,solo,0,0,491,0,0,0.119266,564,0,0,0.027174
Run 2,Alaric Voss,42,solo,0,0,357,0,0,0.235849,551,0,0,0.05291
Run 2,Alaric Voss,42,solo,0,0,400,1,0,1.0,624,1,0,1.0
Run 2,Alaric Voss,42,solo,0,0,427,0,0,0.044643,594,0,0,0.092308
Run 2,Alaric Voss,42,solo,0,0,339,0,0,0.088496,610,0,0,0.035897
Run 2,Alaric Voss,42,solo,0,0,523,0,0,0.058394,700,0,0,0.038136
Run 2,Alaric Voss,42,joint,1,0,11,1,0,0.0,0,0,0,0.0
Run 2,Alaric Voss,42,solo,0,0,400,1,0,1.0,625,0,1,0.893805
Run 2,Alaric Voss,43,solo,0,0,400,1,0,1.0,604,0,0,0.762712
Run 2,Alaric Voss,43,solo,0,0,483,0,0,0.102362,730,0,0,0.042453
Run 2,Alaric Voss,43,solo,0,0,412,0,0,0.048544,576,0,0,0.014563
Run 2,Alaric Voss,43,solo,0,0,306,0,0,0.26506,625,0,0,0.061674
Run 2,Alaric Voss,43,joint,1,0,11,1,0,0.0,0,0,0,0.0
Run 2,Alaric Voss,43,solo,0,0,400,1,0,1.0,604,1,0,1.0
Run 2,Alaric Voss,43,solo,0,0,400,1,0,1.0,605,0,1,0.889908
Run 2,Alaric Voss,43,solo,0,0,291,0,0,0.069307,522,0,0,0.078534
Run 2,Alaric Voss,43,solo,0,0,344,0,0,0.051282,578,0,0,0.026596
Run 2,Alaric Voss,43,solo,0,0,428,0,0,0.022388,661,0,0,0.022831
Run 2,Alaric Voss,43,solo,0,0,400,1,0,1.0,604,1,0,1.0
Run 2,Alaric Voss,43,solo,0,0,417,0,0,0.052632,639,0,0,0.051887
Run 2,Alaric Voss,43,solo,0,0,459,0,0,0.057554,597,0,0,0.020725
Run 2,Alaric Voss,43,solo,0,0,423,0,0,0.083333,636,0,0,0.068627
Run 2,Alaric Voss,43,solo,1,0,400,1,0,1.0,11,1,0,0.0
Run 2,Alaric Voss,43,solo,0,0,410,0,0,0.046154,689,0,0,0.040541
Run 2,Alaric Voss,43,solo,0,0,367,0,0,0.029412,617,0,0,0.052356
Run 2,Alaric Voss,43,solo,0,0,456,0,0,0.058333,563,0,0,0.075676
Run 2,Alaric Voss,44,joint,0,0,473,0,0,0.013889,552,0,0,0.0
Run 2,Alaric Voss,44,solo,0,0,400,1,0,1.0,765,0,0,0.544872
Run 2,Alaric Voss,44,solo,0,0,400,1,0,1.0,765,1,0,1.0
Run 2,Alaric Voss,44,solo,0,0,453,0,0,0.059701,576,0,0,0.048649
Run 2,Alaric Voss,44,solo,0,0,494,0,0,0.076923,527,0,0,0.061111
Run 2,Alaric Voss,44,solo,0,0,303,0,0,0.081633,592,0,0,0.113636
Run 2,Alaric Voss,44,joint,1,0,11,1,0,0.0,0,0,0,0.0
Run 2,Alaric Voss,44,solo,0,0,400,1,0,1.0,765,1,0,1.0
Run 2,Alaric Voss,44,solo,0,0,400,1,0,1.0,765,1,0,1.0
Run 2,Alaric Voss,44,solo,0,0,401,0,0,0.046512,709,0,0,0.017699
Run 2,Alaric Voss,44,solo,0,0,459,0,0,0.04,679,0,0,0.040179
Run 2,Alaric Voss,44,solo,0,0,326,0,0,0.035088,484,0,0,0.067485
Run 2,Alaric Voss,44,solo,0,0,400,1,0,1.0,765,1,0,1.0
Run 2,Alaric Voss,44,solo,0,0,481,0,0,0.019868,635,0,0,0.013453
Run 2,Alaric Voss,44,solo,0,0,406,0,0,0.055556,565,0,0,0.033333
Run 2,Alaric Voss,44,solo,0,0,408,0,0,0.071429,620,0,0,0.012987
Run 2,Alaric Voss,45,solo,0,0,400,1,0,1.0,567,0,0,0.159341
Run 2,Alaric Voss,45,solo,0,0,319,0,0,0.01,528,0,0,0.010363
Run 2,Alaric Voss,45,solo,0,0,427,0,0,0.116279,590,0,0,0.099415
Run 2,Alaric Voss,45,solo,0,0,460,0,0,0.064516,620,0,0,0.036364
Run 2,Alaric Voss,45,solo,0,0,402,1,0,1.0,567,1,0,1.0
Run 2,Alaric Voss,45,solo,0,0,419,0,0,0.050847,649,0,0,0.013393
Run 2,Alaric Voss,45,solo,0,0,373,0,0,0.061947,542,0,0,0.0625
Run 2,Alaric Voss,45,solo,0,0,249,0,0,0.424242,636,0,0,0.052083
Run 2,Alaric Voss,45,solo,0,0,400,1,0,1.0,567,1,0,1.0
Run 2,Alaric Voss,45,solo,0,0,518,0,0,0.050725,667,0,0,0.072464
Run 2,Alaric Voss,45,solo,0,0,326,0,0,0.104762,533,0,0,0.095808
Run 2,Alaric Voss,45,solo,0,0,434,0,0,0.061947,567,0,0,0.055
Run 2,Alaric Voss,45,solo,0,0,400,1,0,1.0,567,1,0,1.0
Run 2,Alaric Voss,45,solo,0,0,465,0,0,0.056911,557,0,0,0.07027
Run 2,Alaric Voss,45,solo,0,0,416,0,0,0.019737,761,0,0,0.031963
Run 2,Alaric Voss,45,solo,0,0,297,0,0,0.034483,649,0,0,0.028436
Run 2,Alaric Voss,45,solo,1,0,11,1,0,0.0,11,1,0,0.0
Run 2,Alaric Voss,45,solo,0,0,435,0,0,0.017544,720,0,0,0.040359
Run 2,Alaric Voss,45,solo,0,0,411,0,0,0.082569,562,0,0,0.055556
Run 2,Alaric Voss,45,solo,0,0,466,0,0,0.054545,521,0,0,0.044776
Run 2,Alaric Voss,46,joint,1,0,11,1,0,0.0,0,0,0,0.0
Run 2,Alaric Voss,46,solo,0,0,400,1,0,1.0,567,0,0,0.704918
Run 2,Alaric Voss,46,solo,0,0,400,1,0,1.0,567,1,0,1.0
Run 2,Alaric Voss,46,solo,0,0,639,0,0,0.068571,772,0,0,0.044898
Run 2,Alaric Voss,46,solo,0,0,384,0,0,0.090909,565,0,0,0.059459
Run 2,Alaric Voss,46,solo,0,0,423,0,0,0.036496,522,0,0,0.016304
Run 2,Alaric Voss,46,solo,0,0,400,1,0,1.0,567,1,0,1.0
Run 2,Alaric Voss,46,solo,0,0,424,0,0,0.058065,504,0,0,0.047059
Run 2,Alaric Voss,46,solo,0,0,535,0,0,0.092199,548,0,0,0.039548
Run 2,Alaric Voss,46,solo,0,0,512,0,0,0.05298,564,0,0,0.086207
Run 2,Alaric Voss,46,joint,1,0,11,1,0,0.0,0,0,0,0.0
Run 2,Alaric Voss,46,solo,0,0,400,1,0,1.0,567,1,0,1.0
Run 2,Alaric Voss,46,solo,0,0,400,1,0,1.0,567,1,0,1.0
Run 2,Alaric Voss,46,solo,0,0,366,0,0,0.081301,580,0,0,0.065657
Run 2,Alaric Voss,46,solo,0,0,281,0,0,0.08547,566,0,0,0.044944
Run 2,Alaric Voss,46,solo,0,0,424,0,0,0.040268,539,0,0,0.074286
Run 2,Alaric Voss,47,solo,0,0,400,1,0,1.0,608,0,0,0.733871
Run 2,Alaric Voss,47,solo,0,0,399,0,0,0.030769,739,0,0,0.034483
Run 2,Alaric Voss,47,solo,0,0,421,0,0,0.095238,682,0,0,0.033816
Run 2,Alaric Voss,47,solo,0,0,438,0,0,0.093458,659,0,0,0.038674
Run 2,Alaric Voss,47,joint,1,0,11,1,0,0.0,0,0,0,0.0
Run 2,Alaric Voss,47,solo,0,0,400,1,0,1.0,608,1,0,1.0
Run 2,Alaric Voss,47,solo,0,0,400,1,0,1.0,608,1,0,1.0
Run 2,Alaric Voss,47,solo,0,0,443,0,0,0.067227,674,0,0,0.07772
Run 2,Alaric Voss,47,solo,0,0,530,0,0,0.031447,732,0,0,0.037559
Run 2,Alaric Voss,47,solo,0,0,294,0,0,0.078261,606,0,0,0.030612
Run 2,Alaric Voss,47,joint,1,0,11,1,0,0.0,0,0,0,0.0
Run 2,Alaric Voss,47,solo,0,0,400,1,0,1.0,608,1,0,1.0
Run 2,Alaric Voss,47,solo,0,0,402,1,0,1.0,608,1,0,1.0
Run 2,Alaric Voss,47,solo,0,0,320,0,0,0.1,576,0,0,0.072626
Run 2,Alaric Voss,47,solo,0,0,400,0,0,0.156522,577,0,0,0.051282
Run 2,Alaric Voss,47,solo,0,0,336,0,0,0.088889,632,0,0,0.058252
Run 2,Alaric Voss,48,solo,0,0,400,1,0,1.0,659,0,0,0.713178
Run 2,Alaric Voss,48,solo,0,0,277,0,0,0.117647,717,0,0,0.029851
Run 2,Alaric Voss,48,solo,0,0,549,0,0,0.094203,478,0,0,0.048485
Run 2,Alaric Voss,48,solo,0,0,450,0,0,0.023077,631,0,0,0.053659
Run 2,Alaric Voss,48,joint,1,0,11,1,0,0.0,0,0,0,0.0
Run 2,Alaric Voss,48,solo,0,0,402,1,0,1.0,659,1,0,1.0
Run 2,Alaric Voss,48,solo,0,0,400,1,0,1.0,659,1,0,1.0
Run 2,Alaric Voss,48,solo,0,0,418,0,0,0.084906,702,0,0,0.049107
Run 2,Alaric Voss,48,solo,0,0,387,0,0,0.043103,521,0,0,0.026738
Run 2,Alaric Voss,48,solo,0,0,521,0,0,0.073529,703,0,0,0.033333
Run 2,Alaric Voss,48,solo,0,0,400,1,0,1.0,659,1,0,1.0
Run 2,Alaric Voss,48,solo,0,0,437,0,0,0.04918,644,0,0,0.02765
Run 2,Alaric Voss,48,solo,0,0,378,0,0,0.08547,575,0,0,0.062176
Run 2,Alaric Voss,48,solo,0,0,390,0,0,0.023438,632,0,0,0.038835
Run 2,Alaric Voss,48,joint,1,0,11,1,0,0.0,0,0,0,0.0
Run 2,Alaric Voss,48,solo,0,0,400,1,0,1.0,659,1,0,1.0
Run 2,Alaric Voss,49,joint,1,0,11,1,0,0.0,0,0,0,0.0
Run 2,Alaric Voss,49,solo,0,0,400,1,0,1.0,519,0,1,0.87619
Run 2,Alaric Voss,49,solo,0,0,400,1,0,1.0,519,1,0,1.0
Run 2,Alaric Voss,49,solo,0,0,406,0,0,0.048,695,0,0,0.037559
Run 2,Alaric Voss,49,solo,0,0,388,0,0,0.074766,625,0,0,0.038462
Run 2,Alaric Voss,49,solo,0,0,407,0,0,0.051095,664,0,0,0.037383
Run 2,Alaric Voss,49,solo,0,0,575,0,0,0.619048,519,1,0,1.0
Run 2,Alaric Voss,49,solo,0,0,437,0,0,0.084615,570,0,0,0.053659
Run 2,Alaric Voss,49,solo,0,0,459,0,0,0.067164,665,0,0,0.036269
Run 2,Alaric Voss,49,solo,0,0,344,0,0,0.051852,796,0,0,0.017167
Run 2,Alaric Voss,49,solo,0,0,575,1,0,1.0,519,1,0,1.0
Run 2,Alaric Voss,49,solo,0,0,353,0,0,0.046875,541,0,0,0.038674
Run 2,Alaric Voss,49,solo,0,0,488,0,0,0.04065,611,0,0,0.023923
Run 2,Alaric Voss,49,solo,0,0,522,0,0,0.012821,778,0,0,0.048246
Run 2,Alaric Voss,49,joint,1,0,11,1,0,0.0,0,0,0,0.0
Run 2,Alaric Voss,49,solo,1,0,400,1,0,1.0,11,1,0,0.0
Run 2,Alaric Voss,50,solo,0,0,575,1,0,1.0,565,0,1,0.875
Run 2,Alaric Voss,50,solo,0,0,434,0,0,0.062016,677,0,0,0.026455
Run 2,Alaric Voss,50,solo,0,0,407,0,0,0.07377,600,0,0,0.042654
Run 2,Alaric Voss,50,solo,0,0,321,0,0,0.324324,699,0,0,0.009217
Run 2,Alaric Voss,50,solo,0,0,575,1,0,1.0,565,1,0,1.0
Run 2,Alaric Voss,50,solo,0,0,391,0,0,0.105263,490,0,0,0.067797
Run 2,Alaric Voss,50,solo,0,0,521,0,0,0.061538,637,0,0,0.023697
Run 2,Alaric Voss,50,solo,0,0,510,0,0,0.085106,631,0,0,0.038835
Run 2,Alaric Voss,50,joint,1,0,11,1,0,0.0,0,0,0,0.0
Run 2,Alaric Voss,50,solo,0,0,577,1,0,1.0,565,1,0,1.0
Run 2,Alaric Voss,50,solo,0,0,497,0,1,0.891089,565,1,0,1.0
Run 2,Alaric Voss,50,solo,0,0,320,0,0,0.11,593,0,0,0.057592
Run 2,Alaric Voss,50,solo,0,0,365,0,0,0.076271,574,0,0,0.085859
Run 2,Alaric Voss,50,solo,0,0,392,0,0,0.15625,635,0,0,0.009756
Run 2,Alaric Voss,50,joint,1,0,11,1,0,0.0,0,0,0,0.0
Run 2,Alaric Voss,50,solo,0,0,575,1,0,1.0,565,1,0,1.0
Run 2,Alaric Voss,51,solo,0,0,497,1,0,1.0,565,1,0,1.0
Run 2,Alaric Voss,51,solo,0,0,368,0,0,0.051282,552,0,0,0.033333
Run 2,Alaric Voss,51,solo,0,0,379,0,0,0.068966,631,0,0,0.03211
Run 2,Alaric Voss,51,solo,0,0,439,0,0,0.138462,663,0,0,0.077982
Run 2,Alaric Voss,51,solo,0,0,610,0,1,0.841121,565,1,0,1.0
Run 2,Alaric Voss,51,solo,0,0,355,0,0,0.051282,575,0,0,0.075676
Run 2,Alaric Voss,51,solo,0,0,368,0,0,0.036364,623,0,0,0.033175
Run 2,Alaric Voss,51,solo,0,0,259,0,0,0.037736,562,0,0,0.021368
Run 2,Alaric Voss,51,joint,1,0,11,1,0,0.0,0,0,0,0.0
Run 2,Alaric Voss,51,solo,0,0,497,1,0,1.0,620,0,0,0.040404
Run 2,Alaric Voss,51,solo,0,0,614,0,1,0.841121,620,1,0,1.0
Run 2,Alaric Voss,51,solo,0,0,230,0,0,0.094737,604,0,0,0.065217
Run 2,Alaric Voss,51,solo,0,0,569,0,0,0.042857,721,0,0,0.035398
Run 2,Alaric Voss,51,solo,0,0,299,0,0,0.391304,735,0,0,0.026718
Run 2,Alaric Voss,51,joint,1,0,11,1,0,0.0,0,0,0,0.0
Run 2,Alaric Voss,51,solo,0,0,630,0,1,0.831933,612,0,1,0.923077
Run 2,Alaric Voss,52,solo,0,0,497,1,0,1.0,555,0,1,0.888889
Run 2,Alaric Voss,52,solo,0,0,518,0,0,0.064706,736,0,0,0.039301
Run 2,Alaric Voss,52,solo,0,0,357,0,0,0.11,639,0,0,0.075377
Run 2,Alaric Voss,52,solo,0,0,328,0,0,0.234568,597,0,0,0.009091
Run 2,Alaric Voss,52,joint,1,0,11,1,0,0.0,0,0,0,0.0
Run 2,Alaric Voss,52,solo,0,0,360,0,0,0.0,502,0,0,0.015385
Run 2,Alaric Voss,52,solo,0,0,497,1,0,1.0,555,1,0,1.0
Run 2,Alaric Voss,52,solo,0,0,438,0,0,0.04717,606,0,0,0.041667
Run 2,Alaric Voss,52,solo,0,0,485,0,0,0.015625,572,0,0,0.043716
Run 2,Alaric Voss,52,solo,0,0,331,0,0,0.116505,706,0,0,0.035088
Run 2,Alaric Voss,52,solo,0,0,297,0,0,0.023077,539,0,0,0.009217
Run 2,Alaric Voss,52,solo,0,0,327,0,0,0.020833,490,0,0,0.086957
Run 2,Alaric Voss,52,solo,0,0,465,0,0,0.123967,493,0,0,0.018634
Run 2,Alaric Voss,52,solo,0,0,287,0,0,0.008929,709,0,0,0.027778
Run 2,Alaric Voss,52,solo,0,0,497,1,0,1.0,555,1,0,1.0
Run 2,Alaric Voss,52,solo,0,0,379,0,0,0.065693,670,0,0,0.020408
Run 2,Alaric Voss,52,solo,0,0,412,0,0,0.094017,618,0,0,0.037037
Run 2,Alaric Voss,52,solo,0,0,429,0,0,0.048,717,0,0,0.03271
Run 2,Alessandro Vieri,1,joint,0,0,338,0,0,0.0,624,0,0,0.0
Run 2,Alessandro Vieri,1,solo,0,0,272,0,0,0.0,537,0,0,0.0
Run 2,Alessandro Vieri,1,solo,0,0,452,0,0,0.106557,760,0,0,0.0
Run 2,Alessandro Vieri,1,solo,0,0,365,0,0,0.108696,473,0,0,0.0
Run 2,Alessandro Vieri,1,solo,0,0,327,0,0,0.12963,549,0,0,0.0
Run 2,Alessandro Vieri,1,solo,0,0,355,0,0,0.009091,616,0,0,0.016393
Run 2,Alessandro Vieri,1,joint,0,0,549,0,0,0.0,666,0,0,0.004444
Run 2,Alessandro Vieri,1,solo,0,0,461,0,0,0.464912,726,0,0,0.622047
Run 2,Alessandro Vieri,1,solo,0,0,425,0,0,0.758242,726,1,0,1.0
Run 2,Alessandro Vieri,1,solo,0,0,388,0,0,0.115385,623,0,0,0.046875
Run 2,Alessandro Vieri,1,solo,0,0,399,0,0,0.014493,730,0,0,0.008621
Run 2,Alessandro Vieri,1,solo,0,0,333,0,0,0.0,602,0,0,0.03125
Run 2,Alessandro Vieri,1,solo,0,0,409,0,0,0.006369,609,0,0,0.017316
Run 2,Alessandro Vieri,1,solo,0,0,403,0,0,0.006579,680,0,0,0.029557
Run 2,Alessandro Vieri,1,solo,0,0,335,0,0,0.0,725,0,0,0.008163
Run 2,Alessandro Vieri,1,solo,0,0,502,0,0,0.0,603,0,0,0.00565
Run 2,Alessandro Vieri,2,solo,0,0,370,0,0,0.247525,524,0,0,0.302632
Run 2,Alessandro Vieri,2,solo,0,0,406,0,0,0.076923,585,0,0,0.004425
Run 2,Alessandro Vieri,2,solo,0,0,506,0,0,0.006211,629,0,0,0.015464
Run 2,Alessandro Vieri,2,solo,0,0,296,0,0,0.007407,701,0,0,0.016043
Run 2,Alessandro Vieri,2,solo,0,0,462,0,0,0.7875,524,1,0,1.0
Run 2,Alessandro Vieri,2,solo,0,0,438,0,0,0.006135,709,0,0,0.050228
Run 2,Alessandro Vieri,2,solo,0,0,453,0,0,0.035714,676,0,0,0.004329
Run 2,Alessandro Vieri,2,solo,0,0,366,0,0,0.0,814,0,0,0.014388
Run 2,Alessandro Vieri,2,joint,1,0,11,0,0,0.0,0,0,0,0.0
Run 2,Alessandro Vieri,2,solo,0,0,485,0,1,0.897727,946,0,0,0.478788
Run 2,Alessandro Vieri,2,solo,0,0,462,1,0,1.0,778,0,0,0.642857
Run 2,Alessandro Vieri,2,solo,0,0,653,0,0,0.005525,575,0,0,0.004608
Run 2,Alessandro Vieri,2,solo,0,0,660,0,0,0.017442,582,0,0,0.015464
Run 2,Alessandro Vieri,2,solo,0,0,494,0,0,0.026667,693,0,0,0.069264
Run 2,Alessandro Vieri,2,joint,1,0,11,1,0,0.0,0,0,0,0.0
Run 2,Alessandro Vieri,2,solo,1,0,11,0,0,0.0,11,0,0,0.0
Run 2,Alessandro Vieri,3,solo,0,0,464,0,1,0.95,636,0,1,0.833333
Run 2,Alessandro Vieri,3,solo,0,0,518,0,0,0.051613,852,0,0,0.064885
Run 2,Alessandro Vieri,3,solo,0,0,645,0,0,0.005988,611,0,0,0.027027
Run 2,Alessandro Vieri,3,solo,0,0,275,0,0,0.023256,552,0,0,0.020725
Run 2,Alessandro Vieri,3,solo,0,0,410,0,0,0.242991,652,0,0,0.778689
Run 2,Alessandro Vieri,3,solo,0,0,376,0,0,0.023438,572,0,0,0.026201
Run 2,Alessandro Vieri,3,solo,0,0,367,0,0,0.129032,605,0,0,0.104762
Run 2,Alessandro Vieri,3,solo,0,0,804,0,0,0.008264,657,0,0,0.003984
Run 2,Alessandro Vieri,3,joint,1,0,11,1,0,0.0,0,0,0,0.0
Run 2,Alessandro Vieri,3,solo,0,0,457,0,0,0.505263,661,0,0,0.317647
Run 2,Alessandro Vieri,3,joint,1,0,11,1,0,0.0,0,0,0,0.0
Run 2,Alessandro Vieri,3,solo,0,0,455,0,1,0.95,666,0,1,0.84375
Run 2,Alessandro Vieri,3,solo,0,0,464,0,1,0.858824,666,1,0,1.0
Run 2,Alessandro Vieri,3,solo,0,0,290,0,0,0.0,651,0,0,0.009756
Run 2,Alessandro Vieri,3,solo,0,0,376,0,0,0.007937,635,0,0,0.035714
Run 2,Alessandro Vieri,3,solo,0,0,328,0,0,0.015625,648,0,0,0.029412
Run 2,Alessandro Vieri,4,solo,0,0,363,0,0,0.097345,792,0,0,0.064748
Run 2,Alessandro Vieri,4,solo,0,0,425,0,0,0.077519,771,0,0,0.02583
Run 2,Alessandro Vieri,4,solo,0,0,601,0,0,0.008511,610,0,0,0.016393
Run 2,Alessandro Vieri,4,solo,0,0,362,0,0,0.030303,656,0,0,0.034653
Run 2,Alessandro Vieri,4,solo,0,0,464,1,0,1.0,815,0,0,0.474576
Run 2,Alessandro Vieri,4,solo,0,0,573,0,0,0.032258,704,0,0,0.013825
Run 2,Alessandro Vieri,4,solo,0,0,422,0,0,0.030075,684,0,0,0.019139
Run 2,Alessandro Vieri,4,solo,0,0,500,0,0,0.046053,730,0,0,0.059041
Run 2,Alessandro Vieri,4,joint,1,0,11,1,0,0.0,0,0,0,0.0
Run 2,Alessandro Vieri,4,solo,0,0,517,0,0,0.528302,679,0,0,0.049808
Run 2,Alessandro Vieri,4,solo,0,0,562,0,0,0.552632,679,1,0,1.0
Run 2,Alessandro Vieri,4,solo,0,0,379,0,0,0.072,489,0,0,0.026882
Run 2,Alessandro Vieri,4,solo,0,0,791,0,0,0.010471,733,0,0,0.004237
Run 2,Alessandro Vieri,4,solo,0,0,311,0,0,0.022727,494,0,0,0.005464
Run 2,Alessandro Vieri,4,joint,1,0,11,1,0,0.0,0,0,0,0.0
Run 2,Alessandro Vieri,4,solo,1,0,518,0,1,0.846154,11,1,0,0.0
Run 2,Alessandro Vieri,5,joint,0,0,468,0,0,0.0,563,0,0,0.010309
Run 2,Alessandro Vieri,5,solo,0,0,366,0,0,0.467532,715,0,0,0.605634
Run 2,Alessandro Vieri,5,solo,0,0,373,0,1,0.8125,715,1,0,1.0
Run 2,Alessandro Vieri,5,solo,0,0,380,0,0,0.12,605,0,0,0.064777
Run 2,Alessandro Vieri,5,solo,0,0,410,0,0,0.039683,605,0,0,0.02924
Run 2,Alessandro Vieri,5,solo,0,0,561,0,0,0.012048,604,0,0,0.009615
Run 2,Alessandro Vieri,5,joint,1,0,11,1,0,0.0,0,0,0,0.0
Run 2,Alessandro Vieri,5,solo,0,0,516,0,1,0.953488,661,0,0,0.515924
Run 2,Alessandro Vieri,5,solo,0,0,525,0,1,0.868132,661,1,0,1.0
Run 2,Alessandro Vieri,5,solo,0,0,419,0,0,0.008475,571,0,0,0.015707
Run 2,Alessandro Vieri,5,solo,0,0,640,0,0,0.025381,904,0,0,0.033195
Run 2,Alessandro Vieri,5,solo,0,0,324,0,0,0.0625,514,0,0,0.021622
Run 2,Alessandro Vieri,5,solo,0,0,373,1,0,1.0,715,1,0,1.0
Run 2,Alessandro Vieri,5,solo,0,0,386,0,0,0.014184,534,0,0,0.005988
Run 2,Alessandro Vieri,5,solo,0,0,442,0,0,0.040936,801,0,0,0.018779
Run 2,Alessandro Vieri,5,solo,0,0,453,0,0,0.06135,705,0,0,0.046809
Run 2,Alessandro Vieri,6,solo,0,0,373,1,0,1.0,618,0,0,0.651515
Run 2,Alessandro Vieri,6,solo,0,0,480,0,0,0.084615,624,0,0,0.042194
Run 2,Alessandro Vieri,6,solo,0,0,466,0,0,0.066667,630,0,0,0.008889
Run 2,Alessandro Vieri,6,solo,0,0,276,0,0,0.045455,533,0,0,0.020921
Run 2,Alessandro Vieri,6,solo,0,0,373,1,0,1.0,618,1,0,1.0
Run 2,Alessandro Vieri,6,solo,0,0,434,0,0,0.019737,741,0,0,0.036082
Run 2,Alessandro Vieri,6,solo,0,0,401,0,0,0.021898,731,0,0,0.021739
Run 2,Alessandro Vieri,6,solo,0,0,218,0,0,0.029703,573,0,0,0.018957
Run 2,Alessandro Vieri,6,joint,1,0,11,1,0,0.0,0,0,0,0.0
Run 2,Alessandro Vieri,6,solo,0,0,364,0,1,0.932203,618,1,0,1.0
Run 2,Alessandro Vieri,6,solo,0,0,373,1,0,1.0,618,1,0,1.0
Run 2,Alessandro Vieri,6,solo,0,0,369,0,0,0.0,673,0,0,0.012766
Run 2,Alessandro Vieri,6,solo,0,0,550,0,0,0.026178,744,0,0,0.039604
Run 2,Alessandro Vieri,6,solo,0,0,323,0,0,0.03125,671,0,0,0.023697
Run 2,Alessandro Vieri,6,joint,1,0,11,1,0,0.0,0,0,0,0.0
Run 2,Alessandro Vieri,6,solo,1,0,11,1,0,0.0,11,1,0,0.0
Run 2,Alessandro Vieri,7,solo,0,0,335,0,0,0.656716,722,0,0,0.572368
Run 2,Alessandro Vieri,7,solo,0,0,375,0,0,0.068702,640,0,0,0.043137
Run 2,Alessandro Vieri,7,solo,0,0,457,0,0,0.014563,661,0,0,0.054726
Run 2,Alessandro Vieri,7,solo,0,0,466,0,0,0.010989,552,0,0,0.024631
Run 2,Alessandro Vieri,7,solo,0,0,557,0,0,0.529412,722,1,0,1.0
Run 2,Alessandro Vieri,7,solo,0,0,415,0,0,0.007407,518,0,0,0.023392
Run 2,Alessandro Vieri,7,solo,0,0,346,0,0,0.016667,601,0,0,0.017021
Run 2,Alessandro Vieri,7,solo,0,0,404,0,0,0.046875,714,0,0,0.0181
Run 2,Alessandro Vieri,7,joint,1,0,11,1,0,0.0,0,0,0,0.0
Run 2,Alessandro Vieri,7,solo,0,0,347,0,1,0.836066,722,1,0,1.0
Run 2,Alessandro Vieri,7,solo,0,0,356,0,1,0.84127,722,1,0,1.0
Run 2,Alessandro Vieri,7,solo,0,0,331,0,0,0.043103,757,0,0,0.024291
Run 2,Alessandro Vieri,7,solo,0,0,341,0,0,0.028986,609,0,0,0.065728
Run 2,Alessandro Vieri,7,solo,0,0,268,0,0,0.020408,571,0,0,0.00939
Run 2,Alessandro Vieri,7,joint,1,0,11,1,0,0.0,0,0,0,0.0
Run 2,Alessandro Vieri,7,solo,1,0,11,1,0,0.0,11,1,0,0.0
Run 2,Alessandro Vieri,8,solo,0,0,619,0,1,0.845455,777,0,0,0.508982
Run 2,Alessandro Vieri,8,solo,0,0,450,0,0,0.043478,549,0,0,0.019231
Run 2,Alessandro Vieri,8,solo,0,0,409,0,0,0.030534,630,0,0,0.012195
Run 2,Alessandro Vieri,8,solo,0,0,254,0,0,0.017241,579,0,0,0.063291
Run 2,Alessandro Vieri,8,solo,0,0,543,0,1,0.93,777,1,0,1.0
Run 2,Alessandro Vieri,8,solo,0,0,356,0,0,0.025157,540,0,0,0.021739
Run 2,Alessandro Vieri,8,solo,0,0,350,0,0,0.014184,825,0,0,0.014134
Run 2,Alessandro Vieri,8,solo,0,0,353,0,0,0.033613,731,0,0,0.073059
Run 2,Alessandro Vieri,8,solo,0,0,458,0,0,0.732673,777,1,0,1.0
Run 2,Alessandro Vieri,8,solo,0,0,300,0,0,0.040404,624,0,0,0.022099
Run 2,Alessandro Vieri,8,solo,0,0,329,0,0,0.07,673,0,0,0.022727
Run 2,Alessandro Vieri,8,solo,0,0,215,0,0,0.173333,627,0,0,0.014085
Run 2,Alessandro Vieri,8,solo,0,0,389,0,0,0.785714,777,1,0,1.0
Run 2,Alessandro Vieri,8,solo,0,0,416,0,0,0.071429,600,0,0,0.025907
Run 2,Alessandro Vieri,8,solo,0,0,296,0,0,0.062992,688,0,0,0.082969
Run 2,Alessandro Vieri,8,solo,0,0,405,0,0,0.146067,621,0,0,0.044335
Run 2,Alessandro Vieri,8,solo,1,0,11,1,0,0.0,11,1,0,0.0
Run 2,Alessandro Vieri,8,solo,0,0,619,0,0,0.035714,611,0,0,0.054455
Run 2,Alessandro Vieri,8,solo,0,0,403,0,0,0.023622,634,0,0,0.075472
Run 2,Alessandro Vieri,8,solo,0,0,248,0,0,0.022556,758,0,0,0.034934
Run 2,Alessandro Vieri,9,solo,0,0,393,0,1,0.88,618,0,0,0.214689
Run 2,Alessandro Vieri,9,solo,0,0,507,0,0,0.014815,682,0,0,0.06
Run 2,Alessandro Vieri,9,solo,0,0,400,0,0,0.008403,847,0,0,0.042918
Run 2,Alessandro Vieri,9,solo,0,0,277,0,0,0.191489,542,0,0,0.03125
Run 2,Alessandro Vieri,9,joint,1,0,11,1,0,0.0,0,0,0,0.0
Run 2,Alessandro Vieri,9,solo,0,0,295,0,1,0.814815,976,0,0,0.42654
Run 2,Alessandro Vieri,9,solo,0,0,393,1,0,1.0,618,1,0,1.0
Run 2,Alessandro Vieri,9,solo,0,0,209,0,0,0.020833,640,0,0,0.078704
Run 2,Alessandro Vieri,9,solo,0,0,413,0,0,0.026549,566,0,0,0.037234
Run 2,Alessandro Vieri,9,solo,0,0,387,0,0,0.035211,695,0,0,0.033175
Run 2,Alessandro Vieri,9,solo,0,0,471,0,0,0.625,618,1,0,1.0
Run 2,Alessandro Vieri,9,solo,0,0,430,0,0,0.069231,614,0,0,0.041026
Run 2,Alessandro Vieri,9,solo,0,0,621,0,0,0.041176,552,0,0,0.032086
Run 2,Alessandro Vieri,9,solo,0,0,247,0,0,0.020408,596,0,0,0.029126
Run 2,Alessandro Vieri,9,solo,1,0,11,1,0,0.0,11,1,0,0.0
Run 2,Alessandro Vieri,9,solo,0,0,322,0,0,0.042017,598,0,0,0.041885
Run 2,Alessandro Vieri,9,solo,0,0,479,0,0,0.007194,557,0,0,0.035897
Run 2,Alessandro Vieri,9,solo,0,0,344,0,0,0.02439,555,0,0,0.024691
Run 2,Alessandro Vieri,10,solo,0,0,447,0,1,0.8375,579,0,0,0.6875
Run 2,Alessandro Vieri,10,solo,0,0,320,0,0,0.080808,754,0,0,0.04661
Run 2,Alessandro Vieri,10,solo,0,0,380,0,0,0.166667,648,0,0,0.013575
Run 2,Alessandro Vieri,10,solo,0,0,413,0,0,0.017964,500,0,0,0.025381
Run 2,Alessandro Vieri,10,joint,1,0,11,1,0,0.0,0,0,0,0.0
Run 2,Alessandro Vieri,10,solo,0,0,387,0,0,0.402299,610,0,0,0.038835
Run 2,Alessandro Vieri,10,solo,0,0,454,0,1,0.876543,812,0,0,0.554217
Run 2,Alessandro Vieri,10,solo,0,0,483,0,0,0.020134,582,0,0,0.023256
Run 2,Alessandro Vieri,10,solo,0,0,602,0,0,0.006667,695,0,0,0.050926
Run 2,Alessandro Vieri,10,solo,0,0,382,0,0,0.025424,623,0,0,0.014218
Run 2,Alessandro Vieri,10,solo,0,0,393,1,0,1.0,812,1,0,1.0
Run 2,Alessandro Vieri,10,solo,0,0,434,0,0,0.022059,495,0,0,0.011299
Run 2,Alessandro Vieri,10,solo,0,0,709,0,0,0.018072,719,0,0,0.043062
Run 2,Alessandro Vieri,10,solo,0,0,326,0,0,0.023077,561,0,0,0.026596
Run 2,Alessandro Vieri,10,solo,1,0,11,1,0,0.0,11,1,0,0.0
Run 2,Alessandro Vieri,10,solo,0,0,426,0,0,0.096,623,0,0,0.091324
Run 2,Alessandro Vieri,10,solo,0,0,328,0,0,0.098214,619,0,0,0.068293
Run 2,Alessandro Vieri,10,solo,0,0,236,0,0,0.033333,627,0,0,0.060302
Run 2,Alessandro Vieri,11,solo,0,0,393,1,0,1.0,603,0,0,0.485714
Run 2,Alessandro Vieri,11,solo,0,0,436,0,0,0.182796,935,0,0,0.047273
Run 2,Alessandro Vieri,11,solo,0,0,383,0,0,0.009709,583,0,0,0.00463
Run 2,Alessandro Vieri,11,solo,0,0,402,0,0,0.128713,571,0,0,0.013575
Run 2,Alessandro Vieri,11,joint,1,0,11,1,0,0.0,0,0,0,0.0
Run 2,Alessandro Vieri,11,solo,0,0,514,0,0,0.659574,637,0,0,0.606897
Run 2,Alessandro Vieri,11,solo,0,0,393,1,0,1.0,689,0,0,0.740741
Run 2,Alessandro Vieri,11,solo,0,0,452,0,0,0.049587,673,0,0,0.014085
Run 2,Alessandro Vieri,11,solo,0,0,352,0,0,0.018519,636,0,0,0.052632
Run 2,Alessandro Vieri,11,solo,0,0,386,0,0,0.119266,643,0,0,0.014085
Run 2,Alessandro Vieri,11,solo,0,0,393,1,0,1.0,689,1,0,1.0
Run 2,Alessandro Vieri,11,solo,0,0,324,0,0,0.03125,500,0,0,0.017857
Run 2,Alessandro Vieri,11,solo,0,0,589,0,0,0.00995,573,0,0,0.022099
Run 2,Alessandro Vieri,11,solo,0,0,392,0,0,0.017094,518,0,0,0.027174
Run 2,Alessandro Vieri,11,solo,1,0,11,1,0,0.0,11,1,0,0.0
Run 2,Alessandro Vieri,11,solo,0,0,539,0,0,0.037736,625,0,0,0.049505
Run 2,Alessandro Vieri,11,solo,0,0,451,0,0,0.055944,658,0,0,0.043103
Run 2,Alessandro Vieri,11,solo,0,0,414,0,0,0.018018,820,0,0,0.021053
Run 2,Alessandro Vieri,12,solo,0,0,472,0,1,0.865854,658,0,0,0.637681
Run 2,Alessandro Vieri,12,solo,0,0,508,0,0,0.095541,689,0,0,0.056277
Run 2,Alessandro Vieri,12,solo,0,0,373,0,0,0.014286,643,0,0,0.015707
Run 2,Alessandro Vieri,12,solo,0,0,453,0,0,0.066176,489,0,0,0.016667
Run 2,Alessandro Vieri,12,solo,0,0,325,0,0,0.22549,657,0,1,0.95
Run 2,Alessandro Vieri,12,solo,0,0,480,0,0,0.007407,631,0,0,0.025126
Run 2,Alessandro Vieri,12,solo,0,0,448,0,0,0.027972,828,0,0,0.055336
Run 2,Alessandro Vieri,12,solo,0,0,454,0,0,0.057377,688,0,0,0.026201
Run 2,Alessandro Vieri,12,joint,1,0,11,1,0,0.0,0,0,0,0.0
Run 2,Alessandro Vieri,12,solo,0,0,393,1,0,1.0,658,1,0,1.0
Run 2,Alessandro Vieri,12,solo,0,0,520,0,1,0.835052,860,0,0,0.639535
Run 2,Alessandro Vieri,12,solo,0,0,397,0,0,0.086614,625,0,0,0.048387
Run 2,Alessandro Vieri,12,solo,0,0,435,0,0,0.056962,581,0,0,0.072917
Run 2,Alessandro Vieri,12,solo,0,0,244,0,0,0.054545,644,0,0,0.034483
Run 2,Alessandro Vieri,12,joint,1,0,11,1,0,0.0,0,0,0,0.0
Run 2,Alessandro Vieri,12,solo,1,0,11,1,0,0.0,11,1,0,0.0
Run 2,Alessandro Vieri,13,joint,1,0,11,1,0,0.0,0,0,0,0.0
Run 2,Alessandro Vieri,13,solo,0,0,506,0,1,0.825581,586,0,0,0.774194
Run 2,Alessandro Vieri,13,solo,0,0,506,1,0,1.0,586,1,0,1.0
Run 2,Alessandro Vieri,13,solo,0,0,443,0,0,0.034722,613,0,0,0.024876
Run 2,Alessandro Vieri,13,solo,0,0,559,0,0,0.021127,627,0,0,0.029703
Run 2,Alessandro Vieri,13,solo,0,0,254,0,0,0.027778,686,0,0,0.043689
Run 2,Alessandro Vieri,13,solo,0,0,547,0,0,0.728972,686,1,0,1.0
Run 2,Alessandro Vieri,13,solo,0,0,399,0,0,0.040323,424,0,0,0.012048
Run 2,Alessandro Vieri,13,solo,0,0,435,0,0,0.024194,628,0,0,0.033175
Run 2,Alessandro Vieri,13,solo,0,0,381,0,0,0.026846,766,0,0,0.01992
Run 2,Alessandro Vieri,13,solo,0,0,506,1,0,1.0,586,1,0,1.0
Run 2,Alessandro Vieri,13,solo,0,0,261,0,0,0.041096,695,0,0,0.020202
Run 2,Alessandro Vieri,13,solo,0,0,474,0,0,0.014599,823,0,0,0.017241
Run 2,Alessandro Vieri,13,solo,0,0,509,0,0,0.079365,739,0,0,0.018182
Run 2,Alessandro Vieri,13,solo,1,0,560,0,1,0.803738,11,1,0,0.0
Run 2,Alessandro Vieri,13,solo,0,0,283,0,0,0.108108,674,0,0,0.035
Run 2,Alessandro Vieri,13,solo,0,0,447,0,0,0.008403,871,0,0,0.04329
Run 2,Alessandro Vieri,13,solo,0,0,488,0,0,0.095808,694,0,0,0.022901
Run 2,Alessandro Vieri,14,solo,0,0,452,0,1,0.930233,589,0,1,0.8
Run 2,Alessandro Vieri,14,solo,0,0,466,0,0,0.015152,642,0,0,0.037383
Run 2,Alessandro Vieri,14,solo,0,0,366,0,0,0.015385,689,0,0,0.043269
Run 2,Alessandro Vieri,14,solo,0,0,558,0,0,0.083969,712,0,0,0.018433
Run 2,Alessandro Vieri,14,joint,1,0,11,1,0,0.0,0,0,0,0.0
Run 2,Alessandro Vieri,14,solo,0,0,486,0,1,0.884211,632,0,0,0.585034
Run 2,Alessandro Vieri,14,solo,0,0,452,1,0,1.0,589,1,0,1.0
Run 2,Alessandro Vieri,14,solo,0,0,460,0,0,0.0,656,0,0,0.020492
Run 2,Alessandro Vieri,14,solo,0,0,650,0,0,0.005025,569,0,0,0.02551
Run 2,Alessandro Vieri,14,solo,0,0,440,0,0,0.114094,694,0,0,0.051643
Run 2,Alessandro Vieri,14,solo,1,0,452,1,0,1.0,11,1,0,0.0
Run 2,Alessandro Vieri,14,solo,0,0,400,0,0,0.05,672,0,0,0.050505
Run 2,Alessandro Vieri,14,solo,0,0,535,0,0,0.14557,762,0,0,0.024561
Run 2,Alessandro Vieri,14,solo,0,0,210,0,0,0.013158,656,0,0,0.023364
Run 2,Alessandro Vieri,14,joint,1,0,11,1,0,0.0,0,0,0,0.0
Run 2,Alessandro Vieri,14,solo,1,0,11,1,0,0.0,11,1,0,0.0
Run 2,Alessandro Vieri,15,solo,0,0,452,1,0,1.0,570,0,1,0.823009
Run 2,Alessandro Vieri,15,solo,0,0,483,0,0,0.178295,685,0,0,0.034483
Run 2,Alessandro Vieri,15,solo,0,0,524,0,0,0.032258,541,0,0,0.07732
Run 2,Alessandro Vieri,15,solo,0,0,312,0,0,0.225,730,0,0,0.021097
Run 2,Alessandro Vieri,15,solo,0,0,452,1,0,1.0,675,0,0,0.470588
Run 2,Alessandro Vieri,15,solo,0,0,307,0,0,0.029126,645,0,0,0.031088
Run 2,Alessandro Vieri,15,solo,0,0,554,0,0,0.056338,646,0,0,0.041667
Run 2,Alessandro Vieri,15,solo,0,0,308,0,0,0.089109,616,0,0,0.014778
Run 2,Alessandro Vieri,15,joint,1,0,11,1,0,0.0,0,0,0,0.0
Run 2,Alessandro Vieri,15,solo,0,0,445,0,1,0.892857,697,0,0,0.773438
Run 2,Alessandro Vieri,15,solo,0,0,430,0,0,0.614583,885,0,0,0.441176
Run 2,Alessandro Vieri,15,solo,0,0,294,0,0,0.02521,526,0,0,0.029126
Run 2,Alessandro Vieri,15,solo,0,0,371,0,0,0.108527,651,0,0,0.07109
Run 2,Alessandro Vieri,15,solo,0,0,300,0,0,0.031008,707,0,0,0.031532
Run 2,Alessandro Vieri,15,solo,1,0,421,0,0,0.428571,11,1,0,0.0
Run 2,Alessandro Vieri,15,solo,0,0,322,0,0,0.058252,650,0,0,0.03125
Run 2,Alessandro Vieri,15,solo,0,0,474,0,0,0.022346,642,0,0,0.022523
Run 2,Alessandro Vieri,15,solo,0,0,310,0,0,0.009259,726,0,0,0.03125
Run 2,Alessandro Vieri,16,solo,0,0,452,1,0,1.0,609,0,0,0.354037
Run 2,Alessandro Vieri,16,solo,0,0,442,0,0,0.007407,529,0,0,0.005747
Run 2,Alessandro Vieri,16,solo,0,0,349,0,0,0.07,670,0,0,0.140541
Run 2,Alessandro Vieri,16,solo,0,0,510,0,0,0.016,861,0,0,0.031873
Run 2,Alessandro Vieri,16,joint,1,0,11,1,0,0.0,0,0,0,0.0
Run 2,Alessandro Vieri,16,solo,0,0,422,0,1,0.897436,824,0,0,0.465347
Run 2,Alessandro Vieri,16,solo,0,0,452,1,0,1.0,609,1,0,1.0
Run 2,Alessandro Vieri,16,solo,0,0,357,0,0,0.084906,780,0,0,0.042553
Run 2,Alessandro Vieri,16,solo,0,0,377,0,0,0.036765,524,0,0,0.032967
Run 2,Alessandro Vieri,16,solo,0,0,311,0,0,0.021583,665,0,0,0.013575
Run 2,Alessandro Vieri,16,solo,0,0,445,1,0,1.0,609,1,0,1.0
Run 2,Alessandro Vieri,16,solo,0,0,607,0,0,0.022099,996,0,0,0.080882
Run 2,Alessandro Vieri,16,solo,0,0,490,0,0,0.012987,744,0,0,0.03211
Run 2,Alessandro Vieri,16,solo,0,0,367,0,0,0.0,619,0,0,0.019139
Run 2,Alessandro Vieri,16,solo,1,0,11,1,0,0.0,11,1,0,0.0
Run 2,Alessandro Vieri,16,solo,0,0,345,0,0,0.073171,603,0,0,0.09901
Run 2,Alessandro Vieri,16,solo,0,0,453,0,0,0.014599,572,0,0,0.032609
Run 2,Alessandro Vieri,16,solo,0,0,334,0,0,0.006897,560,0,0,0.042654
Run 2,Alessandro Vieri,17,solo,0,0,452,1,0,1.0,652,0,0,0.666667
Run 2,Alessandro Vieri,17,solo,0,0,343,0,0,0.027778,520,0,0,0.035928
Run 2,Alessandro Vieri,17,solo,0,0,530,0,0,0.036842,765,0,0,0.048
Run 2,Alessandro Vieri,17,solo,0,0,440,0,0,0.063492,611,0,0,0.048544
Run 2,Alessandro Vieri,17,solo,0,0,452,1,0,1.0,652,1,0,1.0
Run 2,Alessandro Vieri,17,solo,0,0,399,0,0,0.094488,564,0,0,0.030457
Run 2,Alessandro Vieri,17,solo,0,0,340,0,0,0.055556,513,0,0,0.021739
Run 2,Alessandro Vieri,17,solo,0,0,483,0,0,0.143939,436,0,0,0.041916
Run 2,Alessandro Vieri,17,joint,1,0,11,1,0,0.0,0,0,0,0.0
Run 2,Alessandro Vieri,17,solo,0,0,526,0,1,0.877778,683,0,1,0.898305
Run 2,Alessandro Vieri,17,solo,0,0,504,0,1,0.909091,671,0,0,0.576159
Run 2,Alessandro Vieri,17,solo,0,0,394,0,0,0.044118,611,0,0,0.061033
Run 2,Alessandro Vieri,17,solo,0,0,594,0,0,0.080402,581,0,0,0.028436
Run 2,Alessandro Vieri,17,solo,0,0,279,0,0,0.27027,581,0,0,0.026667
Run 2,Alessandro Vieri,17,solo,1,0,11,1,0,0.0,11,1,0,0.0
Run 2,Alessandro Vieri,17,solo,0,0,453,0,0,0.017442,699,0,0,0.038793
Run 2,Alessandro Vieri,17,solo,0,0,418,0,0,0.061069,618,0,0,0.060071
Run 2,Alessandro Vieri,17,solo,0,0,270,0,0,0.023256,710,0,0,0.016667
Run 2,Alessandro Vieri,18,solo,0,0,504,1,0,1.0,761,0,0,0.564103
Run 2,Alessandro Vieri,18,solo,0,0,517,0,0,0.036145,692,0,0,0.047619
Run 2,Alessandro Vieri,18,solo,0,0,600,0,0,0.013072,769,0,0,0.026432
Run 2,Alessandro Vieri,18,solo,0,0,470,0,0,0.021127,629,0,0,0.045662
Run 2,Alessandro Vieri,18,joint,1,0,11,1,0,0.0,0,0,0,0.0
Run 2,Alessandro Vieri,18,solo,0,0,504,1,0,1.0,661,0,0,0.632653
Run 2,Alessandro Vieri,18,solo,0,0,581,0,0,0.508475,846,0,1,0.90604
Run 2,Alessandro Vieri,18,solo,0,0,338,0,0,0.060606,661,0,0,0.025773
Run 2,Alessandro Vieri,18,solo,0,0,399,0,0,0.027027,639,0,0,0.035533
Run 2,Alessandro Vieri,18,solo,0,0,295,0,0,0.045872,686,0,0,0.061905
Run 2,Alessandro Vieri,18,solo,0,0,445,1,0,1.0,846,1,0,1.0
Run 2,Alessandro Vieri,18,solo,0,0,286,0,0,0.050725,688,0,0,0.087156
Run 2,Alessandro Vieri,18,solo,0,0,500,0,0,0.076923,712,0,0,0.045662
Run 2,Alessandro Vieri,18,solo,0,0,381,0,0,0.060345,656,0,0,0.075377
Run 2,Alessandro Vieri,18,solo,1,0,11,1,0,0.0,11,1,0,0.0
Run 2,Alessandro Vieri,18,solo,0,0,307,0,0,0.020202,579,0,0,0.050459
Run 2,Alessandro Vieri,18,solo,0,0,397,0,0,0.054545,515,0,0,0.044693
Run 2,Alessandro Vieri,18,solo,0,0,277,0,0,0.011628,594,0,0,0.019048
Run 2,Alessandro Vieri,19,solo,0,0,452,1,0,1.0,672,0,0,0.601351
Run 2,Alessandro Vieri,19,solo,0,0,373,0,0,0.041322,702,0,0,0.053333
Run 2,Alessandro Vieri,19,solo,0,0,446,0,0,0.014493,646,0,0,0.073171
Run 2,Alessandro Vieri,19,solo,0,0,281,0,0,0.050847,555,0,0,0.008929
Run 2,Alessandro Vieri,19,solo,0,0,452,1,0,1.0,647,0,1,0.888
Run 2,Alessandro Vieri,19,solo,0,0,467,0,0,0.024793,713,0,0,0.013636
Run 2,Alessandro Vieri,19,solo,0,0,385,0,0,0.035714,734,0,0,0.037559
Run 2,Alessandro Vieri,19,solo,0,0,459,0,0,0.04,756,0,0,0.063559
Run 2,Alessandro Vieri,19,joint,1,0,11,1,0,0.0,0,0,0,0.0
Run 2,Alessandro Vieri,19,solo,0,0,372,0,0,0.019048,871,0,0,0.018116
Run 2,Alessandro Vieri,19,solo,1,0,504,1,0,1.0,11,1,0,0.0
Run 2,Alessandro Vieri,19,solo,0,0,471,0,0,0.050725,632,0,0,0.035088
Run 2,Alessandro Vieri,19,solo,0,0,329,0,0,0.048544,664,0,0,0.043062
Run 2,Alessandro Vieri,19,solo,0,0,281,0,0,0.178571,713,0,0,0.031674
Run 2,Alessandro Vieri,19,solo,1,0,11,1,0,0.0,11,1,0,0.0
Run 2,Alessandro Vieri,19,solo,0,0,440,0,0,0.0375,689,0,0,0.044898
Run 2,Alessandro Vieri,19,solo,0,0,401,0,0,0.032258,642,0,0,0.044335
Run 2,Alessandro Vieri,19,solo,0,0,375,0,0,0.027778,555,0,0,0.028571
Run 2,Alessandro Vieri,20,solo,0,0,538,0,1,0.865979,714,0,0,0.644295
Run 2,Alessandro Vieri,20,solo,0,0,494,0,0,0.08589,729,0,0,0.026596
Run 2,Alessandro Vieri,20,solo,0,0,267,0,0,0.0,513,0,0,0.022472
Run 2,Alessandro Vieri,20,solo,0,0,294,0,0,0.154545,492,0,0,0.025253
Run 2,Alessandro Vieri,20,solo,0,0,538,1,0,1.0,689,0,1,0.890625
Run 2,Alessandro Vieri,20,solo,0,0,449,0,0,0.119205,750,0,0,0.08658
Run 2,Alessandro Vieri,20,solo,0,0,434,0,0,0.080645,654,0,0,0.035242
Run 2,Alessandro Vieri,20,solo,0,0,398,0,0,0.208333,655,0,0,0.053659
Run 2,Alessandro Vieri,20,joint,1,0,11,1,0,0.0,0,0,0,0.0
Run 2,Alessandro Vieri,20,solo,0,0,398,1,0,1.0,689,1,0,1.0
Run 2,Alessandro Vieri,20,solo,0,0,398,1,0,1.0,689,1,0,1.0
Run 2,Alessandro Vieri,20,solo,0,0,507,0,0,0.007194,637,0,0,0.033149
Run 2,Alessandro Vieri,20,solo,0,0,438,0,0,0.029197,739,0,0,0.030435
Run 2,Alessandro Vieri,20,solo,0,0,355,0,0,0.186916,639,0,0,0.067308
Run 2,Alessandro Vieri,20,joint,1,0,11,1,0,0.0,0,0,0,0.0
Run 2,Alessandro Vieri,20,solo,1,0,11,1,0,0.0,11,1,0,0.0
Run 2,Alessandro Vieri,21,joint,1,0,11,1,0,0.0,0,0,0,0.0
Run 2,Alessandro Vieri,21,solo,0,0,415,0,1,0.857143,690,0,0,0.582781
Run 2,Alessandro Vieri,21,solo,0,0,384,0,0,0.6,690,1,0,1.0
Run 2,Alessandro Vieri,21,solo,0,0,334,0,0,0.053846,642,0,0,0.077253
Run 2,Alessandro Vieri,21,solo,0,0,667,0,0,0.010638,904,0,0,0.028455
Run 2,Alessandro Vieri,21,solo,0,0,465,0,0,0.016807,762,0,0,0.013514
Run 2,Alessandro Vieri,21,solo,0,0,343,0,0,0.787879,690,1,0,1.0
Run 2,Alessandro Vieri,21,solo,0,0,399,0,0,0.017699,565,0,0,0.031915
Run 2,Alessandro Vieri,21,solo,0,0,467,0,0,0.023121,738,0,0,0.044355
Run 2,Alessandro Vieri,21,solo,0,0,306,0,0,0.054688,596,0,0,0.017778
Run 2,Alessandro Vieri,21,solo,0,0,472,0,0,0.086614,608,0,0,0.040609
Run 2,Alessandro Vieri,21,solo,0,0,438,0,0,0.141791,642,0,0,0.087963
Run 2,Alessandro Vieri,21,solo,0,0,438,0,0,0.058442,611,0,0,0.053191
Run 2,Alessandro Vieri,21,solo,0,0,348,0,0,0.026087,566,0,0,0.026738
Run 2,Alessandro Vieri,21,solo,1,0,343,1,0,1.0,11,1,0,0.0
Run 2,Alessandro Vieri,21,solo,0,0,378,0,0,0.06383,648,0,0,0.075117
Run 2,Alessandro Vieri,21,solo,0,0,434,0,0,0.006536,697,0,0,0.037234
Run 2,Alessandro Vieri,21,solo,0,0,474,0,0,0.04,754,0,0,0.03252
Run 2,Alessandro Vieri,22,joint,1,0,11,1,0,0.0,0,0,0,0.0
Run 2,Alessandro Vieri,22,solo,0,0,343,1,0,1.0,728,0,0,0.566038
Run 2,Alessandro Vieri,22,solo,0,0,343,1,0,1.0,559,0,0,0.170732
Run 2,Alessandro Vieri,22,solo,0,0,390,0,0,0.033333,526,0,0,0.031414
Run 2,Alessandro Vieri,22,solo,0,0,556,0,0,0.01105,568,0,0,0.018349
Run 2,Alessandro Vieri,22,solo,0,0,322,0,0,0.072917,615,0,0,0.033981
Run 2,Alessandro Vieri,22,solo,0,0,343,1,0,1.0,728,1,0,1.0
Run 2,Alessandro Vieri,22,solo,0,0,533,0,0,0.046358,581,0,0,0.033019
Run 2,Alessandro Vieri,22,solo,0,0,414,0,0,0.031496,728,0,0,0.043668
Run 2,Alessandro Vieri,22,solo,0,0,311,0,0,0.038835,667,0,0,0.028169
Run 2,Alessandro Vieri,22,joint,1,0,11,1,0,0.0,0,0,0,0.0
Run 2,Alessandro Vieri,22,solo,1,0,533,0,0,0.455357,11,1,0,0.0
Run 2,Alessandro Vieri,22,solo,1,0,741,0,0,0.622222,11,1,0,0.0
Run 2,Alessandro Vieri,22,solo,0,0,339,0,0,0.019231,650,0,0,0.033654
Run 2,Alessandro Vieri,22,solo,0,0,529,0,0,0.045455,750,0,0,0.106667
Run 2,Alessandro Vieri,22,solo,0,0,402,0,0,0.033333,506,0,0,0.040201
Run 2,Alessandro Vieri,23,solo,0,0,524,0,0,0.669903,559,0,0,0.546667
Run 2,Alessandro Vieri,23,solo,0,0,491,0,0,0.014184,532,0,0,0.015873
Run 2,Alessandro Vieri,23,solo,0,0,513,0,0,0.0,649,0,0,0.013514
Run 2,Alessandro Vieri,23,solo,0,0,474,0,0,0.0,648,0,0,0.034483
Run 2,Alessandro Vieri,23,solo,0,0,445,0,0,0.414141,803,0,0,0.571429
Run 2,Alessandro Vieri,23,solo,0,0,516,0,0,0.020548,552,0,0,0.048309
Run 2,Alessandro Vieri,23,solo,0,0,301,0,0,0.081967,675,0,0,0.033654
Run 2,Alessandro Vieri,23,solo,0,0,416,0,0,0.039216,481,0,0,0.04908
Run 2,Alessandro Vieri,23,joint,1,0,11,1,0,0.0,0,0,0,0.0
Run 2,Alessandro Vieri,23,solo,0,0,619,0,1,0.851485,694,0,0,0.422078
Run 2,Alessandro Vieri,23,joint,1,0,11,1,0,0.0,0,0,0,0.0
Run 2,Alessandro Vieri,23,solo,0,0,523,0,1,0.911111,762,0,1,0.900763
Run 2,Alessandro Vieri,23,solo,0,0,524,1,0,1.0,694,1,0,1.0
Run 2,Alessandro Vieri,23,solo,0,0,350,0,0,0.020548,741,0,0,0.04386
Run 2,Alessandro Vieri,23,solo,0,0,417,0,0,0.0,551,0,0,0.029412
Run 2,Alessandro Vieri,23,solo,0,0,436,0,0,0.013793,747,0,0,0.030172
Run 2,Alessandro Vieri,24,joint,1,0,11,1,0,0.0,0,0,0,0.0
Run 2,Alessandro Vieri,24,solo,0,0,389,0,0,0.125,709,0,0,0.218085
Run 2,Alessandro Vieri,24,solo,0,0,430,0,1,0.90625,709,1,0,1.0
Run 2,Alessandro Vieri,24,solo,0,0,382,0,0,0.028169,677,0,0,0.028302
Run 2,Alessandro Vieri,24,solo,0,0,409,0,0,0.056075,605,0,0,0.052885
Run 2,Alessandro Vieri,24,solo,0,0,479,0,0,0.045113,523,0,0,0.041284
Run 2,Alessandro Vieri,24,solo,0,0,430,1,0,1.0,692,0,1,0.914729
Run 2,Alessandro Vieri,24,solo,0,0,418,0,0,0.023256,622,0,0,0.069652
Run 2,Alessandro Vieri,24,solo,0,0,510,0,0,0.039062,698,0,0,0.022831
Run 2,Alessandro Vieri,24,solo,0,0,453,0,0,0.032787,552,0,0,0.041667
Run 2,Alessandro Vieri,24,solo,0,0,430,1,0,1.0,692,1,0,1.0
Run 2,Alessandro Vieri,24,solo,0,0,347,0,0,0.04717,728,0,0,0.021368
Run 2,Alessandro Vieri,24,solo,0,0,451,0,0,0.05036,544,0,0,0.051546
Run 2,Alessandro Vieri,24,solo,0,0,360,0,0,0.084112,815,0,0,0.039007
Run 2,Alessandro Vieri,24,solo,1,0,11,1,0,0.0,11,1,0,0.0
Run 2,Alessandro Vieri,24,solo,0,0,321,0,0,0.05,581,0,0,0.043902
Run 2,Alessandro Vieri,24,solo,0,0,462,0,0,0.013986,687,0,0,0.016484
Run 2,Alessandro Vieri,24,solo,0,0,354,0,0,0.026549,644,0,0,0.024038
Run 2,Alessandro Vieri,25,solo,0,0,430,1,0,1.0,765,0,0,0.574074
Run 2,Alessandro Vieri,25,solo,0,0,399,0,0,0.068966,623,0,0,0.018957
Run 2,Alessandro Vieri,25,solo,0,0,519,0,0,0.028736,579,0,0,0.056497
Run 2,Alessandro Vieri,25,solo,0,0,419,0,0,0.069231,674,0,0,0.04386
Run 2,Alessandro Vieri,25,joint,1,0,11,1,0,0.0,0,0,0,0.0
Run 2,Alessandro Vieri,25,solo,0,0,430,1,0,1.0,758,0,0,0.532934
Run 2,Alessandro Vieri,25,solo,0,0,378,0,0,0.710145,609,0,0,0.052632
Run 2,Alessandro Vieri,25,solo,0,0,358,0,0,0.084034,637,0,0,0.053398
Run 2,Alessandro Vieri,25,solo,0,0,421,0,0,0.033333,591,0,0,0.022989
Run 2,Alessandro Vieri,25,solo,0,0,269,0,0,0.108696,619,0,0,0.026906
Run 2,Alessandro Vieri,25,solo,0,0,344,0,0,0.145631,609,1,0,1.0
Run 2,Alessandro Vieri,25,solo,0,0,440,0,0,0.021739,564,0,0,0.054945
Run 2,Alessandro Vieri,25,solo,0,0,494,0,0,0.014925,702,0,0,0.021739
Run 2,Alessandro Vieri,25,solo,0,0,384,0,0,0.125,703,0,0,0.029126
Run 2,Alessandro Vieri,25,solo,1,0,11,1,0,0.0,11,1,0,0.0
Run 2,Alessandro Vieri,25,solo,0,0,500,0,0,0.127517,550,0,0,0.046875
Run 2,Alessandro Vieri,25,solo,0,0,305,0,0,0.018692,641,0,0,0.023148
Run 2,Alessandro Vieri,25,solo,0,0,393,0,0,0.015152,643,0,0,0.022936
Run 2,Alessandro Vieri,26,joint,1,0,11,1,0,0.0,0,0,0,0.0
Run 2,Alessandro Vieri,26,solo,0,0,344,1,0,1.0,687,0,0,0.624161
Run 2,Alessandro Vieri,26,solo,0,0,344,1,0,1.0,489,0,0,0.065217
Run 2,Alessandro Vieri,26,solo,0,0,384,0,0,0.017094,587,0,0,0.031746
Run 2,Alessandro Vieri,26,solo,0,0,454,0,0,0.017241,827,0,0,0.028571
Run 2,Alessandro Vieri,26,solo,0,0,215,0,0,0.043011,689,0,0,0.032558
Run 2,Alessandro Vieri,26,solo,0,0,344,0,0,0.313253,687,1,0,1.0
Run 2,Alessandro Vieri,26,solo,0,0,448,0,0,0.122137,652,0,0,0.090909
Run 2,Alessandro Vieri,26,solo,0,0,642,0,0,0.018519,669,0,0,0.040359
Run 2,Alessandro Vieri,26,solo,0,0,395,0,0,0.040323,555,0,0,0.0131
Run 2,Alessandro Vieri,26,solo,0,0,344,1,0,1.0,762,0,0,0.640845
Run 2,Alessandro Vieri,26,solo,0,0,375,0,0,0.065217,647,0,0,0.019608
Run 2,Alessandro Vieri,26,solo,0,0,434,0,0,0.008,647,0,0,0.012821
Run 2,Alessandro Vieri,26,solo,0,0,344,0,0,0.148515,799,0,0,0.058824
Run 2,Alessandro Vieri,26,solo,1,0,11,1,0,0.0,11,1,0,0.0
Run 2,Alessandro Vieri,26,solo,0,0,433,0,0,0.044776,588,0,0,0.070093
Run 2,Alessandro Vieri,26,solo,0,0,329,0,0,0.0,673,0,0,0.030457
Run 2,Alessandro Vieri,26,solo,0,0,335,0,0,0.008929,507,0,0,0.030488
Run 2,Alessandro Vieri,27,solo,0,0,344,1,0,1.0,987,0,0,0.530233
Run 2,Alessandro Vieri,27,solo,0,0,392,0,0,0.044444,560,0,0,0.070652
Run 2,Alessandro Vieri,27,solo,0,0,381,0,0,0.047619,671,0,0,0.094059
Run 2,Alessandro Vieri,27,solo,0,0,277,0,0,0.181818,607,0,0,0.053763
Run 2,Alessandro Vieri,27,joint,1,0,11,1,0,0.0,0,0,0,0.0
Run 2,Alessandro Vieri,27,solo,0,0,331,0,0,0.709091,987,1,0,1.0
Run 2,Alessandro Vieri,27,solo,0,0,385,0,1,0.910448,987,1,0,1.0
Run 2,Alessandro Vieri,27,solo,0,0,483,0,0,0.013889,785,0,0,0.063348
Run 2,Alessandro Vieri,27,solo,0,0,310,0,0,0.04717,757,0,0,0.022831
Run 2,Alessandro Vieri,27,solo,0,0,299,0,0,0.26087,564,0,0,0.073446
Run 2,Alessandro Vieri,27,solo,0,0,387,0,0,0.736842,987,1,0,1.0
Run 2,Alessandro Vieri,27,solo,0,0,481,0,0,0.03125,582,0,0,0.022026
Run 2,Alessandro Vieri,27,solo,0,0,310,0,0,0.06422,617,0,0,0.032407
Run 2,Alessandro Vieri,27,solo,0,0,378,0,0,0.202381,559,0,0,0.044118
Run 2,Alessandro Vieri,27,solo,1,0,11,1,0,0.0,11,1,0,0.0
Run 2,Alessandro Vieri,27,solo,0,0,470,0,0,0.02649,611,0,0,0.029126
Run 2,Alessandro Vieri,27,solo,0,0,564,0,0,0.039474,690,0,0,0.043062
Run 2,Alessandro Vieri,27,solo,0,0,404,0,0,0.022059,642,0,0,0.014019
Run 2,Alessandro Vieri,28,solo,0,0,387,1,0,1.0,714,0,0,0.694656
Run 2,Alessandro Vieri,28,solo,0,0,443,0,0,0.047619,673,0,0,0.05291
Run 2,Alessandro Vieri,28,solo,0,0,417,0,0,0.056075,696,0,0,0.029787
Run 2,Alessandro Vieri,28,solo,0,0,385,0,0,0.068182,796,0,0,0.065789
Run 2,Alessandro Vieri,28,joint,1,0,11,1,0,0.0,0,0,0,0.0
Run 2,Alessandro Vieri,28,solo,0,0,273,0,0,0.597015,714,1,0,1.0
Run 2,Alessandro Vieri,28,solo,0,0,324,0,0,0.716981,714,1,0,1.0
Run 2,Alessandro Vieri,28,solo,0,0,247,0,0,0.043011,537,0,0,0.044843
Run 2,Alessandro Vieri,28,solo,0,0,343,0,0,0.072072,702,0,0,0.037344
Run 2,Alessandro Vieri,28,solo,0,0,280,0,0,0.236111,666,0,0,0.058252
Run 2,Alessandro Vieri,28,joint,1,0,11,1,0,0.0,0,0,0,0.0
Run 2,Alessandro Vieri,28,solo,0,0,387,1,0,1.0,714,1,0,1.0
Run 2,Alessandro Vieri,28,solo,0,0,273,1,0,1.0,714,1,0,1.0
Run 2,Alessandro Vieri,28,solo,0,0,364,0,0,0.052083,605,0,0,0.039326
Run 2,Alessandro Vieri,28,solo,0,0,456,0,0,0.052632,710,0,0,0.037915
Run 2,Alessandro Vieri,28,solo,0,0,321,0,0,0.22973,586,0,0,0.047619
Run 2,Alessandro Vieri,29,solo,0,0,355,0,0,0.5625,879,0,0,0.551515
Run 2,Alessandro Vieri,29,solo,0,0,365,0,0,0.066667,648,0,0,0.014925
Run 2,Alessandro Vieri,29,solo,0,0,545,0,0,0.074534,719,0,0,0.054299
Run 2,Alessandro Vieri,29,solo,0,0,238,0,0,0.233333,686,0,0,0.04717
Run 2,Alessandro Vieri,29,joint,1,0,11,1,0,0.0,0,0,0,0.0
Run 2,Alessandro Vieri,29,solo,0,0,396,0,1,0.90625,879,1,0,1.0
Run 2,Alessandro Vieri,29,solo,0,0,273,1,0,1.0,879,1,0,1.0
Run 2,Alessandro Vieri,29,solo,0,0,428,0,0,0.125,708,0,0,0.059091
Run 2,Alessandro Vieri,29,solo,0,0,435,0,0,0.027778,660,0,0,0.041237
Run 2,Alessandro Vieri,29,solo,0,0,346,0,0,0.008,675,0,0,0.03139
Run 2,Alessandro Vieri,29,joint,1,0,11,1,0,0.0,0,0,0,0.0
Run 2,Alessandro Vieri,29,solo,0,0,355,1,0,1.0,879,1,0,1.0
Run 2,Alessandro Vieri,29,solo,0,0,396,1,0,1.0,879,1,0,1.0
Run 2,Alessandro Vieri,29,solo,0,0,369,0,0,0.055046,654,0,0,0.056522
Run 2,Alessandro Vieri,29,solo,0,0,411,0,0,0.058333,569,0,0,0.017094
Run 2,Alessandro Vieri,29,solo,0,0,221,0,0,0.333333,514,0,0,0.046243
Run 2,Alessandro Vieri,30,joint,1,0,11,1,0,0.0,0,0,0,0.0
Run 2,Alessandro Vieri,30,solo,0,0,396,1,0,1.0,588,0,1,0.827273
Run 2,Alessandro Vieri,30,solo,0,0,394,0,1,0.855072,588,1,0,1.0
Run 2,Alessandro Vieri,30,solo,0,0,417,0,0,0.02963,654,0,0,0.074236
Run 2,Alessandro Vieri,30,solo,0,0,348,0,0,0.063492,587,0,0,0.033333
Run 2,Alessandro Vieri,30,solo,0,0,283,0,0,0.021505,692,0,0,0.032653
Run 2,Alessandro Vieri,30,solo,0,0,396,1,0,1.0,588,1,0,1.0
Run 2,Alessandro Vieri,30,solo,0,0,454,0,0,0.01626,653,0,0,0.024876
Run 2,Alessandro Vieri,30,solo,0,0,285,0,0,0.06087,505,0,0,0.016854
Run 2,Alessandro Vieri,30,solo,0,0,277,0,0,0.351852,588,0,0,0.05618
Run 2,Alessandro Vieri,30,solo,0,0,396,1,0,1.0,588,1,0,1.0
Run 2,Alessandro Vieri,30,solo,0,0,427,0,0,0.112903,615,0,0,0.076923
Run 2,Alessandro Vieri,30,solo,0,0,411,0,0,0.0625,897,0,0,0.026316
Run 2,Alessandro Vieri,30,solo,0,0,362,0,0,0.223684,598,0,0,0.065327
Run 2,Alessandro Vieri,30,solo,1,0,396,1,0,1.0,11,1,0,0.0
Run 2,Alessandro Vieri,30,solo,0,0,457,0,0,0.033333,563,0,0,0.043716
Run 2,Alessandro Vieri,30,solo,0,0,370,0,0,0.01626,729,0,0,0.016529
Run 2,Alessandro Vieri,30,solo,0,0,203,0,0,0.12069,583,0,0,0.058824
Run 2,Alessandro Vieri,31,solo,0,0,396,1,0,1.0,780,0,0,0.045455
Run 2,Alessandro Vieri,31,solo,0,0,405,0,0,0.070866,765,0,0,0.037037
Run 2,Alessandro Vieri,31,solo,0,0,495,0,0,0.049383,641,0,0,0.030612
Run 2,Alessandro Vieri,31,solo,0,0,286,0,0,0.233766,651,0,0,0.047847
Run 2,Alessandro Vieri,31,solo,0,0,355,1,0,1.0,787,0,1,0.812903
Run 2,Alessandro Vieri,31,solo,0,0,486,0,0,0.183824,636,0,0,0.095
Run 2,Alessandro Vieri,31,solo,0,0,534,0,0,0.069182,767,0,0,0.041494
Run 2,Alessandro Vieri,31,solo,0,0,265,0,0,0.036364,663,0,0,0.014019
Run 2,Alessandro Vieri,31,joint,1,0,11,1,0,0.0,0,0,0,0.0
Run 2,Alessandro Vieri,31,solo,0,0,396,1,0,1.0,784,0,1,0.9375
Run 2,Alessandro Vieri,31,solo,1,0,384,0,1,0.867647,11,1,0,0.0
Run 2,Alessandro Vieri,31,solo,0,0,649,0,0,0.020979,744,0,0,0.028689
Run 2,Alessandro Vieri,31,solo,0,0,449,0,0,0.024194,1013,0,0,0.02214
Run 2,Alessandro Vieri,31,solo,0,0,498,0,0,0.075,669,0,0,0.045
Run 2,Alessandro Vieri,31,solo,1,0,11,1,0,0.0,11,1,0,0.0
Run 2,Alessandro Vieri,31,solo,0,0,355,0,0,0.040541,495,0,0,0.032609
Run 2,Alessandro Vieri,31,solo,0,0,423,0,0,0.122807,554,0,0,0.048077
Run 2,Alessandro Vieri,31,solo,0,0,409,0,0,0.04,695,0,0,0.059091
Run 2,Alessandro Vieri,32,solo,0,0,396,1,0,1.0,637,0,0,0.494118
Run 2,Alessandro Vieri,32,solo,0,0,438,0,0,0.039216,686,0,0,0.0553
Run 2,Alessandro Vieri,32,solo,0,0,417,0,0,0.114583,771,0,0,0.04661
Run 2,Alessandro Vieri,32,solo,0,0,304,0,0,0.010526,640,0,0,0.020833
Run 2,Alessandro Vieri,32,joint,1,0,11,1,0,0.0,0,0,0,0.0
Run 2,Alessandro Vieri,32,solo,0,0,637,0,0,0.32,729,0,0,0.061321
Run 2,Alessandro Vieri,32,solo,0,0,386,0,1,0.867647,637,1,0,1.0
Run 2,Alessandro Vieri,32,solo,0,0,497,0,0,0.006452,624,0,0,0.016216
Run 2,Alessandro Vieri,32,solo,0,0,272,0,0,0.012048,589,0,0,0.0181
Run 2,Alessandro Vieri,32,solo,0,0,366,0,0,0.133333,646,0,0,0.046218
Run 2,Alessandro Vieri,32,solo,1,0,11,1,0,0.0,11,1,0,0.0
Run 2,Alessandro Vieri,32,solo,0,0,391,0,0,0.021429,618,0,0,0.066351
Run 2,Alessandro Vieri,32,solo,0,0,382,0,0,0.08,708,0,0,0.085714
Run 2,Alessandro Vieri,32,solo,0,0,240,0,0,0.028302,636,0,0,0.046948
Run 2,Alessandro Vieri,32,joint,1,0,11,1,0,0.0,0,0,0,0.0
Run 2,Alessandro Vieri,32,solo,1,0,11,1,0,0.0,11,1,0,0.0
Run 2,Alessandro Vieri,33,solo,0,0,394,1,0,1.0,541,0,0,0.117371
Run 2,Alessandro Vieri,33,solo,0,0,482,0,0,0.070866,675,0,0,0.027778
Run 2,Alessandro Vieri,33,solo,0,0,326,0,0,0.026316,684,0,0,0.027149
Run 2,Alessandro Vieri,33,solo,0,0,386,0,0,0.1,588,0,0,0.047847
Run 2,Alessandro Vieri,33,solo,0,0,381,0,0,0.511905,679,0,1,0.820513
Run 2,Alessandro Vieri,33,solo,0,0,427,0,0,0.056738,513,0,0,0.038889
Run 2,Alessandro Vieri,33,solo,0,0,438,0,0,0.053435,614,0,0,0.074766
Run 2,Alessandro Vieri,33,solo,0,0,438,0,0,0.028302,568,0,0,0.033816
Run 2,Alessandro Vieri,33,solo,0,0,394,1,0,1.0,679,1,0,1.0
Run 2,Alessandro Vieri,33,solo,0,0,570,0,0,0.062112,560,0,0,0.116022
Run 2,Alessandro Vieri,33,solo,0,0,547,0,0,0.055944,1107,0,0,0.046667
Run 2,Alessandro Vieri,33,solo,0,0,406,0,0,0.107527,583,0,0,0.079545
Run 2,Alessandro Vieri,33,joint,1,0,11,1,0,0.0,0,0,0,0.0
Run 2,Alessandro Vieri,33,solo,0,0,257,0,0,0.036585,831,0,0,0.045833
Run 2,Alessandro Vieri,33,solo,0,0,394,1,0,1.0,679,1,0,1.0
Run 2,Alessandro Vieri,33,solo,0,0,470,0,0,0.094891,508,0,0,0.064327
Run 2,Alessandro Vieri,33,solo,0,0,429,0,0,0.029412,711,0,0,0.06422
Run 2,Alessandro Vieri,33,solo,0,0,233,0,0,0.021978,669,0,0,0.059701
Run 2,Alessandro Vieri,34,solo,0,0,394,1,0,1.0,748,0,0,0.300395
Run 2,Alessandro Vieri,34,solo,0,0,348,0,0,0.079646,841,0,0,0.041353
Run 2,Alessandro Vieri,34,solo,0,0,529,0,0,0.126582,678,0,0,0.070755
Run 2,Alessandro Vieri,34,solo,0,0,276,0,0,0.045455,597,0,0,0.028708
Run 2,Alessandro Vieri,34,solo,0,0,396,0,1,0.939394,748,1,0,1.0
Run 2,Alessandro Vieri,34,solo,0,0,253,0,0,0.045045,480,0,0,0.037267
Run 2,Alessandro Vieri,34,solo,0,0,465,0,0,0.009091,648,0,0,0.061111
Run 2,Alessandro Vieri,34,solo,0,0,272,0,0,0.15625,546,0,0,0.060241
Run 2,Alessandro Vieri,34,joint,1,0,11,1,0,0.0,0,0,0,0.0
Run 2,Alessandro Vieri,34,solo,0,0,497,0,0,0.515152,691,0,1,0.95935
Run 2,Alessandro Vieri,34,solo,0,0,394,1,0,1.0,748,1,0,1.0
Run 2,Alessandro Vieri,34,solo,0,0,350,0,0,0.018868,558,0,0,0.019324
Run 2,Alessandro Vieri,34,solo,0,0,429,0,0,0.057377,559,0,0,0.043478
Run 2,Alessandro Vieri,34,solo,0,0,326,0,0,0.0,596,0,0,0.02451
Run 2,Alessandro Vieri,34,joint,1,0,11,1,0,0.0,0,0,0,0.0
Run 2,Alessandro Vieri,34,solo,1,0,11,1,0,0.0,11,1,0,0.0
Run 2,Alessandro Vieri,35,solo,0,0,394,1,0,1.0,600,0,0,0.053398
Run 2,Alessandro Vieri,35,solo,0,0,417,0,0,0.029197,637,0,0,0.119171
Run 2,Alessandro Vieri,35,solo,0,0,544,0,0,0.017241,701,0,0,0.004902
Run 2,Alessandro Vieri,35,solo,0,0,402,0,0,0.033333,551,0,0,0.040936
Run 2,Alessandro Vieri,35,joint,1,0,11,1,0,0.0,0,0,0,0.0
Run 2,Alessandro Vieri,35,solo,0,0,396,1,0,1.0,600,1,0,1.0
Run 2,Alessandro Vieri,35,solo,0,0,394,1,0,1.0,600,1,0,1.0
Run 2,Alessandro Vieri,35,solo,0,0,309,0,0,0.098765,503,0,0,0.039106
Run 2,Alessandro Vieri,35,solo,0,0,404,0,0,0.06,765,0,0,0.040541
Run 2,Alessandro Vieri,35,solo,0,0,407,0,0,0.166667,682,0,0,0.10628
Run 2,Alessandro Vieri,35,solo,0,0,394,1,0,1.0,600,1,0,1.0
Run 2,Alessandro Vieri,35,solo,0,0,439,0,0,0.021429,564,0,0,0.01676
Run 2,Alessandro Vieri,35,solo,0,0,642,0,0,0.025641,682,0,0,0.045455
Run 2,Alessandro Vieri,35,solo,0,0,306,0,0,0.020833,643,0,0,0.018692
Run 2,Alessandro Vieri,35,joint,1,0,11,1,0,0.0,0,0,0,0.0
Run 2,Alessandro Vieri,35,solo,1,0,11,1,0,0.0,11,1,0,0.0
Run 2,Alessandro Vieri,36,joint,1,0,11,1,0,0.0,0,0,0,0.0
Run 2,Alessandro Vieri,36,solo,0,0,396,1,0,1.0,557,0,0,0.779661
Run 2,Alessandro Vieri,36,solo,0,0,394,1,0,1.0,557,1,0,1.0
Run 2,Alessandro Vieri,36,solo,0,0,478,0,0,0.086331,700,0,0,0.050209
Run 2,Alessandro Vieri,36,solo,0,0,365,0,0,0.039683,701,0,0,0.025
Run 2,Alessandro Vieri,36,solo,0,0,350,0,0,0.0,621,0,0,0.020619
Run 2,Alessandro Vieri,36,solo,0,0,394,1,0,1.0,557,1,0,1.0
Run 2,Alessandro Vieri,36,solo,0,0,396,0,0,0.058252,594,0,0,0.044944
Run 2,Alessandro Vieri,36,solo,0,0,451,0,0,0.090226,911,0,0,0.081633
Run 2,Alessandro Vieri,36,solo,0,0,304,0,0,0.067416,629,0,0,0.040404
Run 2,Alessandro Vieri,36,solo,0,0,394,1,0,1.0,660,0,1,0.830645
Run 2,Alessandro Vieri,36,solo,0,0,293,0,0,0.028846,589,0,0,0.032258
Run 2,Alessandro Vieri,36,solo,0,0,380,0,0,0.071429,797,0,0,0.028926
Run 2,Alessandro Vieri,36,solo,0,0,488,0,0,0.100917,709,0,0,0.031674
Run 2,Alessandro Vieri,36,solo,1,0,11,1,0,0.0,11,1,0,0.0
Run 2,Alessandro Vieri,36,solo,0,0,378,0,0,0.03937,775,0,0,0.075
Run 2,Alessandro Vieri,36,solo,0,0,467,0,0,0.023622,703,0,0,0.037383
Run 2,Alessandro Vieri,36,solo,0,0,473,0,0,0.016529,739,0,0,0.028571
Run 2,Alessandro Vieri,37,joint,1,0,11,1,0,0.0,0,0,0,0.0
Run 2,Alessandro Vieri,37,solo,0,0,396,1,0,1.0,622,0,0,0.736
Run 2,Alessandro Vieri,37,solo,0,0,394,1,0,1.0,639,0,1,0.909091
Run 2,Alessandro Vieri,37,solo,0,0,322,0,0,0.035398,591,0,0,0.010638
Run 2,Alessandro Vieri,37,solo,0,0,615,0,0,0.058824,776,0,0,0.034314
Run 2,Alessandro Vieri,37,solo,0,0,382,0,0,0.009524,593,0,0,0.014778
Run 2,Alessandro Vieri,37,solo,0,0,394,1,0,1.0,639,1,0,1.0
Run 2,Alessandro Vieri,37,solo,0,0,543,0,0,0.020134,711,0,0,0.039648
Run 2,Alessandro Vieri,37,solo,0,0,487,0,0,0.014925,637,0,0,0.025
Run 2,Alessandro Vieri,37,solo,0,0,377,0,0,0.026549,609,0,0,0.034314
Run 2,Alessandro Vieri,37,solo,1,0,11,1,0,0.0,11,1,0,0.0
Run 2,Alessandro Vieri,37,solo,0,0,352,0,0,0.021505,499,0,0,0.029851
Run 2,Alessandro Vieri,37,solo,0,0,424,0,0,0.077519,611,0,0,0.028736
Run 2,Alessandro Vieri,37,solo,0,0,346,0,0,0.029126,636,0,0,0.108911
Run 2,Alessandro Vieri,37,joint,1,0,11,1,0,0.0,0,0,0,0.0
Run 2,Alessandro Vieri,37,solo,1,0,11,1,0,0.0,11,1,0,0.0
Run 2,Alessandro Vieri,38,solo,0,0,396,1,0,1.0,644,0,0,0.733333
Run 2,Alessandro Vieri,38,solo,0,0,386,0,0,0.077586,642,0,0,0.022472
Run 2,Alessandro Vieri,38,solo,0,0,322,0,0,0.047619,528,0,0,0.031746
Run 2,Alessandro Vieri,38,solo,0,0,386,0,0,0.060345,678,0,0,0.059406
Run 2,Alessandro Vieri,38,joint,1,0,11,1,0,0.0,0,0,0,0.0
Run 2,Alessandro Vieri,38,solo,0,0,404,0,0,0.564103,627,0,1,0.909091
Run 2,Alessandro Vieri,38,solo,0,0,646,0,0,0.404959,627,1,0,1.0
Run 2,Alessandro Vieri,38,solo,0,0,326,0,0,0.009434,567,0,0,0.014634
Run 2,Alessandro Vieri,38,solo,0,0,433,0,0,0.008197,624,0,0,0.029126
Run 2,Alessandro Vieri,38,solo,0,0,493,0,0,0.075862,718,0,0,0.086364
Run 2,Alessandro Vieri,38,solo,0,0,401,0,1,0.882353,627,1,0,1.0
Run 2,Alessandro Vieri,38,solo,0,0,448,0,0,0.052239,632,0,0,0.05314
Run 2,Alessandro Vieri,38,solo,0,0,533,0,0,0.00813,575,0,0,0.034653
Run 2,Alessandro Vieri,38,solo,0,0,254,0,0,0.060241,512,0,0,0.038835
Run 2,Alessandro Vieri,38,solo,1,0,11,1,0,0.0,11,1,0,0.0
Run 2,Alessandro Vieri,38,solo,0,0,347,0,0,0.045045,696,0,0,0.052174
Run 2,Alessandro Vieri,38,solo,0,0,346,0,0,0.039604,606,0,0,0.031414
Run 2,Alessandro Vieri,38,solo,0,0,303,0,0,0.05102,484,0,0,0.011905
Run 2,Alessandro Vieri,39,solo,0,0,408,0,1,0.892308,740,0,0,0.66
Run 2,Alessandro Vieri,39,solo,0,0,396,0,0,0.036765,428,0,0,0.033333
Run 2,Alessandro Vieri,39,solo,0,0,409,0,0,0.102804,771,0,0,0.047619
Run 2,Alessandro Vieri,39,solo,0,0,254,0,0,0.13253,674,0,0,0.040404
Run 2,Alessandro Vieri,39,joint,1,0,11,1,0,0.0,0,0,0,0.0
Run 2,Alessandro Vieri,39,solo,0,0,404,0,1,0.855072,740,1,0,1.0
Run 2,Alessandro Vieri,39,solo,0,0,408,1,0,1.0,740,1,0,1.0
Run 2,Alessandro Vieri,39,solo,0,0,479,0,0,0.007812,650,0,0,0.019417
Run 2,Alessandro Vieri,39,solo,0,0,647,0,0,0.020979,836,0,0,0.028807
Run 2,Alessandro Vieri,39,solo,0,0,228,0,0,0.063636,557,0,0,0.100559
Run 2,Alessandro Vieri,39,solo,0,0,408,1,0,1.0,771,1,0,1.0
Run 2,Alessandro Vieri,39,solo,0,0,402,0,0,0.063492,575,0,0,0.019802
Run 2,Alessandro Vieri,39,solo,0,0,473,0,0,0.069767,730,0,0,0.042969
Run 2,Alessandro Vieri,39,solo,0,0,346,0,0,0.065934,721,0,0,0.055814
Run 2,Alessandro Vieri,39,joint,1,0,11,1,0,0.0,0,0,0,0.0
Run 2,Alessandro Vieri,39,solo,1,0,11,1,0,0.0,11,1,0,0.0
Run 2,Alessandro Vieri,40,solo,0,0,406,0,1,0.857143,840,0,0,0.730769
Run 2,Alessandro Vieri,40,solo,0,0,442,0,0,0.038168,599,0,0,0.058824
Run 2,Alessandro Vieri,40,solo,0,0,438,0,0,0.009804,693,0,0,0.025532
Run 2,Alessandro Vieri,40,solo,0,0,371,0,0,0.0,675,0,0,0.028846
Run 2,Alessandro Vieri,40,joint,1,0,11,1,0,0.0,0,0,0,0.0
Run 2,Alessandro Vieri,40,solo,0,0,408,1,0,1.0,840,1,0,1.0
Run 2,Alessandro Vieri,40,solo,0,0,408,1,0,1.0,840,1,0,1.0
Run 2,Alessandro Vieri,40,solo,0,0,512,0,0,0.055944,577,0,0,0.024691
Run 2,Alessandro Vieri,40,solo,0,0,342,0,0,0.034783,607,0,0,0.028249
Run 2,Alessandro Vieri,40,solo,0,0,433,0,0,0.055118,671,0,0,0.025532
Run 2,Alessandro Vieri,40,solo,0,0,408,1,0,1.0,840,1,0,1.0
Run 2,Alessandro Vieri,40,solo,0,0,445,0,0,0.036697,621,0,0,0.015306
Run 2,Alessandro Vieri,40,solo,0,0,438,0,0,0.02439,616,0,0,0.028708
Run 2,Alessandro Vieri,40,solo,0,0,195,0,0,0.207792,705,0,0,0.053191
Run 2,Alessandro Vieri,40,solo,1,0,266,0,0,0.03252,11,1,0,0.0
Run 2,Alessandro Vieri,40,solo,0,0,390,0,0,0.062016,662,0,0,0.035928
Run 2,Alessandro Vieri,40,solo,0,0,568,0,0,0.031056,672,0,0,0.050251
Run 2,Alessandro Vieri,40,solo,0,0,332,0,0,0.0,570,0,0,0.021645
Run 2,Alessandro Vieri,41,joint,1,0,11,1,0,0.0,0,0,0,0.0
Run 2,Alessandro Vieri,41,solo,0,0,408,1,0,1.0,762,0,0,0.614379
Run 2,Alessandro Vieri,41,joint,1,0,11,1,0,0.0,0,0,0,0.0
Run 2,Alessandro Vieri,41,solo,0,0,408,1,0,1.0,762,1,0,1.0
Run 2,Alessandro Vieri,41,solo,0,0,406,1,0,1.0,762,1,0,1.0
Run 2,Alessandro Vieri,41,solo,0,0,610,0,0,0.078788,908,0,0,0.051282
Run 2,Alessandro Vieri,41,solo,0,0,568,0,0,0.007634,572,0,0,0.041667
Run 2,Alessandro Vieri,41,solo,0,0,493,0,0,0.147541,727,0,0,0.054795
Run 2,Alessandro Vieri,41,solo,0,0,406,1,0,1.0,762,1,0,1.0
Run 2,Alessandro Vieri,41,solo,0,0,450,0,0,0.062112,602,0,0,0.031128
Run 2,Alessandro Vieri,41,solo,0,0,414,0,0,0.133858,716,0,0,0.037037
Run 2,Alessandro Vieri,41,solo,0,0,385,0,0,0.021127,554,0,0,0.042857
Run 2,Alessandro Vieri,41,joint,1,0,11,1,0,0.0,0,0,0,0.0
Run 2,Alessandro Vieri,41,solo,1,0,408,1,0,1.0,11,1,0,0.0
Run 2,Alessandro Vieri,42,solo,0,0,406,1,0,1.0,774,0,0,0.630872
Run 2,Alessandro Vieri,42,solo,0,0,396,0,0,0.046667,530,0,0,0.048649
Run 2,Alessandro Vieri,42,solo,0,0,560,0,0,0.05,623,0,0,0.035897
Run 2,Alessandro Vieri,42,solo,0,0,425,0,0,0.080645,693,0,0,0.088889
Run 2,Alessandro Vieri,42,solo,0,0,534,0,0,0.503759,758,0,0,0.57931
Run 2,Alessandro Vieri,42,solo,0,0,278,0,0,0.04918,695,0,0,0.025751
Run 2,Alessandro Vieri,42,solo,0,0,562,0,0,0.025641,730,0,0,0.02193
Run 2,Alessandro Vieri,42,solo,0,0,346,0,0,0.018349,823,0,0,0.026718
Run 2,Alessandro Vieri,42,solo,0,0,406,1,0,1.0,774,1,0,1.0
Run 2,Alessandro Vieri,42,solo,0,0,319,0,0,0.071429,668,0,0,0.044053
Run 2,Alessandro Vieri,42,solo,0,0,428,0,0,0.107143,705,0,0,0.055814
Run 2,Alessandro Vieri,42,solo,0,0,418,0,0,0.116505,691,0,0,0.101449
Run 2,Alessandro Vieri,42,joint,1,0,11,1,0,0.0,0,0,0,0.0
Run 2,Alessandro Vieri,42,solo,0,0,408,1,0,1.0,774,1,0,1.0
Run 2,Alessandro Vieri,42,joint,1,0,11,1,0,0.0,0,0,0,0.0
Run 2,Alessandro Vieri,42,solo,1,0,408,1,0,1.0,11,1,0,0.0
Run 2,Alessandro Vieri,43,solo,0,0,406,1,0,1.0,610,0,0,0.785714
Run 2,Alessandro Vieri,43,solo,0,0,420,0,0,0.072993,555,0,0,0.096257
Run 2,Alessandro Vieri,43,solo,0,0,528,0,0,0.031496,580,0,0,0.152174
Run 2,Alessandro Vieri,43,solo,0,0,351,0,0,0.030303,824,0,0,0.035088
Run 2,Alessandro Vieri,43,solo,0,0,406,1,0,1.0,610,1,0,1.0
Run 2,Alessandro Vieri,43,solo,0,0,498,0,0,0.0625,635,0,0,0.036866
Run 2,Alessandro Vieri,43,solo,0,0,427,0,0,0.06087,682,0,0,0.089005
Run 2,Alessandro Vieri,43,solo,0,0,326,0,0,0.0625,583,0,0,0.02
Run 2,Alessandro Vieri,43,solo,0,0,406,1,0,1.0,610,1,0,1.0
Run 2,Alessandro Vieri,43,solo,0,0,299,0,0,0.027273,518,0,0,0.016129
Run 2,Alessandro Vieri,43,solo,0,0,381,0,0,0.046358,614,0,0,0.036082
Run 2,Alessandro Vieri,43,solo,0,0,360,0,0,0.026549,617,0,0,0.018957
Run 2,Alessandro Vieri,43,solo,1,0,11,1,0,0.0,11,1,0,0.0
Run 2,Alessandro Vieri,43,solo,0,0,411,0,0,0.110236,675,0,0,0.085308
Run 2,Alessandro Vieri,43,solo,0,0,517,0,0,0.020979,696,0,0,0.039409
Run 2,Alessandro Vieri,43,solo,0,0,426,0,0,0.044118,581,0,0,0.021552
Run 2,Alessandro Vieri,43,solo,1,0,11,1,0,0.0,11,1,0,0.0
Run 2,Alessandro Vieri,43,solo,0,0,546,0,0,0.02924,553,0,0,0.037383
Run 2,Alessandro Vieri,43,solo,0,0,605,0,0,0.016949,658,0,0,0.050459
Run 2,Alessandro Vieri,43,solo,0,0,398,0,0,0.070175,610,0,0,0.026316
Run 2,Alessandro Vieri,44,solo,0,0,406,1,0,1.0,560,0,1,0.846154
Run 2,Alessandro Vieri,44,solo,0,0,303,0,0,0.020833,795,0,0,0.04955
Run 2,Alessandro Vieri,44,solo,0,0,456,0,0,0.07563,668,0,0,0.039801
Run 2,Alessandro Vieri,44,solo,0,0,465,0,0,0.053435,948,0,0,0.08642
Run 2,Alessandro Vieri,44,joint,1,0,11,1,0,0.0,0,0,0,0.0
Run 2,Alessandro Vieri,44,solo,0,0,408,1,0,1.0,560,1,0,1.0
Run 2,Alessandro Vieri,44,solo,0,0,532,0,0,0.663043,720,0,0,0.778626
Run 2,Alessandro Vieri,44,solo,0,0,504,0,0,0.015625,722,0,0,0.054054
Run 2,Alessandro Vieri,44,solo,0,0,380,0,0,0.055118,647,0,0,0.056872
Run 2,Alessandro Vieri,44,solo,0,0,422,0,0,0.047619,709,0,0,0.042194
Run 2,Alessandro Vieri,44,joint,1,0,11,1,0,0.0,0,0,0,0.0
Run 2,Alessandro Vieri,44,solo,0,0,408,1,0,1.0,720,1,0,1.0
Run 2,Alessandro Vieri,44,solo,1,0,406,1,0,1.0,11,1,0,0.0
Run 2,Alessandro Vieri,44,solo,0,0,353,0,0,0.027273,778,0,0,0.088353
Run 2,Alessandro Vieri,44,solo,0,0,514,0,0,0.03268,826,0,0,0.026316
Run 2,Alessandro Vieri,44,solo,0,0,418,0,0,0.051724,698,0,0,0.024155
Run 2,Alessandro Vieri,45,solo,0,0,406,1,0,1.0,608,0,0,0.747967
Run 2,Alessandro Vieri,45,solo,0,0,461,0,0,0.027972,541,0,0,0.105634
Run 2,Alessandro Vieri,45,solo,0,0,567,0,0,0.029586,743,0,0,0.017544
Run 2,Alessandro Vieri,45,solo,0,0,464,0,0,0.037037,585,0,0,0.021739
Run 2,Alessandro Vieri,45,joint,1,0,11,1,0,0.0,0,0,0,0.0
Run 2,Alessandro Vieri,45,solo,0,0,408,1,0,1.0,608,1,0,1.0
Run 2,Alessandro Vieri,45,solo,0,0,406,1,0,1.0,608,1,0,1.0
Run 2,Alessandro Vieri,45,solo,0,0,485,0,0,0.014184,644,0,0,0.031579
Run 2,Alessandro Vieri,45,solo,0,0,506,0,0,0.037594,747,0,0,0.037175
Run 2,Alessandro Vieri,45,solo,0,0,280,0,0,0.125,705,0,0,0.026316
Run 2,Alessandro Vieri,45,solo,1,0,406,1,0,1.0,11,1,0,0.0
Run 2,Alessandro Vieri,45,solo,0,0,423,0,0,0.030534,743,0,0,0.066964
Run 2,Alessandro Vieri,45,solo,0,0,523,0,0,0.029412,804,0,0,0.048872
Run 2,Alessandro Vieri,45,solo,0,0,369,0,0,0.035971,570,0,0,0.021622
Run 2,Alessandro Vieri,45,solo,1,0,11,1,0,0.0,11,1,0,0.0
Run 2,Alessandro Vieri,45,solo,0,0,382,0,0,0.073394,593,0,0,0.057143
Run 2,Alessandro Vieri,45,solo,0,0,393,0,0,0.078261,557,0,0,0.051136
Run 2,Alessandro Vieri,45,solo,0,0,312,0,0,0.009804,681,0,0,0.063725
Run 2,Alessandro Vieri,46,solo,0,0,406,1,0,1.0,626,0,0,0.768595
Run 2,Alessandro Vieri,46,solo,0,0,372,0,0,0.064815,670,0,0,0.06278
Run 2,Alessandro Vieri,46,solo,0,0,537,0,0,0.0625,691,0,0,0.031963
Run 2,Alessandro Vieri,46,solo,0,0,401,0,0,0.093023,743,0,0,0.0375
Run 2,Alessandro Vieri,46,joint,1,0,11,1,0,0.0,0,0,0,0.0
Run 2,Alessandro Vieri,46,solo,0,0,459,0,0,0.229358,626,1,0,1.0
Run 2,Alessandro Vieri,46,solo,0,0,406,1,0,1.0,626,1,0,1.0
Run 2,Alessandro Vieri,46,solo,0,0,351,0,0,0.075,533,0,0,0.042781
Run 2,Alessandro Vieri,46,solo,0,0,444,0,0,0.023077,754,0,0,0.048583
Run 2,Alessandro Vieri,46,solo,0,0,320,0,0,0.016807,585,0,0,0.026455
Run 2,Alessandro Vieri,46,solo,0,0,406,1,0,1.0,626,1,0,1.0
Run 2,Alessandro Vieri,46,solo,0,0,529,0,0,0.04,809,0,0,0.034188
Run 2,Alessandro Vieri,46,solo,0,0,604,0,0,0.005291,595,0,0,0.021834
Run 2,Alessandro Vieri,46,solo,0,0,478,0,0,0.133333,976,0,0,0.042308
Run 2,Alessandro Vieri,46,solo,1,0,11,1,0,0.0,11,1,0,0.0
Run 2,Alessandro Vieri,46,solo,0,0,360,0,0,0.0625,583,0,0,0.028249
Run 2,Alessandro Vieri,46,solo,0,0,429,0,0,0.031056,713,0,0,0.056034
Run 2,Alessandro Vieri,46,solo,0,0,337,0,0,0.020408,636,0,0,0.066986
Run 2,Alessandro Vieri,47,joint,1,0,11,1,0,0.0,0,0,0,0.0
Run 2,Alessandro Vieri,47,solo,0,0,408,1,0,1.0,622,0,0,0.783333
Run 2,Alessandro Vieri,47,solo,0,0,406,1,0,1.0,622,1,0,1.0
Run 2,Alessandro Vieri,47,solo,0,0,402,0,0,0.027211,722,0,0,0.047619
Run 2,Alessandro Vieri,47,solo,0,0,499,0,0,0.071429,661,0,0,0.054393
Run 2,Alessandro Vieri,47,solo,0,0,555,0,0,0.092199,642,0,0,0.064655
Run 2,Alessandro Vieri,47,solo,0,0,406,1,0,1.0,622,1,0,1.0
Run 2,Alessandro Vieri,47,solo,0,0,511,0,0,0.017045,666,0,0,0.103774
Run 2,Alessandro Vieri,47,solo,0,0,431,0,0,0.029197,783,0,0,0.043902
Run 2,Alessandro Vieri,47,solo,0,0,377,0,0,0.16,677,0,0,0.078704
Run 2,Alessandro Vieri,47,joint,1,0,11,1,0,0.0,0,0,0,0.0
Run 2,Alessandro Vieri,47,solo,1,0,11,1,0,0.0,11,1,0,0.0
Run 2,Alessandro Vieri,47,solo,1,0,11,1,0,0.0,11,1,0,0.0
Run 2,Alessandro Vieri,47,solo,0,0,577,0,0,0.091398,698,0,0,0.038095
Run 2,Alessandro Vieri,47,solo,0,0,434,0,0,0.019355,704,0,0,0.009569
Run 2,Alessandro Vieri,47,solo,0,0,413,0,0,0.034014,670,0,0,0.022222
Run 2,Alessandro Vieri,48,solo,0,0,380,0,0,0.636364,625,0,0,0.760331
Run 2,Alessandro Vieri,48,solo,0,0,332,0,0,0.009709,503,0,0,0.025381
Run 2,Alessandro Vieri,48,solo,0,0,454,0,0,0.095541,582,0,0,0.145161
Run 2,Alessandro Vieri,48,solo,0,0,239,0,0,0.020619,720,0,0,0.013825
Run 2,Alessandro Vieri,48,solo,0,0,382,1,0,1.0,625,1,0,1.0
Run 2,Alessandro Vieri,48,solo,0,0,485,0,0,0.122699,637,0,0,0.050691
Run 2,Alessandro Vieri,48,solo,0,0,456,0,0,0.054264,643,0,0,0.014563
Run 2,Alessandro Vieri,48,solo,0,0,333,0,0,0.014388,626,0,0,0.019231
Run 2,Alessandro Vieri,48,solo,0,0,378,0,0,0.726027,625,1,0,1.0
Run 2,Alessandro Vieri,48,solo,0,0,428,0,0,0.026087,675,0,0,0.013761
Run 2,Alessandro Vieri,48,solo,0,0,528,0,0,0.027586,737,0,0,0.035573
Run 2,Alessandro Vieri,48,solo,0,0,380,0,0,0.014599,640,0,0,0.020942
Run 2,Alessandro Vieri,48,joint,1,0,11,1,0,0.0,0,0,0,0.0
Run 2,Alessandro Vieri,48,solo,1,0,368,0,0,0.010309,11,1,0,0.0
Run 2,Alessandro Vieri,48,joint,1,0,11,1,0,0.0,0,0,0,0.0
Run 2,Alessandro Vieri,48,solo,1,0,11,1,0,0.0,11,1,0,0.0
Run 2,Alessandro Vieri,49,solo,0,0,372,0,0,0.518987,614,0,1,0.819672
Run 2,Alessandro Vieri,49,solo,0,0,367,0,0,0.06,595,0,0,0.064865
Run 2,Alessandro Vieri,49,solo,0,0,350,0,0,0.094017,550,0,0,0.041885
Run 2,Alessandro Vieri,49,solo,0,0,362,0,0,0.060606,862,0,0,0.025926
Run 2,Alessandro Vieri,49,solo,0,0,374,1,0,1.0,614,1,0,1.0
Run 2,Alessandro Vieri,49,solo,0,0,443,0,0,0.05042,593,0,0,0.025641
Run 2,Alessandro Vieri,49,solo,0,0,432,0,0,0.057377,578,0,0,0.018957
Run 2,Alessandro Vieri,49,solo,0,0,367,0,0,0.033898,695,0,0,0.050228
Run 2,Alessandro Vieri,49,joint,1,0,11,1,0,0.0,0,0,0,0.0
Run 2,Alessandro Vieri,49,solo,0,0,372,1,0,1.0,695,1,0,1.0
Run 2,Alessandro Vieri,49,solo,0,0,513,0,0,0.565657,657,0,0,0.64
Run 2,Alessandro Vieri,49,solo,0,0,302,0,0,0.064516,579,0,0,0.059406
Run 2,Alessandro Vieri,49,solo,0,0,356,0,0,0.063492,721,0,0,0.081448
Run 2,Alessandro Vieri,49,solo,0,0,276,0,0,0.117647,616,0,0,0.030837
Run 2,Alessandro Vieri,49,solo,1,0,11,1,0,0.0,11,1,0,0.0
Run 2,Alessandro Vieri,49,solo,0,0,444,0,0,0.035461,650,0,0,0.122066
Run 2,Alessandro Vieri,49,solo,0,0,357,0,0,0.017094,612,0,0,0.042553
Run 2,Alessandro Vieri,49,solo,0,0,245,0,0,0.030612,532,0,0,0.027322
Run 2,Alessandro Vieri,50,solo,0,0,372,1,0,1.0,721,0,0,0.544304
Run 2,Alessandro Vieri,50,solo,0,0,477,0,0,0.030303,605,0,0,0.07619
Run 2,Alessandro Vieri,50,solo,0,0,310,0,0,0.074766,578,0,0,0.03913
Run 2,Alessandro Vieri,50,solo,0,0,362,0,0,0.16,570,0,0,0.042328
Run 2,Alessandro Vieri,50,joint,1,0,11,1,0,0.0,0,0,0,0.0
Run 2,Alessandro Vieri,50,solo,0,0,372,1,0,1.0,721,1,0,1.0
Run 2,Alessandro Vieri,50,solo,0,0,372,1,0,1.0,721,1,0,1.0
Run 2,Alessandro Vieri,50,solo,0,0,500,0,0,0.076923,803,0,0,0.073394
Run 2,Alessandro Vieri,50,solo,0,0,429,0,0,0.132231,668,0,0,0.024793
Run 2,Alessandro Vieri,50,solo,0,0,416,0,0,0.054688,538,0,0,0.037915
Run 2,Alessandro Vieri,50,solo,0,0,415,0,1,0.890625,721,1,0,1.0
Run 2,Alessandro Vieri,50,solo,0,0,481,0,0,0.015152,454,0,0,0.018634
Run 2,Alessandro Vieri,50,solo,0,0,505,0,0,0.234848,949,0,0,0.082707
Run 2,Alessandro Vieri,50,solo,0,0,434,0,0,0.138889,593,0,0,0.042056
Run 2,Alessandro Vieri,50,joint,1,0,11,1,0,0.0,0,0,0,0.0
Run 2,Alessandro Vieri,50,solo,1,0,11,1,0,0.0,11,1,0,0.0
Run 2,Alessandro Vieri,51,solo,0,0,372,1,0,1.0,867,0,0,0.494565
Run 2,Alessandro Vieri,51,solo,0,0,518,0,0,0.019608,651,0,0,0.075893
Run 2,Alessandro Vieri,51,solo,0,0,485,0,0,0.023438,606,0,0,0.036082
Run 2,Alessandro Vieri,51,solo,0,0,361,0,0,0.13,614,0,0,0.053763
Run 2,Alessandro Vieri,51,solo,0,0,372,1,0,1.0,867,1,0,1.0
Run 2,Alessandro Vieri,51,solo,0,0,461,0,0,0.130137,647,0,0,0.041667
Run 2,Alessandro Vieri,51,solo,0,0,438,0,0,0.014286,722,0,0,0.013575
Run 2,Alessandro Vieri,51,solo,0,0,434,0,0,0.08871,804,0,0,0.028037
Run 2,Alessandro Vieri,51,joint,1,0,11,1,0,0.0,0,0,0,0.0
Run 2,Alessandro Vieri,51,solo,0,0,372,1,0,1.0,867,1,0,1.0
Run 2,Alessandro Vieri,51,solo,0,0,372,1,0,1.0,867,1,0,1.0
Run 2,Alessandro Vieri,51,solo,0,0,302,0,0,0.069307,583,0,0,0.027778
Run 2,Alessandro Vieri,51,solo,0,0,352,0,0,0.083333,663,0,0,0.063415
Run 2,Alessandro Vieri,51,solo,0,0,365,0,0,0.068376,627,0,0,0.052381
Run 2,Alessandro Vieri,51,solo,1,0,11,1,0,0.0,11,1,0,0.0
Run 2,Alessandro Vieri,51,solo,0,0,334,0,0,0.014493,542,0,0,0.073394
Run 2,Alessandro Vieri,51,solo,0,0,450,0,0,0.222222,604,0,0,0.038462
Run 2,Alessandro Vieri,51,solo,0,0,188,0,0,0.027778,573,0,0,0.018349
Run 2,Alessandro Vieri,52,solo,0,0,372,1,0,1.0,627,0,0,0.640845
Run 2,Alessandro Vieri,52,solo,0,0,256,0,0,0.027273,556,0,0,0.02381
Run 2,Alessandro Vieri,52,solo,0,0,534,0,0,0.12987,630,0,0,0.045455
Run 2,Alessandro Vieri,52,solo,0,0,352,0,0,0.082569,742,0,0,0.048458
Run 2,Alessandro Vieri,52,solo,0,0,317,0,0,0.734375,627,1,0,1.0
Run 2,Alessandro Vieri,52,solo,0,0,373,0,0,0.030075,850,0,0,0.016393
Run 2,Alessandro Vieri,52,solo,0,0,371,0,0,0.025424,582,0,0,0.029703
Run 2,Alessandro Vieri,52,solo,0,0,370,0,0,0.029197,728,0,0,0.012821
Run 2,Alessandro Vieri,52,joint,1,0,11,1,0,0.0,0,0,0,0.0
Run 2,Alessandro Vieri,52,solo,0,0,372,1,0,1.0,627,1,0,1.0
Run 2,Alessandro Vieri,52,solo,0,0,372,1,0,1.0,627,1,0,1.0
Run 2,Alessandro Vieri,52,solo,0,0,336,0,0,0.04386,601,0,0,0.022599
Run 2,Alessandro Vieri,52,solo,0,0,292,0,0,0.020202,672,0,0,0.020408
Run 2,Alessandro Vieri,52,solo,0,0,451,0,0,0.141593,654,0,0,0.044248
Run 2,Alessandro Vieri,52,solo,1,0,11,1,0,0.0,11,1,0,0.0
Run 2,Alessandro Vieri,52,solo,0,0,406,0,0,0.032,818,0,0,0.050388
Run 2,Alessandro Vieri,52,solo,0,0,309,0,0,0.028037,617,0,0,0.020619
Run 2,Alessandro Vieri,52,solo,0,0,333,0,0,0.01626,548,0,0,0.021858
Run 3,Aaron Whitfield,1,joint,0,0,365,0,0,0.0,488,0,0,0.0
Run 3,Aaron Whitfield,1,solo,0,0,427,0,0,0.0,549,0,0,0.0
Run 3,Aaron Whitfield,1,solo,0,0,386,0,0,0.0,511,0,0,0.0
Run 3,Aaron Whitfield,1,solo,0,0,330,0,0,0.0,503,0,0,0.0
Run 3,Aaron Whitfield,1,solo,0,0,368,0,0,0.0,524,0,0,0.057143
Run 3,Aaron Whitfield,1,solo,0,0,430,0,0,0.024793,477,0,0,0.006098
Run 3,Aaron Whitfield,1,solo,0,0,425,0,0,0.006803,735,0,0,0.004717
Run 3,Aaron Whitfield,1,solo,0,0,466,0,0,0.0,643,0,0,0.009524
Run 3,Aaron Whitfield,1,solo,0,0,301,0,0,0.02,582,0,0,0.032864
Run 3,Aaron Whitfield,1,solo,0,0,399,0,0,0.046296,583,0,0,0.028249
Run 3,Aaron Whitfield,1,joint,0,0,329,0,0,0.0,568,0,0,0.0
Run 3,Aaron Whitfield,1,solo,0,0,327,0,0,0.034247,512,0,0,0.021164
Run 3,Aaron Whitfield,1,solo,0,0,458,0,0,0.040541,618,0,0,0.108225
Run 3,Aaron Whitfield,1,solo,0,0,270,0,0,0.0,467,0,0,0.011834
Run 3,Aaron Whitfield,1,solo,0,0,334,0,0,0.112,546,0,0,0.010929
Run 3,Aaron Whitfield,1,solo,0,0,337,0,0,0.067308,609,0,0,0.013953
Run 3,Aaron Whitfield,2,solo,0,0,391,0,0,0.235294,552,0,0,0.09375
Run 3,Aaron Whitfield,2,solo,0,0,308,0,0,0.043011,639,0,0,0.013953
Run 3,Aaron Whitfield,2,solo,0,0,274,0,0,0.1375,509,0,0,0.0181
Run 3,Aaron Whitfield,2,solo,0,0,426,0,0,0.00813,646,0,0,0.023697
Run 3,Aaron Whitfield,2,solo,0,0,474,0,0,0.712644,599,0,0,0.690647
Run 3,Aaron Whitfield,2,solo,0,0,293,0,0,0.122222,472,0,0,0.017964
Run 3,Aaron Whitfield,2,solo,0,0,450,0,0,0.03937,486,0,0,0.018293
Run 3,Aaron Whitfield,2,solo,0,0,411,0,0,0.007299,595,0,0,0.024876
Run 3,Aaron Whitfield,2,solo,0,0,391,1,0,1.0,599,1,0,1.0
Run 3,Aaron Whitfield,2,solo,0,0,452,0,0,0.067797,791,0,0,0.0125
Run 3,Aaron Whitfield,2,solo,0,0,359,0,0,0.135135,480,0,0,0.075269
Run 3,Aaron Whitfield,2,solo,0,0,355,0,0,0.025,593,0,0,0.011111
Run 3,Aaron Whitfield,2,joint,1,0,11,0,0,0.0,0,0,0,0.0
Run 3,Aaron Whitfield,2,solo,0,0,458,0,0,0.771739,601,0,1,0.915966
Run 3,Aaron Whitfield,2,solo,0,0,391,1,0,1.0,599,1,0,1.0
Run 3,Aaron Whitfield,2,solo,0,0,323,0,0,0.027027,577,0,0,0.019324
Run 3,Aaron Whitfield,2,solo,0,0,361,0,0,0.161905,517,0,0,0.025641
Run 3,Aaron Whitfield,2,solo,0,0,346,0,0,0.007576,544,0,0,0.046784
Run 3,Aaron Whitfield,3,solo,0,0,347,0,1,0.909091,638,0,0,0.680851
Run 3,Aaron Whitfield,3,solo,0,0,480,0,0,0.061538,586,0,0,0.033493
Run 3,Aaron Whitfield,3,solo,0,0,366,0,0,0.110092,725,0,0,0.029268
Run 3,Aaron Whitfield,3,solo,0,0,478,0,0,0.090226,478,0,0,0.022989
Run 3,Aaron Whitfield,3,joint,1,0,11,1,0,0.0,0,0,0,0.0
Run 3,Aaron Whitfield,3,solo,0,0,349,0,1,0.846154,640,0,1,0.921875
Run 3,Aaron Whitfield,3,solo,0,0,391,1,0,1.0,638,1,0,1.0
Run 3,Aaron Whitfield,3,solo,0,0,307,0,0,0.105263,519,0,0,0.032432
Run 3,Aaron Whitfield,3,solo,0,0,470,0,0,0.173554,706,0,0,0.045249
Run 3,Aaron Whitfield,3,solo,0,0,424,0,0,0.032258,500,0,0,0.035714
Run 3,Aaron Whitfield,3,solo,0,0,391,1,0,1.0,638,1,0,1.0
Run 3,Aaron Whitfield,3,solo,0,0,207,0,0,0.0,524,0,0,0.032609
Run 3,Aaron Whitfield,3,solo,0,0,354,0,0,0.084112,521,0,0,0.033898
Run 3,Aaron Whitfield,3,solo,0,0,466,0,0,0.15873,568,0,0,0.011111
Run 3,Aaron Whitfield,3,joint,1,0,11,1,0,0.0,0,0,0,0.0
Run 3,Aaron Whitfield,3,solo,0,0,396,0,0,0.284483,509,0,1,0.902174
Run 3,Aaron Whitfield,4,joint,1,0,11,1,0,0.0,0,0,0,0.0
Run 3,Aaron Whitfield,4,solo,0,0,407,0,0,0.773333,589,0,0,0.779528
Run 3,Aaron Whitfield,4,solo,0,0,347,1,0,1.0,587,0,1,0.91453
Run 3,Aaron Whitfield,4,solo,0,0,383,0,0,0.025641,576,0,0,0.037037
Run 3,Aaron Whitfield,4,solo,0,0,324,0,0,0.208333,588,0,0,0.026316
Run 3,Aaron Whitfield,4,solo,0,0,391,0,0,0.014815,638,0,0,0.01
Run 3,Aaron Whitfield,4,solo,0,0,405,0,1,0.871795,587,1,0,1.0
Run 3,Aaron Whitfield,4,solo,0,0,479,0,0,0.05625,572,0,0,0.02139
Run 3,Aaron Whitfield,4,solo,0,0,494,0,0,0.03252,527,0,0,0.073892
Run 3,Aaron Whitfield,4,solo,0,0,280,0,0,0.017857,662,0,0,0.019704
Run 3,Aaron Whitfield,4,solo,0,0,449,0,1,0.924051,587,1,0,1.0
Run 3,Aaron Whitfield,4,solo,0,0,383,0,0,0.01626,524,0,0,0.053476
Run 3,Aaron Whitfield,4,solo,0,0,424,0,0,0.192661,542,0,0,0.016129
Run 3,Aaron Whitfield,4,solo,0,0,355,0,0,0.028571,528,0,0,0.023121
Run 3,Aaron Whitfield,4,solo,0,0,449,1,0,1.0,587,1,0,1.0
Run 3,Aaron Whitfield,4,solo,0,0,336,0,0,0.079208,513,0,0,0.022727
Run 3,Aaron Whitfield,4,solo,0,0,553,0,0,0.039735,618,0,0,0.010929
Run 3,Aaron Whitfield,4,solo,0,0,361,0,0,0.154545,503,0,0,0.058824
Run 3,Aaron Whitfield,5,solo,0,0,360,0,1,0.857143,600,0,0,0.721805
Run 3,Aaron Whitfield,5,solo,0,0,345,0,0,0.147368,699,0,0,0.026087
Run 3,Aaron Whitfield,5,solo,0,0,401,0,0,0.142857,502,0,0,0.030303
Run 3,Aaron Whitfield,5,solo,0,0,398,0,0,0.024194,757,0,0,0.00885
Run 3,Aaron Whitfield,5,joint,1,0,11,1,0,0.0,0,0,0,0.0
Run 3,Aaron Whitfield,5,solo,0,0,589,0,0,0.346774,602,0,1,0.918033
Run 3,Aaron Whitfield,5,solo,0,0,355,0,0,0.72,682,0,1,0.9
Run 3,Aaron Whitfield,5,solo,0,0,427,0,0,0.034722,538,0,0,0.02994
Run 3,Aaron Whitfield,5,solo,0,0,307,0,0,0.041667,530,0,0,0.056872
Run 3,Aaron Whitfield,5,solo,0,0,270,0,0,0.018349,622,0,0,0.038043
Run 3,Aaron Whitfield,5,solo,0,0,479,0,0,0.688679,600,1,0,1.0
Run 3,Aaron Whitfield,5,solo,0,0,408,0,0,0.130841,700,0,0,0.015464
Run 3,Aaron Whitfield,5,solo,0,0,454,0,0,0.056738,643,0,0,0.027778
Run 3,Aaron Whitfield,5,solo,0,0,586,0,0,0.012346,622,0,0,0.020408
Run 3,Aaron Whitfield,5,solo,1,0,479,1,0,1.0,11,0,0,0.0
Run 3,Aaron Whitfield,5,solo,0,0,382,0,0,0.086957,530,0,0,0.009901
Run 3,Aaron Whitfield,5,solo,0,0,363,0,0,0.247525,509,0,0,0.078788
Run 3,Aaron Whitfield,5,solo,0,0,471,0,0,0.065217,597,0,0,0.009259
Run 3,Aaron Whitfield,6,solo,0,0,499,0,0,0.598039,611,0,0,0.763359
Run 3,Aaron Whitfield,6,solo,0,0,184,0,0,0.125,557,0,0,0.02439
Run 3,Aaron Whitfield,6,solo,0,0,337,0,0,0.065421,689,0,0,0.041026
Run 3,Aaron Whitfield,6,solo,0,0,375,0,0,0.169811,515,0,0,0.043478
Run 3,Aaron Whitfield,6,solo,0,0,360,1,0,1.0,611,1,0,1.0
Run 3,Aaron Whitfield,6,solo,0,0,427,0,0,0.142857,573,0,0,0.039216
Run 3,Aaron Whitfield,6,solo,0,0,441,0,0,0.192982,583,0,0,0.044843
Run 3,Aaron Whitfield,6,solo,0,0,279,0,0,0.015038,560,0,0,0.027174
Run 3,Aaron Whitfield,6,joint,1,0,11,1,0,0.0,0,0,0,0.0
Run 3,Aaron Whitfield,6,solo,0,0,501,0,1,0.886364,710,0,1,0.8
Run 3,Aaron Whitfield,6,solo,0,0,374,0,1,0.873239,684,0,0,0.087805
Run 3,Aaron Whitfield,6,solo,0,0,473,0,0,0.043796,615,0,0,0.016216
Run 3,Aaron Whitfield,6,solo,0,0,367,0,0,0.043165,538,0,0,0.031579
Run 3,Aaron Whitfield,6,solo,0,0,319,0,0,0.034783,595,0,0,0.018605
Run 3,Aaron Whitfield,6,solo,1,0,11,0,0,0.0,11,1,0,0.0
Run 3,Aaron Whitfield,6,solo,0,0,420,0,0,0.111111,683,0,0,0.00885
Run 3,Aaron Whitfield,6,solo,0,0,380,0,0,0.008403,576,0,0,0.036458
Run 3,Aaron Whitfield,6,solo,0,0,361,0,0,0.127273,555,0,0,0.057895
Run 3,Aaron Whitfield,7,solo,0,0,499,1,0,1.0,590,0,0,0.782946
Run 3,Aaron Whitfield,7,solo,0,0,480,0,0,0.096296,714,0,0,0.026316
Run 3,Aaron Whitfield,7,solo,0,0,401,0,0,0.135922,664,0,0,0.023474
Run 3,Aaron Whitfield,7,solo,0,0,345,0,0,0.040984,584,0,0,0.028708
Run 3,Aaron Whitfield,7,solo,0,0,499,1,0,1.0,590,1,0,1.0
Run 3,Aaron Whitfield,7,solo,0,0,362,0,0,0.160377,436,0,0,0.022222
Run 3,Aaron Whitfield,7,solo,0,0,389,0,0,0.081967,518,0,0,0.025381
Run 3,Aaron Whitfield,7,solo,0,0,411,0,0,0.178571,604,0,0,0.062827
Run 3,Aaron Whitfield,7,solo,0,0,499,1,0,1.0,590,1,0,1.0
Run 3,Aaron Whitfield,7,solo,0,0,423,0,0,0.116788,636,0,0,0.055
Run 3,Aaron Whitfield,7,solo,0,0,372,0,0,0.0625,500,0,0,0.05
Run 3,Aaron Whitfield,7,solo,0,0,439,0,0,0.081967,667,0,0,0.018692
Run 3,Aaron Whitfield,7,solo,0,0,499,1,0,1.0,590,1,0,1.0
Run 3,Aaron Whitfield,7,solo,0,0,434,0,0,0.096491,493,0,0,0.038835
Run 3,Aaron Whitfield,7,solo,0,0,280,0,0,0.064935,513,0,0,0.034483
Run 3,Aaron Whitfield,7,solo,0,0,419,0,0,0.140741,554,0,0,0.054726
Run 3,Aaron Whitfield,7,solo,1,0,11,1,0,0.0,11,1,0,0.0
Run 3,Aaron Whitfield,7,solo,0,0,431,0,0,0.04878,523,0,0,0.010638
Run 3,Aaron Whitfield,7,solo,0,0,352,0,0,0.032258,516,0,0,0.028902
Run 3,Aaron Whitfield,7,solo,0,0,298,0,0,0.160377,451,0,0,0.02381
Run 3,Aaron Whitfield,8,joint,1,0,11,1,0,0.0,0,0,0,0.0
Run 3,Aaron Whitfield,8,solo,0,0,677,0,0,0.70339,597,0,0,0.770992
Run 3,Aaron Whitfield,8,solo,0,0,499,1,0,1.0,597,1,0,1.0
Run 3,Aaron Whitfield,8,solo,0,0,426,0,0,0.007692,552,0,0,0.037433
Run 3,Aaron Whitfield,8,solo,0,0,440,0,0,0.07971,512,0,0,0.097561
Run 3,Aaron Whitfield,8,solo,0,0,445,0,0,0.040268,865,0,0,0.025
Run 3,Aaron Whitfield,8,solo,0,0,494,0,1,0.875,597,1,0,1.0
Run 3,Aaron Whitfield,8,solo,0,0,350,0,0,0.04,626,0,0,0.057895
Run 3,Aaron Whitfield,8,solo,0,0,395,0,0,0.135135,597,0,0,0.060606
Run 3,Aaron Whitfield,8,solo,0,0,420,0,0,0.037313,623,0,0,0.059701
Run 3,Aaron Whitfield,8,solo,0,0,494,1,0,1.0,597,1,0,1.0
Run 3,Aaron Whitfield,8,solo,0,0,271,0,0,0.022901,736,0,0,0.024155
Run 3,Aaron Whitfield,8,solo,0,0,377,0,0,0.115385,604,0,0,0.034653
Run 3,Aaron Whitfield,8,solo,0,0,564,0,0,0.094595,556,0,0,0.03653
Run 3,Aaron Whitfield,8,solo,1,0,11,1,0,0.0,11,1,0,0.0
Run 3,Aaron Whitfield,8,solo,0,0,373,0,0,0.040816,625,0,0,0.076233
Run 3,Aaron Whitfield,8,solo,0,0,340,0,0,0.09434,691,0,0,0.046729
Run 3,Aaron Whitfield,8,solo,0,0,313,0,0,0.0,576,0,0,0.030769
Run 3,Aaron Whitfield,9,joint,1,0,11,1,0,0.0,0,0,0,0.0
Run 3,Aaron Whitfield,9,solo,0,0,496,0,1,0.885057,631,0,0,0.676259
Run 3,Aaron Whitfield,9,solo,0,0,363,0,0,0.627907,631,1,0,1.0
Run 3,Aaron Whitfield,9,solo,0,0,348,0,0,0.04902,598,0,0,0.062827
Run 3,Aaron Whitfield,9,solo,0,0,573,0,0,0.048951,701,0,0,0.024155
Run 3,Aaron Whitfield,9,solo,0,0,465,0,0,0.080882,566,0,0,0.044554
Run 3,Aaron Whitfield,9,solo,0,0,496,1,0,1.0,631,1,0,1.0
Run 3,Aaron Whitfield,9,solo,0,0,480,0,0,0.146341,500,0,0,0.067708
Run 3,Aaron Whitfield,9,solo,0,0,283,0,0,0.125,615,0,0,0.027027
Run 3,Aaron Whitfield,9,solo,0,0,388,0,0,0.127451,680,0,0,0.026786
Run 3,Aaron Whitfield,9,solo,0,0,496,1,0,1.0,631,1,0,1.0
Run 3,Aaron Whitfield,9,solo,0,0,310,0,0,0.018519,537,0,0,0.074074
Run 3,Aaron Whitfield,9,solo,0,0,460,0,0,0.102564,658,0,0,0.032558
Run 3,Aaron Whitfield,9,solo,0,0,306,0,0,0.125,536,0,0,0.068571
Run 3,Aaron Whitfield,9,solo,1,0,11,1,0,0.0,11,1,0,0.0
Run 3,Aaron Whitfield,9,solo,0,0,396,0,0,0.059829,660,0,0,0.013216
Run 3,Aaron Whitfield,9,solo,0,0,454,0,0,0.018868,510,0,0,0.058442
Run 3,Aaron Whitfield,9,solo,0,0,274,0,0,0.029126,577,0,0,0.046392
Run 3,Aaron Whitfield,10,solo,0,0,552,0,1,0.931818,673,0,0,0.657343
Run 3,Aaron Whitfield,10,solo,0,0,329,0,0,0.024194,604,0,0,0.020619
Run 3,Aaron Whitfield,10,solo,0,0,362,0,0,0.025424,659,0,0,0.028169
Run 3,Aaron Whitfield,10,solo,0,0,361,0,0,0.082759,798,0,0,0.036437
Run 3,Aaron Whitfield,10,solo,0,0,494,1,0,1.0,708,0,0,0.222222
Run 3,Aaron Whitfield,10,solo,0,0,267,0,0,0.028571,568,0,0,0.020513
Run 3,Aaron Whitfield,10,solo,0,0,370,0,0,0.102362,544,0,0,0.033708
Run 3,Aaron Whitfield,10,solo,0,0,322,0,0,0.044643,702,0,0,0.009217
Run 3,Aaron Whitfield,10,joint,1,0,11,1,0,0.0,0,0,0,0.0
Run 3,Aaron Whitfield,10,solo,0,0,496,1,0,1.0,699,0,1,0.888889
Run 3,Aaron Whitfield,10,solo,0,0,494,1,0,1.0,708,1,0,1.0
Run 3,Aaron Whitfield,10,solo,0,0,434,0,0,0.04,652,0,0,0.039216
Run 3,Aaron Whitfield,10,solo,0,0,299,0,0,0.060976,474,0,0,0.038217
Run 3,Aaron Whitfield,10,solo,0,0,464,0,0,0.116071,509,0,0,0.020101
Run 3,Aaron Whitfield,10,solo,1,0,11,1,0,0.0,11,1,0,0.0
Run 3,Aaron Whitfield,10,solo,0,0,394,0,0,0.034483,540,0,0,0.049505
Run 3,Aaron Whitfield,10,solo,0,0,376,0,0,0.071429,509,0,0,0.027778
Run 3,Aaron Whitfield,10,solo,0,0,283,0,0,0.145833,622,0,0,0.015464
Run 3,Aaron Whitfield,11,solo,0,0,609,0,1,0.896907,628,0,0,0.574468
Run 3,Aaron Whitfield,11,solo,0,0,460,0,0,0.056962,623,0,0,0.04
Run 3,Aaron Whitfield,11,solo,0,0,372,0,0,0.052632,566,0,0,0.032086
Run 3,Aaron Whitfield,11,solo,0,0,367,0,0,0.027027,744,0,0,0.021552
Run 3,Aaron Whitfield,11,solo,0,0,494,1,0,1.0,628,1,0,1.0
Run 3,Aaron Whitfield,11,solo,0,0,372,0,0,0.007937,529,0,0,0.027322
Run 3,Aaron Whitfield,11,solo,0,0,371,0,0,0.134615,497,0,0,0.037037
Run 3,Aaron Whitfield,11,solo,0,0,400,0,0,0.009009,512,0,0,0.083333
Run 3,Aaron Whitfield,11,solo,0,0,494,1,0,1.0,637,0,1,0.875
Run 3,Aaron Whitfield,11,solo,0,0,303,0,0,0.089744,502,0,0,0.076923
Run 3,Aaron Whitfield,11,solo,0,0,388,0,0,0.13913,629,0,0,0.050251
Run 3,Aaron Whitfield,11,solo,0,0,363,0,0,0.136,645,0,0,0.048913
Run 3,Aaron Whitfield,11,solo,1,0,11,1,0,0.0,11,1,0,0.0
Run 3,Aaron Whitfield,11,solo,0,0,195,0,0,0.061538,593,0,0,0.058537
Run 3,Aaron Whitfield,11,solo,0,0,398,0,0,0.02963,569,0,0,0.034314
Run 3,Aaron Whitfield,11,solo,0,0,364,0,0,0.016529,625,0,0,0.015957
Run 3,Aaron Whitfield,11,solo,1,0,11,1,0,0.0,11,1,0,0.0
Run 3,Aaron Whitfield,11,solo,0,0,458,0,0,0.067114,553,0,0,0.027027
Run 3,Aaron Whitfield,11,solo,0,0,364,0,0,0.095238,633,0,0,0.036036
Run 3,Aaron Whitfield,11,solo,0,0,276,0,0,0.079646,503,0,0,0.036145
Run 3,Aaron Whitfield,12,solo,0,0,494,1,0,1.0,560,0,0,0.104478
Run 3,Aaron Whitfield,12,solo,0,0,312,0,0,0.188119,586,0,0,0.035354
Run 3,Aaron Whitfield,12,solo,0,0,359,0,0,0.127273,557,0,0,0.044199
Run 3,Aaron Whitfield,12,solo,0,0,377,0,0,0.025641,608,0,0,0.041667
Run 3,Aaron Whitfield,12,solo,0,0,494,1,0,1.0,579,0,0,0.612903
Run 3,Aaron Whitfield,12,solo,0,0,333,0,0,0.095745,542,0,0,0.034314
Run 3,Aaron Whitfield,12,solo,0,0,297,0,0,0.125,580,0,0,0.059783
Run 3,Aaron Whitfield,12,solo,0,0,374,0,0,0.043478,713,0,0,0.037736
Run 3,Aaron Whitfield,12,joint,1,0,11,1,0,0.0,0,0,0,0.0
Run 3,Aaron Whitfield,12,solo,0,0,496,1,0,1.0,526,0,0,0.421053
Run 3,Aaron Whitfield,12,solo,0,0,494,1,0,1.0,614,0,1,0.923077
Run 3,Aaron Whitfield,12,solo,0,0,441,0,0,0.058394,671,0,0,0.028571
Run 3,Aaron Whitfield,12,solo,0,0,345,0,0,0.040816,595,0,0,0.033654
Run 3,Aaron Whitfield,12,solo,0,0,300,0,0,0.031008,817,0,0,0.030702
Run 3,Aaron Whitfield,12,solo,1,0,11,1,0,0.0,11,1,0,0.0
Run 3,Aaron Whitfield,12,solo,0,0,335,0,0,0.019802,496,0,0,0.024096
Run 3,Aaron Whitfield,12,solo,0,0,447,0,0,0.036765,550,0,0,0.03352
Run 3,Aaron Whitfield,12,solo,0,0,217,0,0,0.106667,460,0,0,0.052023
Run 3,Aaron Whitfield,13,solo,0,0,494,1,0,1.0,578,0,1,0.833333
Run 3,Aaron Whitfield,13,solo,0,0,242,0,0,0.035294,785,0,0,0.038793
Run 3,Aaron Whitfield,13,solo,0,0,337,0,0,0.074766,582,0,0,0.026316
Run 3,Aaron Whitfield,13,solo,0,0,359,0,0,0.02439,533,0,0,0.041026
Run 3,Aaron Whitfield,13,solo,0,0,494,1,0,1.0,578,1,0,1.0
Run 3,Aaron Whitfield,13,solo,0,0,270,0,0,0.020619,584,0,0,0.022222
Run 3,Aaron Whitfield,13,solo,0,0,347,0,0,0.048387,617,0,0,0.036269
Run 3,Aaron Whitfield,13,solo,0,0,403,0,0,0.081481,572,0,0,0.021053
Run 3,Aaron Whitfield,13,solo,0,0,494,1,0,1.0,578,1,0,1.0
Run 3,Aaron Whitfield,13,solo,0,0,347,0,0,0.116505,518,0,0,0.016129
Run 3,Aaron Whitfield,13,solo,0,0,430,0,0,0.138614,617,0,0,0.035354
Run 3,Aaron Whitfield,13,solo,0,0,319,0,0,0.056604,705,0,0,0.072464
Run 3,Aaron Whitfield,13,solo,0,0,303,0,0,0.017699,571,0,0,0.025907
Run 3,Aaron Whitfield,13,solo,0,0,386,0,0,0.051724,543,0,0,0.027624
Run 3,Aaron Whitfield,13,solo,0,0,381,0,0,0.096,690,0,0,0.106061
Run 3,Aaron Whitfield,13,solo,0,0,454,0,0,0.04065,604,0,0,0.029046
Run 3,Aaron Whitfield,13,solo,1,0,11,1,0,0.0,11,1,0,0.0
Run 3,Aaron Whitfield,13,solo,0,0,349,0,0,0.018018,626,0,0,0.054795
Run 3,Aaron Whitfield,13,solo,0,0,366,0,0,0.058333,551,0,0,0.025381
Run 3,Aaron Whitfield,13,solo,0,0,449,0,0,0.019355,641,0,0,0.039801
Run 3,Aaron Whitfield,14,solo,0,0,582,0,1,0.828283,484,0,0,0.173077
Run 3,Aaron Whitfield,14,solo,0,0,348,0,0,0.037736,578,0,0,0.029412
Run 3,Aaron Whitfield,14,solo,0,0,365,0,0,0.05102,554,0,0,0.054726
Run 3,Aaron Whitfield,14,solo,0,0,312,0,0,0.018692,743,0,0,0.022222
Run 3,Aaron Whitfield,14,joint,1,0,11,1,0,0.0,0,0,0,0.0
Run 3,Aaron Whitfield,14,solo,0,0,496,1,0,1.0,527,0,1,0.888889
Run 3,Aaron Whitfield,14,solo,0,0,363,1,0,1.0,527,1,0,1.0
Run 3,Aaron Whitfield,14,solo,0,0,495,0,0,0.041667,612,0,0,0.026738
Run 3,Aaron Whitfield,14,solo,0,0,446,0,0,0.058333,745,0,0,0.022936
Run 3,Aaron Whitfield,14,solo,0,0,403,0,0,0.073529,620,0,0,0.028249
Run 3,Aaron Whitfield,14,solo,0,0,435,0,0,0.017442,683,0,0,0.047009
Run 3,Aaron Whitfield,14,solo,0,0,457,0,0,0.07971,495,0,0,0.027473
Run 3,Aaron Whitfield,14,solo,0,0,399,0,0,0.067227,642,0,0,0.052632
Run 3,Aaron Whitfield,14,solo,0,0,340,0,0,0.016393,536,0,0,0.036082
Run 3,Aaron Whitfield,14,solo,0,0,333,0,0,0.273585,541,0,0,0.382979
Run 3,Aaron Whitfield,14,solo,0,0,515,0,0,0.076389,702,0,0,0.051643
Run 3,Aaron Whitfield,14,solo,0,0,533,0,0,0.044118,689,0,0,0.039648
Run 3,Aaron Whitfield,14,solo,0,0,387,0,0,0.02069,557,0,0,0.042918
Run 3,Aaron Whitfield,15,joint,1,0,11,1,0,0.0,0,0,0,0.0
Run 3,Aaron Whitfield,15,solo,0,0,506,0,0,0.744186,603,0,0,0.025381
Run 3,Aaron Whitfield,15,solo,0,0,442,0,0,0.786667,543,0,1,0.861111
Run 3,Aaron Whitfield,15,solo,0,0,397,0,0,0.045455,675,0,0,0.034335
Run 3,Aaron Whitfield,15,solo,0,0,327,0,0,0.042373,520,0,0,0.056604
Run 3,Aaron Whitfield,15,solo,0,0,386,0,0,0.096491,516,0,0,0.043011
Run 3,Aaron Whitfield,15,solo,0,0,442,1,0,1.0,543,1,0,1.0
Run 3,Aaron Whitfield,15,solo,0,0,422,0,0,0.046296,556,0,0,0.025532
Run 3,Aaron Whitfield,15,solo,0,0,304,0,0,0.068627,666,0,0,0.035176
Run 3,Aaron Whitfield,15,solo,0,0,400,0,0,0.146552,585,0,0,0.07027
Run 3,Aaron Whitfield,15,solo,0,0,442,1,0,1.0,543,1,0,1.0
Run 3,Aaron Whitfield,15,solo,0,0,378,0,0,0.084615,506,0,0,0.027473
Run 3,Aaron Whitfield,15,solo,0,0,295,0,0,0.091954,599,0,0,0.052632
Run 3,Aaron Whitfield,15,solo,0,0,329,0,0,0.034483,532,0,0,0.033493
Run 3,Aaron Whitfield,15,solo,1,0,333,1,0,1.0,11,1,0,0.0
Run 3,Aaron Whitfield,15,solo,0,0,420,0,0,0.055172,693,0,0,0.027907
Run 3,Aaron Whitfield,15,solo,0,0,262,0,0,0.073394,555,0,0,0.041667
Run 3,Aaron Whitfield,15,solo,0,0,434,0,0,0.029197,555,0,0,0.038889
Run 3,Aaron Whitfield,16,joint,1,0,11,1,0,0.0,0,0,0,0.0
Run 3,Aaron Whitfield,16,solo,0,0,444,0,1,0.875,533,0,1,0.858491
Run 3,Aaron Whitfield,16,solo,0,0,442,1,0,1.0,533,1,0,1.0
Run 3,Aaron Whitfield,16,solo,0,0,288,0,0,0.11236,521,0,0,0.061453
Run 3,Aaron Whitfield,16,solo,0,0,478,0,0,0.070175,693,0,0,0.043689
Run 3,Aaron Whitfield,16,solo,0,0,383,0,0,0.041322,690,0,0,0.036364
Run 3,Aaron Whitfield,16,joint,1,0,11,1,0,0.0,0,0,0,0.0
Run 3,Aaron Whitfield,16,solo,0,0,444,1,0,1.0,533,1,0,1.0
Run 3,Aaron Whitfield,16,solo,0,0,442,1,0,1.0,533,1,0,1.0
Run 3,Aaron Whitfield,16,solo,0,0,459,0,0,0.032051,619,0,0,0.030303
Run 3,Aaron Whitfield,16,solo,0,0,488,0,0,0.083969,655,0,0,0.018692
Run 3,Aaron Whitfield,16,solo,0,0,457,0,0,0.031746,629,0,0,0.04712
Run 3,Aaron Whitfield,16,solo,0,0,442,1,0,1.0,533,1,0,1.0
Run 3,Aaron Whitfield,16,solo,0,0,408,0,0,0.031008,621,0,0,0.033149
Run 3,Aaron Whitfield,16,solo,0,0,358,0,0,0.076923,492,0,0,0.022727
Run 3,Aaron Whitfield,16,solo,0,0,268,0,0,0.010753,684,0,0,0.043651
Run 3,Aaron Whitfield,17,solo,0,0,444,1,0,1.0,561,0,1,0.867925
Run 3,Aaron Whitfield,17,solo,0,0,420,0,0,0.064,521,0,0,0.052133
Run 3,Aaron Whitfield,17,solo,0,0,420,0,0,0.021429,693,0,0,0.064815
Run 3,Aaron Whitfield,17,solo,0,0,398,0,0,0.009804,595,0,0,0.034653
Run 3,Aaron Whitfield,17,solo,0,0,444,1,0,1.0,561,1,0,1.0
Run 3,Aaron Whitfield,17,solo,0,0,328,0,0,0.076923,621,0,0,0.051546
Run 3,Aaron Whitfield,17,solo,0,0,427,0,0,0.071942,603,0,0,0.048128
Run 3,Aaron Whitfield,17,solo,0,0,404,0,0,0.104348,618,0,0,0.07
Run 3,Aaron Whitfield,17,joint,1,0,11,1,0,0.0,0,0,0,0.0
Run 3,Aaron Whitfield,17,solo,0,0,335,0,1,0.84375,561,1,0,1.0
Run 3,Aaron Whitfield,17,solo,0,0,414,0,0,0.666667,561,1,0,1.0
Run 3,Aaron Whitfield,17,solo,0,0,314,0,0,0.027027,551,0,0,0.023474
Run 3,Aaron Whitfield,17,solo,0,0,414,0,0,0.092437,520,0,0,0.05914
Run 3,Aaron Whitfield,17,solo,0,0,404,0,0,0.087302,522,0,0,0.135593
Run 3,Aaron Whitfield,17,solo,1,0,442,1,0,1.0,11,1,0,0.0
Run 3,Aaron Whitfield,17,solo,0,0,332,0,0,0.084211,491,0,0,0.027174
Run 3,Aaron Whitfield,17,solo,0,0,352,0,0,0.080357,522,0,0,0.021622
Run 3,Aaron Whitfield,17,solo,0,0,348,0,0,0.058333,484,0,0,0.023392
Run 3,Aaron Whitfield,18,solo,0,0,444,1,0,1.0,538,0,1,0.886792
Run 3,Aaron Whitfield,18,solo,0,0,324,0,0,0.014925,759,0,0,0.029412
Run 3,Aaron Whitfield,18,solo,0,0,438,0,0,0.08,539,0,0,0.068293
Run 3,Aaron Whitfield,18,solo,0,0,372,0,0,0.165138,638,0,0,0.045685
Run 3,Aaron Whitfield,18,solo,0,0,444,1,0,1.0,538,1,0,1.0
Run 3,Aaron Whitfield,18,solo,0,0,355,0,0,0.087302,578,0,0,0.084656
Run 3,Aaron Whitfield,18,solo,0,0,367,0,0,0.035088,683,0,0,0.03125
Run 3,Aaron Whitfield,18,solo,0,0,354,0,0,0.107843,529,0,0,0.027933
Run 3,Aaron Whitfield,18,joint,1,0,11,1,0,0.0,0,0,0,0.0
Run 3,Aaron Whitfield,18,solo,0,0,444,1,0,1.0,538,1,0,1.0
Run 3,Aaron Whitfield,18,solo,0,0,442,1,0,1.0,538,1,0,1.0
Run 3,Aaron Whitfield,18,solo,0,0,410,0,0,0.064516,609,0,0,0.026087
Run 3,Aaron Whitfield,18,solo,0,0,409,0,0,0.066667,589,0,0,0.097297
Run 3,Aaron Whitfield,18,solo,0,0,503,0,0,0.055172,624,0,0,0.025424
Run 3,Aaron Whitfield,18,solo,1,0,442,1,0,1.0,11,1,0,0.0
Run 3,Aaron Whitfield,18,solo,0,0,361,0,0,0.076923,760,0,0,0.018265
Run 3,Aaron Whitfield,18,solo,0,0,372,0,0,0.087719,611,0,0,0.057971
Run 3,Aaron Whitfield,18,solo,0,0,444,0,0,0.044118,634,0,0,0.039409
Run 3,Aaron Whitfield,19,joint,1,0,11,1,0,0.0,0,0,0,0.0
Run 3,Aaron Whitfield,19,solo,0,0,505,0,0,0.640449,626,0,0,0.626016
Run 3,Aaron Whitfield,19,solo,0,0,444,1,0,1.0,561,1,0,1.0
Run 3,Aaron Whitfield,19,solo,0,0,366,0,0,0.125,603,0,0,0.024155
Run 3,Aaron Whitfield,19,solo,0,0,388,0,0,0.150442,531,0,0,0.04386
Run 3,Aaron Whitfield,19,solo,0,0,475,0,0,0.075188,522,0,0,0.057143
Run 3,Aaron Whitfield,19,solo,0,0,430,0,1,0.8375,561,1,0,1.0
Run 3,Aaron Whitfield,19,solo,0,0,384,0,0,0.063636,708,0,0,0.037344
Run 3,Aaron Whitfield,19,solo,0,0,477,0,0,0.087591,488,0,0,0.041451
Run 3,Aaron Whitfield,19,solo,0,0,353,0,0,0.034188,450,0,0,0.035088
Run 3,Aaron Whitfield,19,solo,0,0,444,1,0,1.0,561,1,0,1.0
Run 3,Aaron Whitfield,19,solo,0,0,460,0,0,0.046154,544,0,0,0.021739
Run 3,Aaron Whitfield,19,solo,0,0,410,0,0,0.089431,577,0,0,0.032258
Run 3,Aaron Whitfield,19,solo,0,0,299,0,0,0.037383,637,0,0,0.009434
Run 3,Aaron Whitfield,19,solo,1,0,430,1,0,1.0,11,1,0,0.0
Run 3,Aaron Whitfield,19,solo,0,0,480,0,0,0.081481,608,0,0,0.078947
Run 3,Aaron Whitfield,19,solo,0,0,376,0,0,0.123894,620,0,0,0.047619
Run 3,Aaron Whitfield,19,solo,0,0,462,0,0,0.061069,633,0,0,0.033473
Run 3,Aaron Whitfield,20,joint,1,0,11,1,0,0.0,0,0,0,0.0
Run 3,Aaron Whitfield,20,solo,0,0,335,1,0,1.0,585,0,1,0.836364
Run 3,Aaron Whitfield,20,joint,1,0,11,1,0,0.0,0,0,0,0.0
Run 3,Aaron Whitfield,20,solo,0,0,444,1,0,1.0,585,1,0,1.0
Run 3,Aaron Whitfield,20,solo,0,0,442,1,0,1.0,585,1,0,1.0
Run 3,Aaron Whitfield,20,solo,0,0,476,0,0,0.072464,720,0,0,0.032558
Run 3,Aaron Whitfield,20,solo,0,0,450,0,0,0.122951,586,0,0,0.117318
Run 3,Aaron Whitfield,20,solo,0,0,401,0,0,0.117647,578,0,0,0.058824
Run 3,Aaron Whitfield,20,solo,0,0,442,1,0,1.0,585,1,0,1.0
Run 3,Aaron Whitfield,20,solo,0,0,387,0,0,0.055118,733,0,0,0.025424
Run 3,Aaron Whitfield,20,solo,0,0,540,0,0,0.041916,585,0,0,0.050279
Run 3,Aaron Whitfield,20,solo,0,0,512,0,0,0.028571,704,0,0,0.024155
Run 3,Aaron Whitfield,20,solo,0,0,442,1,0,1.0,585,1,0,1.0
Run 3,Aaron Whitfield,20,solo,0,0,555,0,0,0.034483,645,0,0,0.058201
Run 3,Aaron Whitfield,20,solo,0,0,352,0,0,0.108696,503,0,0,0.02809
Run 3,Aaron Whitfield,20,solo,0,0,421,0,0,0.065217,543,0,0,0.029268
Run 3,Aaron Whitfield,21,solo,0,0,442,1,0,1.0,541,0,1,0.970297
Run 3,Aaron Whitfield,21,solo,0,0,374,0,0,0.063636,590,0,0,0.029703
Run 3,Aaron Whitfield,21,solo,0,0,411,0,0,0.059829,733,0,0,0.05102
Run 3,Aaron Whitfield,21,solo,0,0,323,0,0,0.2,559,0,0,0.064706
Run 3,Aaron Whitfield,21,joint,1,0,11,1,0,0.0,0,0,0,0.0
Run 3,Aaron Whitfield,21,solo,0,0,444,1,0,1.0,541,1,0,1.0
Run 3,Aaron Whitfield,21,solo,0,0,442,1,0,1.0,541,1,0,1.0
Run 3,Aaron Whitfield,21,solo,0,0,352,0,0,0.070796,500,0,0,0.041451
Run 3,Aaron Whitfield,21,solo,0,0,308,0,0,0.064815,557,0,0,0.017442
Run 3,Aaron Whitfield,21,solo,0,0,460,0,0,0.067669,552,0,0,0.043243
Run 3,Aaron Whitfield,21,solo,0,0,442,1,0,1.0,541,1,0,1.0
Run 3,Aaron Whitfield,21,solo,0,0,352,0,0,0.081081,546,0,0,0.046512
Run 3,Aaron Whitfield,21,solo,0,0,382,0,0,0.117647,505,0,0,0.033898
Run 3,Aaron Whitfield,21,solo,0,0,401,0,0,0.070866,733,0,0,0.030303
Run 3,Aaron Whitfield,21,solo,0,0,442,1,0,1.0,541,1,0,1.0
Run 3,Aaron Whitfield,21,solo,0,0,403,0,0,0.044444,604,0,0,0.06599
Run 3,Aaron Whitfield,21,solo,0,0,289,0,0,0.084211,533,0,0,0.029762
Run 3,Aaron Whitfield,21,solo,0,0,300,0,0,0.282353,650,0,0,0.029557
Run 3,Aaron Whitfield,22,solo,0,0,442,1,0,1.0,561,1,0,1.0
Run 3,Aaron Whitfield,22,solo,0,0,409,0,0,0.027211,515,0,0,0.038095
Run 3,Aaron Whitfield,22,solo,0,0,407,0,0,0.08547,562,0,0,0.015544
Run 3,Aaron Whitfield,22,solo,0,0,537,0,0,0.031646,644,0,0,0.022727
Run 3,Aaron Whitfield,22,solo,0,0,442,1,0,1.0,561,1,0,1.0
Run 3,Aaron Whitfield,22,solo,0,0,386,0,0,0.040816,603,0,0,0.045662
Run 3,Aaron Whitfield,22,solo,0,0,359,0,0,0.075472,566,0,0,0.042105
Run 3,Aaron Whitfield,22,solo,0,0,410,0,0,0.070796,689,0,0,0.036364
Run 3,Aaron Whitfield,22,joint,1,0,11,1,0,0.0,0,0,0,0.0
Run 3,Aaron Whitfield,22,solo,0,0,401,1,0,1.0,697,0,0,0.51634
Run 3,Aaron Whitfield,22,solo,1,0,377,0,0,0.014925,11,1,0,0.0
Run 3,Aaron Whitfield,22,solo,0,0,312,0,0,0.046729,496,0,0,0.044944
Run 3,Aaron Whitfield,22,solo,0,0,355,0,0,0.010638,770,0,0,0.013274
Run 3,Aaron Whitfield,22,solo,0,0,410,0,0,0.007519,640,0,0,0.018433
Run 3,Aaron Whitfield,22,solo,1,0,11,1,0,0.0,11,1,0,0.0
Run 3,Aaron Whitfield,22,solo,0,0,416,0,0,0.112903,534,0,0,0.037838
Run 3,Aaron Whitfield,22,solo,0,0,295,0,0,0.108911,532,0,0,0.048485
Run 3,Aaron Whitfield,22,solo,0,0,413,0,0,0.1,451,0,0,0.025316
Run 3,Aaron Whitfield,23,solo,0,0,442,1,0,1.0,555,0,1,0.853211
Run 3,Aaron Whitfield,23,solo,0,0,374,0,0,0.185567,596,0,0,0.038647
Run 3,Aaron Whitfield,23,solo,0,0,441,0,0,0.153226,676,0,0,0.031963
Run 3,Aaron Whitfield,23,solo,0,0,351,0,0,0.066038,596,0,0,0.014778
Run 3,Aaron Whitfield,23,solo,0,0,442,1,0,1.0,555,1,0,1.0
Run 3,Aaron Whitfield,23,solo,0,0,387,0,0,0.007812,697,0,0,0.022222
Run 3,Aaron Whitfield,23,solo,0,0,459,0,0,0.104348,736,0,0,0.051402
Run 3,Aaron Whitfield,23,solo,0,0,339,0,0,0.086957,594,0,0,0.059783
Run 3,Aaron Whitfield,23,joint,1,0,11,1,0,0.0,0,0,0,0.0
Run 3,Aaron Whitfield,23,solo,0,0,462,0,0,0.56701,692,0,0,0.684564
Run 3,Aaron Whitfield,23,solo,0,0,442,1,0,1.0,555,1,0,1.0
Run 3,Aaron Whitfield,23,solo,0,0,423,0,0,0.041379,631,0,0,0.045918
Run 3,Aaron Whitfield,23,solo,0,0,401,0,0,0.06087,717,0,0,0.021834
Run 3,Aaron Whitfield,23,solo,0,0,318,0,0,0.019231,654,0,0,0.021739
Run 3,Aaron Whitfield,23,joint,1,0,11,1,0,0.0,0,0,0,0.0
Run 3,Aaron Whitfield,23,solo,0,0,444,1,0,1.0,555,1,0,1.0
Run 3,Aaron Whitfield,24,solo,0,0,442,1,0,1.0,581,0,1,0.899083
Run 3,Aaron Whitfield,24,solo,0,0,314,0,0,0.020619,592,0,0,0.026316
Run 3,Aaron Whitfield,24,solo,0,0,383,0,0,0.113043,606,0,0,0.041096
Run 3,Aaron Whitfield,24,solo,0,0,316,0,0,0.091667,675,0,0,0.035874
Run 3,Aaron Whitfield,24,solo,0,0,442,1,0,1.0,581,1,0,1.0
Run 3,Aaron Whitfield,24,solo,0,0,361,0,0,0.104762,630,0,0,0.061224
Run 3,Aaron Whitfield,24,solo,0,0,390,0,0,0.05,625,0,0,0.027907
Run 3,Aaron Whitfield,24,solo,0,0,328,0,0,0.125,618,0,0,0.063636
Run 3,Aaron Whitfield,24,joint,1,0,11,1,0,0.0,0,0,0,0.0
Run 3,Aaron Whitfield,24,solo,0,0,444,1,0,1.0,581,1,0,1.0
Run 3,Aaron Whitfield,24,solo,0,0,442,1,0,1.0,581,1,0,1.0
Run 3,Aaron Whitfield,24,solo,0,0,401,0,0,0.111111,530,0,0,0.089005
Run 3,Aaron Whitfield,24,solo,0,0,376,0,0,0.18018,608,0,0,0.033493
Run 3,Aaron Whitfield,24,solo,0,0,377,0,0,0.076271,506,0,0,0.102151
Run 3,Aaron Whitfield,24,solo,1,0,442,1,0,1.0,11,1,0,0.0
Run 3,Aaron Whitfield,24,solo,0,0,442,0,0,0.079137,608,0,0,0.043478
Run 3,Aaron Whitfield,24,solo,0,0,389,0,0,0.101695,548,0,0,0.03352
Run 3,Aaron Whitfield,24,solo,0,0,370,0,0,0.138889,688,0,0,0.044643
Run 3,Aaron Whitfield,25,solo,0,0,442,1,0,1.0,551,0,1,0.88785
Run 3,Aaron Whitfield,25,solo,0,0,258,0,0,0.085106,521,0,0,0.015873
Run 3,Aaron Whitfield,25,solo,0,0,369,0,0,0.134921,637,0,0,0.045
Run 3,Aaron Whitfield,25,solo,0,0,322,0,0,0.0625,685,0,0,0.021186
Run 3,Aaron Whitfield,25,solo,0,0,442,1,0,1.0,551,1,0,1.0
Run 3,Aaron Whitfield,25,solo,0,0,416,0,0,0.04065,668,0,0,0.031088
Run 3,Aaron Whitfield,25,solo,0,0,376,0,0,0.089286,587,0,0,0.037736
Run 3,Aaron Whitfield,25,solo,0,0,444,0,0,0.026667,647,0,0,0.029268
Run 3,Aaron Whitfield,25,solo,0,0,442,1,0,1.0,551,1,0,1.0
Run 3,Aaron Whitfield,25,solo,0,0,407,0,0,0.089552,571,0,0,0.044118
Run 3,Aaron Whitfield,25,solo,0,0,370,0,0,0.098361,698,0,0,0.041475
Run 3,Aaron Whitfield,25,solo,0,0,324,0,0,0.052083,665,0,0,0.008197
Run 3,Aaron Whitfield,25,joint,1,0,11,1,0,0.0,0,0,0,0.0
Run 3,Aaron Whitfield,25,solo,1,0,11,1,0,0.0,11,1,0,0.0
Run 3,Aaron Whitfield,25,solo,1,0,11,1,0,0.0,11,1,0,0.0
Run 3,Aaron Whitfield,25,solo,0,0,347,0,0,0.051724,458,0,0,0.046243
Run 3,Aaron Whitfield,25,solo,0,0,331,0,0,0.018692,425,0,0,0.060976
Run 3,Aaron Whitfield,25,solo,0,0,335,0,0,0.1,499,0,0,0.028571
Run 3,Aaron Whitfield,26,solo,0,0,442,1,0,1.0,538,1,0,1.0
Run 3,Aaron Whitfield,26,solo,0,0,426,0,0,0.020408,626,0,0,0.00495
Run 3,Aaron Whitfield,26,solo,0,0,291,0,0,0.127451,603,0,0,0.018519
Run 3,Aaron Whitfield,26,solo,0,0,438,0,0,0.136364,568,0,0,0.071429
Run 3,Aaron Whitfield,26,solo,0,0,442,1,0,1.0,538,1,0,1.0
Run 3,Aaron Whitfield,26,solo,0,0,445,0,0,0.078014,556,0,0,0.031579
Run 3,Aaron Whitfield,26,solo,0,0,460,0,0,0.078947,629,0,0,0.023256
Run 3,Aaron Whitfield,26,solo,0,0,644,0,0,0.072289,707,0,0,0.023474
Run 3,Aaron Whitfield,26,solo,0,0,442,1,0,1.0,538,1,0,1.0
Run 3,Aaron Whitfield,26,solo,0,0,448,0,0,0.074074,571,0,0,0.058201
Run 3,Aaron Whitfield,26,solo,0,0,435,0,0,0.125,581,0,0,0.060606
Run 3,Aaron Whitfield,26,solo,0,0,457,0,0,0.193277,624,0,0,0.063107
Run 3,Aaron Whitfield,26,joint,1,0,11,1,0,0.0,0,0,0,0.0
Run 3,Aaron Whitfield,26,solo,1,0,11,1,0,0.0,11,1,0,0.0
Run 3,Aaron Whitfield,26,solo,1,0,11,1,0,0.0,11,1,0,0.0
Run 3,Aaron Whitfield,26,solo,0,0,389,0,0,0.055556,476,0,0,0.070175
Run 3,Aaron Whitfield,26,solo,0,0,322,0,0,0.055046,620,0,0,0.030612
Run 3,Aaron Whitfield,26,solo,0,0,414,0,0,0.026846,656,0,0,0.004444
Run 3,Aaron Whitfield,27,joint,1,0,11,1,0,0.0,0,0,0,0.0
Run 3,Aaron Whitfield,27,solo,0,0,460,0,0,0.583333,558,0,1,0.853211
Run 3,Aaron Whitfield,27,solo,0,0,458,0,1,0.878049,558,1,0,1.0
Run 3,Aaron Whitfield,27,solo,0,0,381,0,0,0.056452,477,0,0,0.05291
Run 3,Aaron Whitfield,27,solo,0,0,414,0,0,0.135922,660,0,0,0.051163
Run 3,Aaron Whitfield,27,solo,0,0,448,0,0,0.103448,664,0,0,0.053922
Run 3,Aaron Whitfield,27,solo,0,0,429,0,0,0.663043,558,1,0,1.0
Run 3,Aaron Whitfield,27,solo,0,0,366,0,0,0.097015,474,0,0,0.022599
Run 3,Aaron Whitfield,27,solo,0,0,345,0,0,0.07438,667,0,0,0.038835
Run 3,Aaron Whitfield,27,solo,0,0,404,0,0,0.085106,573,0,0,0.046729
Run 3,Aaron Whitfield,27,solo,0,0,341,0,0,0.008929,670,0,0,0.546667
Run 3,Aaron Whitfield,27,solo,0,0,489,0,0,0.021583,613,0,0,0.022599
Run 3,Aaron Whitfield,27,solo,0,0,419,0,0,0.02521,678,0,0,0.050459
Run 3,Aaron Whitfield,27,solo,0,0,443,0,0,0.113043,653,0,0,0.033898
Run 3,Aaron Whitfield,27,joint,1,0,11,1,0,0.0,0,0,0,0.0
Run 3,Aaron Whitfield,27,solo,1,0,11,1,0,0.0,11,1,0,0.0
Run 3,Aaron Whitfield,28,solo,0,0,458,1,0,1.0,548,0,1,0.886792
Run 3,Aaron Whitfield,28,solo,0,0,509,0,0,0.043478,497,0,0,0.022346
Run 3,Aaron Whitfield,28,solo,0,0,357,0,0,0.146341,712,0,0,0.038278
Run 3,Aaron Whitfield,28,solo,0,0,452,0,0,0.166667,579,0,0,0.062201
Run 3,Aaron Whitfield,28,solo,0,0,429,1,0,1.0,548,1,0,1.0
Run 3,Aaron Whitfield,28,solo,0,0,422,0,0,0.083916,645,0,0,0.038278
Run 3,Aaron Whitfield,28,solo,0,0,433,0,0,0.088,552,0,0,0.055249
Run 3,Aaron Whitfield,28,solo,0,0,359,0,0,0.087591,546,0,0,0.078818
Run 3,Aaron Whitfield,28,solo,0,0,458,1,0,1.0,663,0,1,0.814516
Run 3,Aaron Whitfield,28,solo,0,0,383,0,0,0.105691,573,0,0,0.052133
Run 3,Aaron Whitfield,28,solo,0,0,338,0,0,0.02439,595,0,0,0.030151
Run 3,Aaron Whitfield,28,solo,0,0,504,0,0,0.104167,729,0,0,0.016878
Run 3,Aaron Whitfield,28,joint,1,0,11,1,0,0.0,0,0,0,0.0
Run 3,Aaron Whitfield,28,solo,0,0,541,0,0,0.365854,609,0,0,0.777778
Run 3,Aaron Whitfield,28,solo,0,0,523,0,0,0.115646,609,1,0,1.0
Run 3,Aaron Whitfield,28,solo,0,0,417,0,0,0.055556,530,0,0,0.079365
Run 3,Aaron Whitfield,28,solo,0,0,438,0,0,0.115044,526,0,0,0.018182
Run 3,Aaron Whitfield,28,solo,0,0,248,0,0,0.017699,683,0,0,0.015385
Run 3,Aaron Whitfield,29,solo,0,0,458,1,0,1.0,543,0,1,0.869159
Run 3,Aaron Whitfield,29,solo,0,0,556,0,0,0.13245,668,0,0,0.019231
Run 3,Aaron Whitfield,29,solo,0,0,396,0,0,0.117647,581,0,0,0.026549
Run 3,Aaron Whitfield,29,solo,0,0,387,0,0,0.120301,491,0,0,0.046154
Run 3,Aaron Whitfield,29,solo,0,0,458,1,0,1.0,543,1,0,1.0
Run 3,Aaron Whitfield,29,solo,0,0,405,0,0,0.037879,486,0,0,0.030769
Run 3,Aaron Whitfield,29,solo,0,0,388,0,0,0.163636,452,0,0,0.038889
Run 3,Aaron Whitfield,29,solo,0,0,338,0,0,0.024194,513,0,0,0.052326
Run 3,Aaron Whitfield,29,solo,0,0,458,1,0,1.0,543,1,0,1.0
Run 3,Aaron Whitfield,29,solo,0,0,390,0,0,0.046154,617,0,0,0.039106
Run 3,Aaron Whitfield,29,solo,0,0,348,0,0,0.084746,542,0,0,0.04918
Run 3,Aaron Whitfield,29,solo,0,0,283,0,0,0.037736,747,0,0,0.033493
Run 3,Aaron Whitfield,29,joint,1,0,11,1,0,0.0,0,0,0,0.0
Run 3,Aaron Whitfield,29,solo,0,0,554,0,0,0.652174,627,0,1,0.803279
Run 3,Aaron Whitfield,29,solo,1,0,458,1,0,1.0,11,1,0,0.0
Run 3,Aaron Whitfield,29,solo,0,0,385,0,0,0.057143,576,0,0,0.076142
Run 3,Aaron Whitfield,29,solo,0,0,306,0,0,0.079545,568,0,0,0.049451
Run 3,Aaron Whitfield,29,solo,0,0,446,0,0,0.152,652,0,0,0.014493
Run 3,Aaron Whitfield,30,solo,0,0,458,1,0,1.0,543,1,0,1.0
Run 3,Aaron Whitfield,30,solo,0,0,372,0,0,0.090909,569,0,0,0.052083
Run 3,Aaron Whitfield,30,solo,0,0,348,0,0,0.06422,544,0,0,0.051429
Run 3,Aaron Whitfield,30,solo,0,0,412,0,0,0.125,619,0,0,0.078125
Run 3,Aaron Whitfield,30,solo,0,0,458,1,0,1.0,543,1,0,1.0
Run 3,Aaron Whitfield,30,solo,0,0,276,0,0,0.174757,526,0,0,0.027397
Run 3,Aaron Whitfield,30,solo,0,0,319,0,0,0.106796,606,0,0,0.046729
Run 3,Aaron Whitfield,30,solo,0,0,395,0,0,0.157143,619,0,0,0.063725
Run 3,Aaron Whitfield,30,joint,1,0,11,1,0,0.0,0,0,0,0.0
Run 3,Aaron Whitfield,30,solo,0,0,452,0,1,0.8,543,1,0,1.0
Run 3,Aaron Whitfield,30,solo,0,0,458,1,0,1.0,543,1,0,1.0
Run 3,Aaron Whitfield,30,solo,0,0,357,0,0,0.032,494,0,0,0.078534
Run 3,Aaron Whitfield,30,solo,0,0,347,0,0,0.08,628,0,0,0.032967
Run 3,Aaron Whitfield,30,solo,0,0,413,0,0,0.036232,638,0,0,0.023697
Run 3,Aaron Whitfield,30,joint,1,0,11,1,0,0.0,0,0,0,0.0
Run 3,Aaron Whitfield,30,solo,1,0,11,1,0,0.0,11,1,0,0.0
Run 3,Aaron Whitfield,31,solo,0,0,458,1,0,1.0,560,0,1,0.943925
Run 3,Aaron Whitfield,31,solo,0,0,406,0,0,0.061404,605,0,0,0.078818
Run 3,Aaron Whitfield,31,solo,0,0,381,0,0,0.107843,739,0,0,0.061135
Run 3,Aaron Whitfield,31,solo,0,0,420,0,0,0.11215,506,0,0,0.060976
Run 3,Aaron Whitfield,31,solo,0,0,458,1,0,1.0,560,1,0,1.0
Run 3,Aaron Whitfield,31,solo,0,0,433,0,0,0.074074,666,0,0,0.028846
Run 3,Aaron Whitfield,31,solo,0,0,396,0,0,0.147059,570,0,0,0.035088
Run 3,Aaron Whitfield,31,solo,0,0,429,0,0,0.042017,589,0,0,0.045455
Run 3,Aaron Whitfield,31,joint,1,0,11,1,0,0.0,0,0,0,0.0
Run 3,Aaron Whitfield,31,solo,0,0,395,1,0,1.0,589,1,0,1.0
Run 3,Aaron Whitfield,31,solo,0,0,520,0,0,0.570093,560,1,0,1.0
Run 3,Aaron Whitfield,31,solo,0,0,387,0,0,0.061538,541,0,0,0.073446
Run 3,Aaron Whitfield,31,solo,0,0,400,0,0,0.025424,601,0,0,0.047872
Run 3,Aaron Whitfield,31,solo,0,0,361,0,0,0.026549,617,0,0,0.028571
Run 3,Aaron Whitfield,31,solo,0,0,405,0,0,0.755319,560,1,0,1.0
Run 3,Aaron Whitfield,31,solo,0,0,259,0,0,0.049505,571,0,0,0.073892
Run 3,Aaron Whitfield,31,solo,0,0,295,0,0,0.044944,698,0,0,0.028571
Run 3,Aaron Whitfield,31,solo,0,0,353,0,0,0.20354,661,0,0,0.071429
Run 3,Aaron Whitfield,32,solo,0,0,460,0,0,0.781609,529,0,1,0.884615
Run 3,Aaron Whitfield,32,solo,0,0,292,0,0,0.182927,495,0,0,0.049724
Run 3,Aaron Whitfield,32,solo,0,0,505,0,0,0.090164,551,0,0,0.028902
Run 3,Aaron Whitfield,32,solo,0,0,425,0,0,0.052239,500,0,0,0.037634
Run 3,Aaron Whitfield,32,solo,0,0,460,1,0,1.0,529,1,0,1.0
Run 3,Aaron Whitfield,32,solo,0,0,379,0,0,0.055556,526,0,0,0.067961
Run 3,Aaron Whitfield,32,solo,0,0,310,0,0,0.041237,492,0,0,0.034653
Run 3,Aaron Whitfield,32,solo,0,0,498,0,0,0.013605,604,0,0,0.040609
Run 3,Aaron Whitfield,32,joint,1,0,11,1,0,0.0,0,0,0,0.0
Run 3,Aaron Whitfield,32,solo,0,0,479,0,0,0.518182,529,1,0,1.0
Run 3,Aaron Whitfield,32,solo,0,0,460,1,0,1.0,529,1,0,1.0
Run 3,Aaron Whitfield,32,solo,0,0,392,0,0,0.04918,750,0,0,0.022026
Run 3,Aaron Whitfield,32,solo,0,0,358,0,0,0.064,645,0,0,0.033019
Run 3,Aaron Whitfield,32,solo,0,0,414,0,0,0.083333,443,0,0,0.01676
Run 3,Aaron Whitfield,32,solo,0,0,522,0,1,0.813725,529,1,0,1.0
Run 3,Aaron Whitfield,32,solo,0,0,419,0,0,0.118644,521,0,0,0.035897
Run 3,Aaron Whitfield,32,solo,0,0,290,0,0,0.080808,700,0,0,0.04
Run 3,Aaron Whitfield,32,solo,0,0,316,0,0,0.048544,593,0,0,0.071429
Run 3,Aaron Whitfield,33,solo,0,0,460,1,0,1.0,539,0,1,0.902913
Run 3,Aaron Whitfield,33,solo,0,0,344,0,0,0.09375,587,0,0,0.042857
Run 3,Aaron Whitfield,33,solo,0,0,273,0,0,0.06,460,0,0,0.022222
Run 3,Aaron Whitfield,33,solo,0,0,355,0,0,0.063492,698,0,0,0.033195
Run 3,Aaron Whitfield,33,joint,1,0,11,1,0,0.0,0,0,0,0.0
Run 3,Aaron Whitfield,33,solo,0,0,415,0,0,0.107383,720,0,0,0.055
Run 3,Aaron Whitfield,33,solo,0,0,460,1,0,1.0,539,1,0,1.0
Run 3,Aaron Whitfield,33,solo,0,0,373,0,0,0.1,563,0,0,0.023364
Run 3,Aaron Whitfield,33,solo,0,0,457,0,0,0.085938,573,0,0,0.077381
Run 3,Aaron Whitfield,33,solo,0,0,325,0,0,0.165354,564,0,0,0.038835
Run 3,Aaron Whitfield,33,solo,0,0,460,1,0,1.0,539,1,0,1.0
Run 3,Aaron Whitfield,33,solo,0,0,411,0,0,0.100775,525,0,0,0.043011
Run 3,Aaron Whitfield,33,solo,0,0,399,0,0,0.009259,598,0,0,0.029412
Run 3,Aaron Whitfield,33,solo,0,0,330,0,0,0.080357,609,0,0,0.023697
Run 3,Aaron Whitfield,33,solo,1,0,11,1,0,0.0,11,1,0,0.0
Run 3,Aaron Whitfield,33,solo,0,0,423,0,0,0.052174,613,0,0,0.07772
Run 3,Aaron Whitfield,33,solo,0,0,343,0,0,0.02,662,0,0,0.046948
Run 3,Aaron Whitfield,33,solo,0,0,338,0,0,0.043011,542,0,0,0.011236
Run 3,Aaron Whitfield,34,joint,0,0,359,0,0,0.0,529,0,0,0.0
Run 3,Aaron Whitfield,34,solo,0,0,462,0,1,0.879518,602,0,1,0.807018
Run 3,Aaron Whitfield,34,solo,0,0,460,1,0,1.0,602,1,0,1.0
Run 3,Aaron Whitfield,34,solo,0,0,345,0,0,0.05,566,0,0,0.024631
Run 3,Aaron Whitfield,34,solo,0,0,498,0,0,0.03876,601,0,0,0.028436
Run 3,Aaron Whitfield,34,solo,0,0,309,0,0,0.070707,609,0,0,0.022222
Run 3,Aaron Whitfield,34,joint,1,0,11,1,0,0.0,0,0,0,0.0
Run 3,Aaron Whitfield,34,solo,0,0,462,1,0,1.0,602,1,0,1.0
Run 3,Aaron Whitfield,34,solo,0,0,460,1,0,1.0,602,1,0,1.0
Run 3,Aaron Whitfield,34,solo,0,0,410,0,0,0.038462,483,0,0,0.026178
Run 3,Aaron Whitfield,34,solo,0,0,461,0,0,0.097744,533,0,0,0.066298
Run 3,Aaron Whitfield,34,solo,0,0,545,0,0,0.074074,512,0,0,0.057592
Run 3,Aaron Whitfield,34,solo,0,0,589,0,0,0.718447,602,1,0,1.0
Run 3,Aaron Whitfield,34,solo,0,0,390,0,0,0.044776,538,0,0,0.069892
Run 3,Aaron Whitfield,34,solo,0,0,365,0,0,0.174312,597,0,0,0.052885
Run 3,Aaron Whitfield,34,solo,0,0,411,0,0,0.113636,551,0,0,0.066327
Run 3,Aaron Whitfield,35,solo,0,0,480,0,1,0.838384,528,0,1,0.941176
Run 3,Aaron Whitfield,35,solo,0,0,412,0,0,0.042857,553,0,0,0.053659
Run 3,Aaron Whitfield,35,solo,0,0,290,0,0,0.016,552,0,0,0.048128
Run 3,Aaron Whitfield,35,solo,0,0,357,0,0,0.070866,550,0,0,0.035294
Run 3,Aaron Whitfield,35,solo,0,0,480,1,0,1.0,528,1,0,1.0
Run 3,Aaron Whitfield,35,solo,0,0,430,0,0,0.034247,610,0,0,0.021097
Run 3,Aaron Whitfield,35,solo,0,0,354,0,0,0.119266,589,0,0,0.052083
Run 3,Aaron Whitfield,35,solo,0,0,292,0,0,0.014815,623,0,0,0.019139
Run 3,Aaron Whitfield,35,joint,1,0,11,1,0,0.0,0,0,0,0.0
Run 3,Aaron Whitfield,35,solo,0,0,482,0,1,0.886364,528,1,0,1.0
Run 3,Aaron Whitfield,35,solo,1,0,460,1,0,1.0,11,1,0,0.0
Run 3,Aaron Whitfield,35,solo,0,0,492,0,0,0.060811,559,0,0,0.053892
Run 3,Aaron Whitfield,35,solo,0,0,398,0,0,0.0625,540,0,0,0.022222
Run 3,Aaron Whitfield,35,solo,0,0,377,0,0,0.070866,615,0,0,0.05314
Run 3,Aaron Whitfield,35,solo,1,0,11,1,0,0.0,11,1,0,0.0
Run 3,Aaron Whitfield,35,solo,0,0,415,0,0,0.080292,561,0,0,0.016393
Run 3,Aaron Whitfield,35,solo,0,0,345,0,0,0.027778,483,0,0,0.04878
Run 3,Aaron Whitfield,35,solo,0,0,343,0,0,0.04,503,0,0,0.02765
Run 3,Aaron Whitfield,36,joint,1,0,11,1,0,0.0,0,0,0,0.0
Run 3,Aaron Whitfield,36,solo,0,0,591,0,1,0.816514,538,1,0,0.930693
Run 3,Aaron Whitfield,36,solo,0,0,480,0,1,0.886364,538,1,0,1.0
Run 3,Aaron Whitfield,36,solo,0,0,419,0,0,0.110092,535,0,0,0.024752
Run 3,Aaron Whitfield,36,solo,0,0,403,0,0,0.03252,600,0,0,0.053659
Run 3,Aaron Whitfield,36,solo,0,0,224,0,0,0.04878,519,0,0,0.043478
Run 3,Aaron Whitfield,36,solo,0,0,480,1,0,1.0,538,1,0,1.0
Run 3,Aaron Whitfield,36,solo,0,0,421,0,0,0.082278,586,0,0,0.031088
Run 3,Aaron Whitfield,36,solo,0,0,353,0,0,0.12605,546,0,0,0.036649
Run 3,Aaron Whitfield,36,solo,0,0,382,0,0,0.041096,465,0,0,0.028902
Run 3,Aaron Whitfield,36,joint,1,0,11,1,0,0.0,0,0,0,0.0
Run 3,Aaron Whitfield,36,solo,0,0,387,0,0,0.120968,683,0,0,0.038462
Run 3,Aaron Whitfield,36,solo,0,0,589,0,1,0.903846,600,0,1,0.916667
Run 3,Aaron Whitfield,36,solo,0,0,325,0,0,0.059829,560,0,0,0.057592
Run 3,Aaron Whitfield,36,solo,0,0,328,0,0,0.056911,641,0,0,0.050459
Run 3,Aaron Whitfield,36,solo,0,0,407,0,0,0.044025,518,0,0,0.1
Run 3,Aaron Whitfield,37,solo,0,0,480,1,0,1.0,537,0,1,0.903846
Run 3,Aaron Whitfield,37,solo,0,0,482,0,0,0.021739,725,0,0,0.018018
Run 3,Aaron Whitfield,37,solo,0,0,603,0,0,0.066176,599,0,0,0.020408
Run 3,Aaron Whitfield,37,solo,0,0,443,0,0,0.109489,599,0,0,0.054726
Run 3,Aaron Whitfield,37,solo,0,0,480,1,0,1.0,537,1,0,1.0
Run 3,Aaron Whitfield,37,solo,0,0,316,0,0,0.169811,602,0,0,0.043689
Run 3,Aaron Whitfield,37,solo,0,0,393,0,0,0.093458,626,0,0,0.105023
Run 3,Aaron Whitfield,37,solo,0,0,327,0,0,0.039683,652,0,0,0.024
Run 3,Aaron Whitfield,37,joint,1,0,11,1,0,0.0,0,0,0,0.0
Run 3,Aaron Whitfield,37,solo,0,0,482,0,1,0.886364,537,1,0,1.0
Run 3,Aaron Whitfield,37,solo,0,0,543,0,1,0.912088,537,1,0,1.0
Run 3,Aaron Whitfield,37,solo,0,0,405,0,0,0.056452,542,0,0,0.023392
Run 3,Aaron Whitfield,37,solo,0,0,414,0,0,0.138889,624,0,0,0.065
Run 3,Aaron Whitfield,37,solo,0,0,470,0,0,0.087591,580,0,0,0.095745
Run 3,Aaron Whitfield,37,solo,1,0,11,1,0,0.0,11,1,0,0.0
Run 3,Aaron Whitfield,37,solo,0,0,445,0,0,0.034722,521,0,0,0.025907
Run 3,Aaron Whitfield,37,solo,0,0,346,0,0,0.107843,654,0,0,0.066327
Run 3,Aaron Whitfield,37,solo,0,0,196,0,0,0.01087,472,0,0,0.021739
Run 3,Aaron Whitfield,38,joint,1,0,11,1,0,0.0,0,0,0,0.0
Run 3,Aaron Whitfield,38,solo,0,0,482,1,0,1.0,550,0,1,0.894231
Run 3,Aaron Whitfield,38,solo,0,0,480,1,0,1.0,550,1,0,1.0
Run 3,Aaron Whitfield,38,solo,0,0,361,0,0,0.030769,495,0,0,0.043716
Run 3,Aaron Whitfield,38,solo,0,0,346,0,0,0.145631,554,0,0,0.04
Run 3,Aaron Whitfield,38,solo,0,0,291,0,0,0.079646,499,0,0,0.039106
Run 3,Aaron Whitfield,38,solo,0,0,480,1,0,1.0,550,1,0,1.0
Run 3,Aaron Whitfield,38,solo,0,0,460,0,0,0.045455,517,0,0,0.04712
Run 3,Aaron Whitfield,38,solo,0,0,416,0,0,0.036036,580,0,0,0.1
Run 3,Aaron Whitfield,38,solo,0,0,278,0,0,0.016807,594,0,0,0.019048
Run 3,Aaron Whitfield,38,solo,1,0,480,1,0,1.0,11,1,0,0.0
Run 3,Aaron Whitfield,38,solo,0,0,297,0,0,0.068182,547,0,0,0.064171
Run 3,Aaron Whitfield,38,solo,0,0,436,0,0,0.12844,557,0,0,0.07772
Run 3,Aaron Whitfield,38,solo,0,0,372,0,0,0.07438,599,0,0,0.059701
Run 3,Aaron Whitfield,38,joint,1,0,11,1,0,0.0,0,0,0,0.0
Run 3,Aaron Whitfield,38,solo,1,0,11,1,0,0.0,11,1,0,0.0
Run 3,Aaron Whitfield,39,joint,0,0,383,0,0,0.0,587,0,0,0.016667
Run 3,Aaron Whitfield,39,solo,0,0,608,0,0,0.768519,554,0,1,0.914286
Run 3,Aaron Whitfield,39,solo,0,0,448,0,0,0.639175,554,1,0,1.0
Run 3,Aaron Whitfield,39,solo,0,0,278,0,0,0.128713,640,0,0,0.040724
Run 3,Aaron Whitfield,39,solo,0,0,434,0,0,0.114286,669,0,0,0.039823
Run 3,Aaron Whitfield,39,solo,0,0,268,0,0,0.068966,542,0,0,0.023364
Run 3,Aaron Whitfield,39,solo,0,0,480,1,0,1.0,554,1,0,1.0
Run 3,Aaron Whitfield,39,solo,0,0,426,0,0,0.06338,640,0,0,0.030769
Run 3,Aaron Whitfield,39,solo,0,0,316,0,0,0.085714,604,0,0,0.059908
Run 3,Aaron Whitfield,39,solo,0,0,241,0,0,0.0,529,0,0,0.036842
Run 3,Aaron Whitfield,39,joint,1,0,11,1,0,0.0,0,0,0,0.0
Run 3,Aaron Whitfield,39,solo,0,0,240,0,0,0.035088,571,0,0,0.044335
Run 3,Aaron Whitfield,39,solo,0,0,685,0,0,0.648438,554,1,0,1.0
Run 3,Aaron Whitfield,39,solo,0,0,432,0,0,0.067114,714,0,0,0.053333
Run 3,Aaron Whitfield,39,solo,0,0,430,0,0,0.076271,614,0,0,0.036458
Run 3,Aaron Whitfield,39,solo,0,0,375,0,0,0.105263,698,0,0,0.054795
Run 3,Aaron Whitfield,40,joint,0,0,437,0,0,0.008403,550,0,0,0.059524
Run 3,Aaron Whitfield,40,solo,0,0,363,0,0,0.506329,563,0,0,0.691667
Run 3,Aaron Whitfield,40,solo,0,0,652,0,0,0.790323,767,0,0,0.682759
Run 3,Aaron Whitfield,40,solo,0,0,341,0,0,0.064815,585,0,0,0.039801
Run 3,Aaron Whitfield,40,solo,0,0,431,0,0,0.119048,587,0,0,0.028708
Run 3,Aaron Whitfield,40,solo,0,0,422,0,0,0.092857,699,0,0,0.033333
Run 3,Aaron Whitfield,40,solo,0,0,550,0,1,0.846939,667,0,1,0.818182
Run 3,Aaron Whitfield,40,solo,0,0,468,0,0,0.030769,659,0,0,0.045267
Run 3,Aaron Whitfield,40,solo,0,0,402,0,0,0.064815,660,0,0,0.030837
Run 3,Aaron Whitfield,40,solo,0,0,385,0,0,0.064815,672,0,0,0.0199
Run 3,Aaron Whitfield,40,solo,0,0,554,0,1,0.902913,628,0,1,0.853448
Run 3,Aaron Whitfield,40,solo,0,0,354,0,0,0.032258,582,0,0,0.039216
Run 3,Aaron Whitfield,40,solo,0,0,441,0,0,0.054264,537,0,0,0.067358
Run 3,Aaron Whitfield,40,solo,0,0,345,0,0,0.028846,452,0,0,0.03125
Run 3,Aaron Whitfield,40,solo,1,0,480,1,0,1.0,11,1,0,0.0
Run 3,Aaron Whitfield,40,solo,0,0,452,0,0,0.07377,578,0,0,0.025641
Run 3,Aaron Whitfield,40,solo,0,0,400,0,0,0.1,471,0,0,0.048193
Run 3,Aaron Whitfield,40,solo,0,0,283,0,0,0.241379,606,0,0,0.064356
Run 3,Aaron Whitfield,41,solo,0,0,351,0,0,0.794872,560,0,1,0.869159
Run 3,Aaron Whitfield,41,solo,0,0,329,0,0,0.180328,569,0,0,0.019231
Run 3,Aaron Whitfield,41,solo,0,0,296,0,0,0.0625,739,0,0,0.016529
Run 3,Aaron Whitfield,41,solo,0,0,361,0,0,0.063492,507,0,0,0.038674
Run 3,Aaron Whitfield,41,solo,0,0,480,1,0,1.0,560,1,0,1.0
Run 3,Aaron Whitfield,41,solo,0,0,392,0,0,0.037313,602,0,0,0.053191
Run 3,Aaron Whitfield,41,solo,0,0,401,0,0,0.023438,589,0,0,0.024038
Run 3,Aaron Whitfield,41,solo,0,0,316,0,0,0.03,585,0,0,0.018957
Run 3,Aaron Whitfield,41,joint,1,0,11,1,0,0.0,0,0,0,0.0
Run 3,Aaron Whitfield,41,solo,0,0,482,1,0,1.0,560,1,0,1.0
Run 3,Aaron Whitfield,41,solo,1,0,11,1,0,0.0,11,1,0,0.0
Run 3,Aaron Whitfield,41,solo,0,0,335,0,0,0.029197,485,0,0,0.033149
Run 3,Aaron Whitfield,41,solo,0,0,428,0,0,0.15,588,0,0,0.033019
Run 3,Aaron Whitfield,41,solo,0,0,351,0,0,0.062937,499,0,0,0.027624
Run 3,Aaron Whitfield,41,solo,1,0,11,1,0,0.0,11,1,0,0.0
Run 3,Aaron Whitfield,41,solo,0,0,429,0,0,0.054795,564,0,0,0.025381
Run 3,Aaron Whitfield,41,solo,0,0,382,0,0,0.111111,653,0,0,0.048077
Run 3,Aaron Whitfield,41,solo,0,0,542,0,0,0.072993,738,0,0,0.018018
Run 3,Aaron Whitfield,42,solo,0,0,480,1,0,1.0,539,0,1,0.951456
Run 3,Aaron Whitfield,42,solo,0,0,310,0,0,0.084615,583,0,0,0.010526
Run 3,Aaron Whitfield,42,solo,0,0,477,0,0,0.066667,773,0,0,0.038298
Run 3,Aaron Whitfield,42,solo,0,0,396,0,0,0.017857,606,0,0,0.022422
Run 3,Aaron Whitfield,42,solo,0,0,480,1,0,1.0,539,1,0,1.0
Run 3,Aaron Whitfield,42,solo,0,0,327,0,0,0.042373,631,0,0,0.020408
Run 3,Aaron Whitfield,42,solo,0,0,429,0,0,0.065574,595,0,0,0.038835
Run 3,Aaron Whitfield,42,solo,0,0,403,0,0,0.060345,654,0,0,0.053398
Run 3,Aaron Whitfield,42,joint,1,0,11,1,0,0.0,0,0,0,0.0
Run 3,Aaron Whitfield,42,solo,0,0,595,0,0,0.70297,539,1,0,1.0
Run 3,Aaron Whitfield,42,solo,0,0,584,0,1,0.9,539,1,0,1.0
Run 3,Aaron Whitfield,42,solo,0,0,362,0,0,0.101695,578,0,0,0.037838
Run 3,Aaron Whitfield,42,solo,0,0,452,0,0,0.072,637,0,0,0.024038
Run 3,Aaron Whitfield,42,solo,0,0,408,0,0,0.11811,687,0,0,0.028436
Run 3,Aaron Whitfield,42,solo,1,0,11,1,0,0.0,11,1,0,0.0
Run 3,Aaron Whitfield,42,solo,0,0,347,0,0,0.054688,561,0,0,0.020725
Run 3,Aaron Whitfield,42,solo,0,0,273,0,0,0.12,435,0,0,0.016129
Run 3,Aaron Whitfield,42,solo,0,0,285,0,0,0.333333,498,0,0,0.051429
Run 3,Aaron Whitfield,43,joint,1,0,11,1,0,0.0,0,0,0,0.0
Run 3,Aaron Whitfield,43,solo,0,0,450,0,1,0.876543,548,1,0,0.904762
Run 3,Aaron Whitfield,43,solo,0,0,495,0,1,0.926829,585,0,1,0.95283
Run 3,Aaron Whitfield,43,solo,0,0,393,0,0,0.020134,601,0,0,0.057522
Run 3,Aaron Whitfield,43,solo,0,0,366,0,0,0.055556,723,0,0,0.031963
Run 3,Aaron Whitfield,43,solo,0,0,356,0,0,0.070866,779,0,0,0.037736
Run 3,Aaron Whitfield,43,solo,0,0,485,0,1,0.940476,585,1,0,1.0
Run 3,Aaron Whitfield,43,solo,0,0,350,0,0,0.083333,553,0,0,0.040724
Run 3,Aaron Whitfield,43,solo,0,0,373,0,0,0.105263,606,0,0,0.035897
Run 3,Aaron Whitfield,43,solo,0,0,406,0,0,0.015748,628,0,0,0.015306
Run 3,Aaron Whitfield,43,solo,1,0,11,1,0,0.0,11,1,0,0.0
Run 3,Aaron Whitfield,43,solo,0,0,278,0,0,0.048,589,0,0,0.033816
Run 3,Aaron Whitfield,43,solo,0,0,355,0,0,0.068966,529,0,0,0.05
Run 3,Aaron Whitfield,43,solo,0,0,327,0,0,0.038462,471,0,0,0.024242
Run 3,Aaron Whitfield,43,joint,1,0,11,1,0,0.0,0,0,0,0.0
Run 3,Aaron Whitfield,43,solo,1,0,11,1,0,0.0,11,1,0,0.0
Run 3,Aaron Whitfield,44,solo,0,0,495,1,0,1.0,554,1,0,1.0
Run 3,Aaron Whitfield,44,solo,0,0,371,0,0,0.132653,596,0,0,0.035897
Run 3,Aaron Whitfield,44,solo,0,0,391,0,0,0.081818,483,0,0,0.023669
Run 3,Aaron Whitfield,44,solo,0,0,285,0,0,0.021053,608,0,0,0.028986
Run 3,Aaron Whitfield,44,solo,0,0,367,0,0,0.163636,596,0,0,0.187166
Run 3,Aaron Whitfield,44,solo,0,0,396,0,0,0.023622,590,0,0,0.043956
Run 3,Aaron Whitfield,44,solo,0,0,438,0,0,0.081301,565,0,0,0.036269
Run 3,Aaron Whitfield,44,solo,0,0,504,0,0,0.054795,722,0,0,0.033493
Run 3,Aaron Whitfield,44,solo,0,0,498,0,0,0.264463,607,0,0,0.779661
Run 3,Aaron Whitfield,44,solo,0,0,500,0,0,0.049645,611,0,0,0.018957
Run 3,Aaron Whitfield,44,solo,0,0,437,0,0,0.059259,550,0,0,0.035533
Run 3,Aaron Whitfield,44,solo,0,0,360,0,0,0.033898,582,0,0,0.018519
Run 3,Aaron Whitfield,44,joint,1,0,11,1,0,0.0,0,0,0,0.0
Run 3,Aaron Whitfield,44,solo,0,0,314,0,0,0.731343,821,0,0,0.43038
Run 3,Aaron Whitfield,44,solo,0,0,448,1,0,1.0,554,1,0,1.0
Run 3,Aaron Whitfield,44,solo,0,0,366,0,0,0.11,667,0,0,0.028708
Run 3,Aaron Whitfield,44,solo,0,0,352,0,0,0.066667,493,0,0,0.035556
Run 3,Aaron Whitfield,44,solo,0,0,327,0,0,0.133858,642,0,0,0.039409
Run 3,Aaron Whitfield,45,joint,1,0,11,1,0,0.0,0,0,0,0.0
Run 3,Aaron Whitfield,45,solo,0,0,497,0,1,0.926829,563,0,1,0.846847
Run 3,Aaron Whitfield,45,solo,0,0,495,1,0,1.0,563,1,0,1.0
Run 3,Aaron Whitfield,45,solo,0,0,335,0,0,0.089109,577,0,0,0.113514
Run 3,Aaron Whitfield,45,solo,0,0,360,0,0,0.145631,581,0,0,0.066667
Run 3,Aaron Whitfield,45,solo,0,0,338,0,0,0.068627,563,0,0,0.026178
Run 3,Aaron Whitfield,45,solo,0,0,495,1,0,1.0,600,0,1,0.954128
Run 3,Aaron Whitfield,45,solo,0,0,294,0,0,0.078431,556,0,0,0.03125
Run 3,Aaron Whitfield,45,solo,0,0,344,0,0,0.068376,867,0,0,0.027451
Run 3,Aaron Whitfield,45,solo,0,0,378,0,0,0.104762,567,0,0,0.049505
Run 3,Aaron Whitfield,45,solo,1,0,11,1,0,0.0,11,1,0,0.0
Run 3,Aaron Whitfield,45,solo,0,0,237,0,0,0.052083,529,0,0,0.038462
Run 3,Aaron Whitfield,45,solo,0,0,457,0,0,0.028846,620,0,0,0.020833
Run 3,Aaron Whitfield,45,solo,0,0,319,0,0,0.035088,644,0,0,0.049261
Run 3,Aaron Whitfield,45,joint,1,0,11,1,0,0.0,0,0,0,0.0
Run 3,Aaron Whitfield,45,solo,1,0,11,1,0,0.0,11,1,0,0.0
Run 3,Aaron Whitfield,46,solo,0,0,495,1,0,1.0,570,0,1,0.87156
Run 3,Aaron Whitfield,46,solo,0,0,405,0,0,0.064516,561,0,0,0.05291
Run 3,Aaron Whitfield,46,solo,0,0,340,0,0,0.053097,583,0,0,0.016484
Run 3,Aaron Whitfield,46,solo,0,0,400,0,0,0.059322,567,0,0,0.058824
Run 3,Aaron Whitfield,46,solo,0,0,495,1,0,1.0,570,1,0,1.0
Run 3,Aaron Whitfield,46,solo,0,0,448,0,0,0.063492,599,0,0,0.02439
Run 3,Aaron Whitfield,46,solo,0,0,456,0,0,0.065217,558,0,0,0.026042
Run 3,Aaron Whitfield,46,solo,0,0,278,0,0,0.233766,606,0,0,0.046154
Run 3,Aaron Whitfield,46,joint,1,0,11,1,0,0.0,0,0,0,0.0
Run 3,Aaron Whitfield,46,solo,0,0,511,0,1,0.876404,570,1,0,1.0
Run 3,Aaron Whitfield,46,solo,0,0,448,1,0,1.0,570,1,0,1.0
Run 3,Aaron Whitfield,46,solo,0,0,318,0,0,0.073684,531,0,0,0.048077
Run 3,Aaron Whitfield,46,solo,0,0,316,0,0,0.093458,594,0,0,0.072539
Run 3,Aaron Whitfield,46,solo,0,0,357,0,0,0.028302,752,0,0,0.017621
Run 3,Aaron Whitfield,46,solo,0,0,495,1,0,1.0,570,1,0,1.0
Run 3,Aaron Whitfield,46,solo,0,0,383,0,0,0.050725,519,0,0,0.034483
Run 3,Aaron Whitfield,46,solo,0,0,529,0,0,0.112676,535,0,0,0.091398
Run 3,Aaron Whitfield,46,solo,0,0,556,0,0,0.094891,561,0,0,0.070352
Run 3,Aaron Whitfield,47,solo,0,0,495,1,0,1.0,744,0,0,0.643357
Run 3,Aaron Whitfield,47,solo,0,0,280,0,0,0.081818,675,0,0,0.046729
Run 3,Aaron Whitfield,47,solo,0,0,394,0,0,0.056,538,0,0,0.026455
Run 3,Aaron Whitfield,47,solo,0,0,407,0,0,0.09009,610,0,0,0.050505
Run 3,Aaron Whitfield,47,solo,0,0,495,1,0,1.0,744,1,0,1.0
Run 3,Aaron Whitfield,47,solo,0,0,277,0,0,0.05102,572,0,0,0.025126
Run 3,Aaron Whitfield,47,solo,0,0,384,0,0,0.102564,615,0,0,0.047368
Run 3,Aaron Whitfield,47,solo,0,0,266,0,0,0.025862,533,0,0,0.024845
Run 3,Aaron Whitfield,47,joint,1,0,11,1,0,0.0,0,0,0,0.0
Run 3,Aaron Whitfield,47,solo,0,0,404,0,1,0.90625,561,0,1,0.91
Run 3,Aaron Whitfield,47,solo,1,0,495,1,0,1.0,11,1,0,0.0
Run 3,Aaron Whitfield,47,solo,0,0,361,0,0,0.087302,689,0,0,0.03211
Run 3,Aaron Whitfield,47,solo,0,0,444,0,0,0.156863,500,0,0,0.038674
Run 3,Aaron Whitfield,47,solo,0,0,348,0,0,0.046154,734,0,0,0.029289
Run 3,Aaron Whitfield,47,joint,1,0,11,1,0,0.0,0,0,0,0.0
Run 3,Aaron Whitfield,47,solo,1,0,11,1,0,0.0,11,1,0,0.0
Run 3,Aaron Whitfield,48,solo,0,0,495,1,0,1.0,606,0,0,0.773109
Run 3,Aaron Whitfield,48,solo,0,0,299,0,0,0.151163,597,0,0,0.04186
Run 3,Aaron Whitfield,48,solo,0,0,463,0,0,0.098485,723,0,0,0.046296
Run 3,Aaron Whitfield,48,solo,0,0,351,0,0,0.093023,549,0,0,0.052083
Run 3,Aaron Whitfield,48,solo,0,0,448,1,0,1.0,606,1,0,1.0
Run 3,Aaron Whitfield,48,solo,0,0,442,0,0,0.077519,635,0,0,0.014019
Run 3,Aaron Whitfield,48,solo,0,0,348,0,0,0.101852,496,0,0,0.02139
Run 3,Aaron Whitfield,48,solo,0,0,434,0,0,0.044304,602,0,0,0.021008
Run 3,Aaron Whitfield,48,joint,1,0,11,1,0,0.0,0,0,0,0.0
Run 3,Aaron Whitfield,48,solo,0,0,372,0,0,0.417476,606,1,0,1.0
Run 3,Aaron Whitfield,48,solo,0,0,448,1,0,1.0,606,1,0,1.0
Run 3,Aaron Whitfield,48,solo,0,0,296,0,0,0.034884,634,0,0,0.023474
Run 3,Aaron Whitfield,48,solo,0,0,363,0,0,0.081081,673,0,0,0.061798
Run 3,Aaron Whitfield,48,solo,0,0,416,0,0,0.040984,550,0,0,0.020202
Run 3,Aaron Whitfield,48,solo,0,0,495,1,0,1.0,606,1,0,1.0
Run 3,Aaron Whitfield,48,solo,0,0,432,0,0,0.080882,562,0,0,0.030151
Run 3,Aaron Whitfield,48,solo,0,0,451,0,0,0.10687,648,0,0,0.057143
Run 3,Aaron Whitfield,48,solo,0,0,420,0,0,0.064815,638,0,0,0.057971
Run 3,Aaron Whitfield,49,solo,0,0,495,1,0,1.0,549,0,1,0.942308
Run 3,Aaron Whitfield,49,solo,0,0,317,0,0,0.152174,628,0,0,0.051724
Run 3,Aaron Whitfield,49,solo,0,0,400,0,0,0.057851,604,0,0,0.12766
Run 3,Aaron Whitfield,49,solo,0,0,304,0,0,0.01626,751,0,0,0.02193
Run 3,Aaron Whitfield,49,solo,0,0,495,1,0,1.0,596,0,1,0.943925
Run 3,Aaron Whitfield,49,solo,0,0,601,0,0,0.051948,787,0,0,0.024691
Run 3,Aaron Whitfield,49,solo,0,0,465,0,0,0.08,870,0,0,0.045455
Run 3,Aaron Whitfield,49,solo,0,0,373,0,0,0.043103,511,0,0,0.011494
Run 3,Aaron Whitfield,49,solo,0,0,448,1,0,1.0,596,1,0,1.0
Run 3,Aaron Whitfield,49,solo,0,0,455,0,0,0.015748,742,0,0,0.025641
Run 3,Aaron Whitfield,49,solo,0,0,252,0,0,0.123596,489,0,0,0.04
Run 3,Aaron Whitfield,49,solo,0,0,272,0,0,0.069767,591,0,0,0.038647
Run 3,Aaron Whitfield,49,solo,1,0,11,1,0,0.0,11,1,0,0.0
Run 3,Aaron Whitfield,49,solo,0,0,477,0,0,0.068493,651,0,0,0.029557
Run 3,Aaron Whitfield,49,solo,0,0,429,0,0,0.016393,748,0,0,0.022321
Run 3,Aaron Whitfield,49,solo,0,0,402,0,0,0.072581,693,0,0,0.013158
Run 3,Aaron Whitfield,49,solo,1,0,11,1,0,0.0,11,1,0,0.0
Run 3,Aaron Whitfield,49,solo,0,0,353,0,0,0.075269,411,0,0,0.017857
Run 3,Aaron Whitfield,49,solo,0,0,405,0,0,0.0625,457,0,0,0.028571
Run 3,Aaron Whitfield,49,solo,0,0,257,0,0,0.058824,976,0,0,0.026515
Run 3,Aaron Whitfield,50,joint,1,0,11,1,0,0.0,0,0,0,0.0
Run 3,Aaron Whitfield,50,solo,0,0,497,1,0,1.0,562,0,1,0.853211
Run 3,Aaron Whitfield,50,joint,1,0,11,1,0,0.0,0,0,0,0.0
Run 3,Aaron Whitfield,50,solo,0,0,450,1,0,1.0,562,1,0,1.0
Run 3,Aaron Whitfield,50,solo,0,0,495,1,0,1.0,562,1,0,1.0
Run 3,Aaron Whitfield,50,solo,0,0,427,0,0,0.059322,663,0,0,0.040698
Run 3,Aaron Whitfield,50,solo,0,0,316,0,0,0.036036,759,0,0,0.034335
Run 3,Aaron Whitfield,50,solo,0,0,354,0,0,0.080357,618,0,0,0.069307
Run 3,Aaron Whitfield,50,solo,0,0,495,1,0,1.0,562,1,0,1.0
Run 3,Aaron Whitfield,50,solo,0,0,330,0,0,0.214286,764,0,0,0.057143
Run 3,Aaron Whitfield,50,solo,0,0,300,0,0,0.205882,537,0,0,0.025126
Run 3,Aaron Whitfield,50,solo,0,0,362,0,0,0.090909,558,0,0,0.082353
Run 3,Aaron Whitfield,50,solo,1,0,11,1,0,0.0,11,1,0,0.0
Run 3,Aaron Whitfield,50,solo,0,0,429,0,0,0.070866,520,0,0,0.078947
Run 3,Aaron Whitfield,50,solo,0,0,389,0,0,0.159664,572,0,0,0.080645
Run 3,Aaron Whitfield,50,solo,0,0,256,0,0,0.043103,548,0,0,0.014706
Run 3,Aaron Whitfield,51,joint,1,1,11,1,0,0.0,0,0,0,0.0
Run 3,Aaron Whitfield,51,solo,0,1,450,1,0,1.0,550,1,0,0.87156
Run 3,Adrian Morales,1,solo,0,0,481,0,0,0.0,547,0,0,0.0
Run 3,Adrian Morales,1,solo,0,0,265,0,0,0.0,573,0,0,0.004762
Run 3,Adrian Morales,1,solo,0,0,497,0,0,0.0,682,0,0,0.0
Run 3,Adrian Morales,1,solo,0,0,362,0,0,0.0,621,0,0,0.004525
Run 3,Adrian Morales,1,joint,0,0,475,0,0,0.0,616,0,0,0.0
Run 3,Adrian Morales,1,solo,0,0,483,0,0,0.010929,670,0,0,0.012876
Run 3,Adrian Morales,1,solo,0,0,473,0,0,0.020548,589,0,0,0.004785
Run 3,Adrian Morales,1,solo,0,0,314,0,0,0.014599,609,0,0,0.028571
Run 3,Adrian Morales,1,solo,0,0,398,0,0,0.0,527,0,0,0.014851
Run 3,Adrian Morales,1,solo,0,0,430,0,0,0.008547,731,0,0,0.004386
Run 3,Adrian Morales,1,solo,0,0,288,0,0,0.0,815,0,0,0.049383
Run 3,Adrian Morales,1,solo,0,0,284,0,0,0.036232,525,0,0,0.005102
Run 3,Adrian Morales,1,solo,0,0,423,0,0,0.030769,544,0,0,0.010753
Run 3,Adrian Morales,1,solo,0,0,303,0,0,0.029703,558,0,0,0.009852
Run 3,Adrian Morales,1,joint,0,0,509,0,0,0.0,570,0,0,0.0
Run 3,Adrian Morales,1,solo,0,0,549,0,0,0.0,563,0,0,0.00813
Run 3,Adrian Morales,2,solo,0,0,327,0,0,0.5,800,0,0,0.403941
Run 3,Adrian Morales,2,solo,0,0,435,0,0,0.031008,388,0,0,0.019355
Run 3,Adrian Morales,2,solo,0,0,362,0,0,0.055556,572,0,0,0.009569
Run 3,Adrian Morales,2,solo,0,0,322,0,0,0.0,588,0,0,0.01581
Run 3,Adrian Morales,2,joint,0,0,365,0,0,0.0,630,0,0,0.014851
Run 3,Adrian Morales,2,solo,0,0,444,0,0,0.095238,800,1,0,1.0
Run 3,Adrian Morales,2,solo,0,0,496,0,1,0.808511,775,0,0,0.091241
Run 3,Adrian Morales,2,solo,0,0,301,0,0,0.01,571,0,0,0.014778
Run 3,Adrian Morales,2,solo,0,0,365,0,0,0.033333,533,0,0,0.038251
Run 3,Adrian Morales,2,solo,0,0,470,0,0,0.097744,652,0,0,0.013453
Run 3,Adrian Morales,2,solo,0,0,464,0,0,0.568182,650,0,0,0.060185
Run 3,Adrian Morales,2,solo,0,0,384,0,0,0.019868,553,0,0,0.010101
Run 3,Adrian Morales,2,solo,0,0,354,0,0,0.104839,758,0,0,0.007874
Run 3,Adrian Morales,2,solo,0,0,264,0,0,0.010309,666,0,0,0.019048
Run 3,Adrian Morales,2,joint,1,0,11,0,0,0.0,0,0,0,0.0
Run 3,Adrian Morales,2,solo,0,0,576,0,0,0.700855,679,0,0,0.679389
Run 3,Adrian Morales,3,solo,0,0,526,0,1,0.818182,747,0,0,0.017483
Run 3,Adrian Morales,3,solo,0,0,368,0,0,0.061947,450,0,0,0.017964
Run 3,Adrian Morales,3,solo,0,0,286,0,0,0.028571,552,0,0,0.017442
Run 3,Adrian Morales,3,solo,0,0,332,0,0,0.028846,469,0,0,0.016393
Run 3,Adrian Morales,3,solo,0,0,521,0,1,0.978261,747,1,0,1.0
Run 3,Adrian Morales,3,solo,0,0,265,0,0,0.142857,590,0,0,0.015544
Run 3,Adrian Morales,3,solo,0,0,492,0,0,0.044248,529,0,0,0.012552
Run 3,Adrian Morales,3,solo,0,0,338,0,0,0.075758,521,0,0,0.03
Run 3,Adrian Morales,3,joint,1,0,11,1,0,0.0,0,0,0,0.0
Run 3,Adrian Morales,3,solo,0,0,501,0,0,0.364407,747,1,0,1.0
Run 3,Adrian Morales,3,solo,0,0,480,0,1,0.870968,747,1,0,1.0
Run 3,Adrian Morales,3,solo,0,0,393,0,0,0.089286,610,0,0,0.019704
Run 3,Adrian Morales,3,solo,0,0,368,0,0,0.078947,558,0,0,0.018605
Run 3,Adrian Morales,3,solo,0,0,393,0,0,0.044776,675,0,0,0.039604
Run 3,Adrian Morales,3,solo,0,0,442,0,1,0.952941,715,0,0,0.254386
Run 3,Adrian Morales,3,solo,0,0,293,0,0,0.073171,519,0,0,0.031746
Run 3,Adrian Morales,3,solo,0,0,289,0,0,0.152174,552,0,0,0.030769
Run 3,Adrian Morales,3,solo,0,0,462,0,0,0.039216,649,0,0,0.017857
Run 3,Adrian Morales,4,joint,0,0,529,0,0,0.0,636,0,0,0.004831
Run 3,Adrian Morales,4,solo,0,0,501,1,0,1.0,994,0,0,0.377682
Run 3,Adrian Morales,4,joint,0,0,367,0,0,0.0,524,0,0,0.0
Run 3,Adrian Morales,4,solo,0,0,501,1,0,1.0,993,0,1,0.947368
Run 3,Adrian Morales,4,solo,0,0,422,0,0,0.663265,993,1,0,1.0
Run 3,Adrian Morales,4,solo,0,0,282,0,0,0.069767,572,0,0,0.046154
Run 3,Adrian Morales,4,solo,0,0,494,0,0,0.092308,629,0,0,0.019231
Run 3,Adrian Morales,4,solo,0,0,240,0,0,0.011111,474,0,0,0.027473
Run 3,Adrian Morales,4,solo,0,0,499,0,1,0.893617,993,1,0,1.0
Run 3,Adrian Morales,4,solo,0,0,228,0,0,0.148148,496,0,0,0.057592
Run 3,Adrian Morales,4,solo,0,0,306,0,0,0.14433,493,0,0,0.062147
Run 3,Adrian Morales,4,solo,0,0,333,0,0,0.045113,562,0,0,0.037559
Run 3,Adrian Morales,4,solo,0,0,424,1,0,1.0,993,1,0,1.0
Run 3,Adrian Morales,4,solo,0,0,266,0,0,0.032609,587,0,0,0.037559
Run 3,Adrian Morales,4,solo,0,0,548,0,0,0.034682,596,0,0,0.028846
Run 3,Adrian Morales,4,solo,0,0,435,0,0,0.055556,635,0,0,0.013953
Run 3,Adrian Morales,5,solo,0,0,461,0,1,0.955056,726,0,0,0.446237
Run 3,Adrian Morales,5,solo,0,0,374,0,0,0.032258,620,0,0,0.028302
Run 3,Adrian Morales,5,solo,0,0,396,0,0,0.097345,581,0,0,0.051813
Run 3,Adrian Morales,5,solo,0,0,410,0,0,0.019608,606,0,0,0.045918
Run 3,Adrian Morales,5,joint,1,0,11,1,0,0.0,0,0,0,0.0
Run 3,Adrian Morales,5,solo,0,0,454,0,0,0.343137,726,1,0,1.0
Run 3,Adrian Morales,5,solo,0,0,300,0,0,0.589286,548,0,0,0.055838
Run 3,Adrian Morales,5,solo,0,0,329,0,0,0.043103,467,0,0,0.00565
Run 3,Adrian Morales,5,solo,0,0,322,0,0,0.079545,627,0,0,0.019704
Run 3,Adrian Morales,5,solo,0,0,210,0,0,0.071429,684,0,0,0.007905
Run 3,Adrian Morales,5,solo,0,0,352,0,0,0.238095,726,1,0,1.0
Run 3,Adrian Morales,5,solo,0,0,368,0,0,0.032787,598,0,0,0.039216
Run 3,Adrian Morales,5,solo,0,0,247,0,0,0.086022,553,0,0,0.02193
Run 3,Adrian Morales,5,solo,0,0,274,0,0,0.034483,465,0,0,0.049451
Run 3,Adrian Morales,5,solo,0,0,333,0,1,0.833333,726,1,0,1.0
Run 3,Adrian Morales,5,solo,0,0,595,0,0,0.049383,595,0,0,0.046296
Run 3,Adrian Morales,5,solo,0,0,340,0,0,0.085714,535,0,0,0.12426
Run 3,Adrian Morales,5,solo,0,0,240,0,0,0.037037,507,0,0,0.032086
Run 3,Adrian Morales,6,solo,0,0,333,1,0,1.0,704,0,0,0.502857
Run 3,Adrian Morales,6,solo,0,0,361,0,0,0.123188,514,0,0,0.023121
Run 3,Adrian Morales,6,solo,0,0,342,0,0,0.063492,655,0,0,0.056338
Run 3,Adrian Morales,6,solo,0,0,354,0,0,0.022901,569,0,0,0.028674
Run 3,Adrian Morales,6,joint,0,0,358,0,0,0.0,586,0,0,0.019512
Run 3,Adrian Morales,6,solo,0,0,335,0,1,0.830508,704,1,0,1.0
Run 3,Adrian Morales,6,joint,0,0,336,0,0,0.009434,497,0,0,0.021505
Run 3,Adrian Morales,6,solo,0,0,335,1,0,1.0,704,1,0,1.0
Run 3,Adrian Morales,6,solo,0,0,333,1,0,1.0,704,1,0,1.0
Run 3,Adrian Morales,6,solo,0,0,359,0,0,0.05,862,0,0,0.02834
Run 3,Adrian Morales,6,solo,0,0,574,0,0,0.037267,646,0,0,0.064516
Run 3,Adrian Morales,6,solo,0,0,423,0,0,0.033898,617,0,0,0.024631
Run 3,Adrian Morales,6,solo,0,0,333,1,0,1.0,704,1,0,1.0
Run 3,Adrian Morales,6,solo,0,0,347,0,0,0.063158,651,0,0,0.048544
Run 3,Adrian Morales,6,solo,0,0,359,0,0,0.164948,489,0,0,0.036269
Run 3,Adrian Morales,6,solo,0,0,284,0,0,0.028571,520,0,0,0.028571
Run 3,Adrian Morales,7,joint,0,0,473,0,0,0.0,623,0,0,0.015
Run 3,Adrian Morales,7,solo,0,0,335,1,0,1.0,691,0,0,0.120567
Run 3,Adrian Morales,7,solo,0,0,333,1,0,1.0,691,1,0,1.0
Run 3,Adrian Morales,7,solo,0,0,455,0,0,0.12,569,0,0,0.024752
Run 3,Adrian Morales,7,solo,0,0,320,0,0,0.080357,546,0,0,0.04712
Run 3,Adrian Morales,7,solo,0,0,484,0,0,0.044776,691,0,0,0.028169
Run 3,Adrian Morales,7,solo,0,0,333,1,0,1.0,710,0,0,0.52071
Run 3,Adrian Morales,7,solo,0,0,470,0,0,0.056911,604,0,0,0.025862
Run 3,Adrian Morales,7,solo,0,0,354,0,0,0.049587,680,0,0,0.040541
Run 3,Adrian Morales,7,solo,0,0,361,0,0,0.034188,582,0,0,0.015385
Run 3,Adrian Morales,7,solo,0,0,333,1,0,1.0,634,0,0,0.359116
Run 3,Adrian Morales,7,solo,0,0,402,0,0,0.029851,647,0,0,0.023923
Run 3,Adrian Morales,7,solo,0,0,384,0,0,0.166667,533,0,0,0.047619
Run 3,Adrian Morales,7,solo,0,0,355,0,0,0.037736,578,0,0,0.025
Run 3,Adrian Morales,7,solo,0,0,498,0,0,0.537634,691,1,0,1.0
Run 3,Adrian Morales,7,solo,0,0,435,0,0,0.023077,573,0,0,0.063158
Run 3,Adrian Morales,7,solo,0,0,359,0,0,0.175824,504,0,0,0.02809
Run 3,Adrian Morales,7,solo,0,0,164,0,0,0.037037,576,0,0,0.073864
Run 3,Adrian Morales,8,joint,0,0,349,0,0,0.009346,535,0,0,0.024876
Run 3,Adrian Morales,8,solo,0,0,376,0,0,0.118812,708,0,0,0.443787
Run 3,Adrian Morales,8,solo,0,0,333,1,0,1.0,561,0,0,0.771654
Run 3,Adrian Morales,8,solo,0,0,350,0,0,0.087719,592,0,0,0.035714
Run 3,Adrian Morales,8,solo,0,0,359,0,0,0.097826,533,0,0,0.02907
Run 3,Adrian Morales,8,solo,0,0,509,0,0,0.007812,662,0,0,0.018349
Run 3,Adrian Morales,8,solo,0,0,333,1,0,1.0,630,0,0,0.603896
Run 3,Adrian Morales,8,solo,0,0,489,0,0,0.025478,645,0,0,0.051887
Run 3,Adrian Morales,8,solo,0,0,464,0,0,0.023256,518,0,0,0.040201
Run 3,Adrian Morales,8,solo,0,0,403,0,0,0.039683,501,0,0,0.02139
Run 3,Adrian Morales,8,solo,0,0,374,0,1,0.84375,649,0,0,0.778571
Run 3,Adrian Morales,8,solo,0,0,313,0,0,0.073394,515,0,0,0.067039
Run 3,Adrian Morales,8,solo,0,0,359,0,0,0.099099,581,0,0,0.02551
Run 3,Adrian Morales,8,solo,0,0,397,0,0,0.043478,606,0,0,0.04955
Run 3,Adrian Morales,8,solo,0,0,321,0,0,0.585714,708,0,1,0.904412
Run 3,Adrian Morales,8,solo,0,0,490,0,0,0.129771,534,0,0,0.060465
Run 3,Adrian Morales,8,solo,0,0,477,0,0,0.053571,620,0,0,0.028846
Run 3,Adrian Morales,8,solo,0,0,349,0,0,0.081081,518,0,0,0.021164
Run 3,Adrian Morales,9,joint,1,0,11,1,0,0.0,0,0,0,0.0
Run 3,Adrian Morales,9,solo,0,0,310,0,0,0.282051,800,0,0,0.58427
Run 3,Adrian Morales,9,solo,0,0,356,0,0,0.58209,800,1,0,1.0
Run 3,Adrian Morales,9,solo,0,0,348,0,0,0.098214,548,0,0,0.028409
Run 3,Adrian Morales,9,solo,0,0,368,0,0,0.146789,625,0,0,0.066667
Run 3,Adrian Morales,9,solo,0,0,347,0,0,0.016529,573,0,0,0.025773
Run 3,Adrian Morales,9,solo,0,0,356,1,0,1.0,800,0,1,0.91875
Run 3,Adrian Morales,9,solo,0,0,338,0,0,0.137615,527,0,0,0.020833
Run 3,Adrian Morales,9,solo,0,0,453,0,0,0.026087,609,0,0,0.028169
Run 3,Adrian Morales,9,solo,0,0,340,0,0,0.037313,693,0,0,0.009302
Run 3,Adrian Morales,9,solo,0,0,356,1,0,1.0,800,1,0,1.0
Run 3,Adrian Morales,9,solo,0,0,349,0,0,0.097345,619,0,0,0.05
Run 3,Adrian Morales,9,solo,0,0,509,0,0,0.044025,550,0,0,0.045198
Run 3,Adrian Morales,9,solo,0,0,316,0,0,0.019608,579,0,0,0.031746
Run 3,Adrian Morales,9,joint,1,0,11,1,0,0.0,0,0,0,0.0
Run 3,Adrian Morales,9,solo,0,0,358,0,1,0.84127,800,1,0,1.0
Run 3,Adrian Morales,10,joint,0,0,362,0,0,0.032258,480,0,0,0.035714
Run 3,Adrian Morales,10,solo,0,0,358,1,0,1.0,606,0,0,0.613333
Run 3,Adrian Morales,10,solo,0,0,356,1,0,1.0,606,1,0,1.0
Run 3,Adrian Morales,10,solo,0,0,371,0,0,0.033613,596,0,0,0.037433
Run 3,Adrian Morales,10,solo,0,0,393,0,0,0.133929,531,0,0,0.020202
Run 3,Adrian Morales,10,solo,0,0,378,0,0,0.068376,654,0,0,0.024876
Run 3,Adrian Morales,10,joint,0,0,363,0,0,0.009524,468,0,0,0.066265
Run 3,Adrian Morales,10,solo,0,0,358,1,0,1.0,606,1,0,1.0
Run 3,Adrian Morales,10,solo,0,0,356,1,0,1.0,606,1,0,1.0
Run 3,Adrian Morales,10,solo,0,0,393,0,0,0.150442,733,0,0,0.025862
Run 3,Adrian Morales,10,solo,0,0,393,0,0,0.080645,404,0,0,0.095541
Run 3,Adrian Morales,10,solo,0,0,399,0,0,0.132075,498,0,0,0.042553
Run 3,Adrian Morales,10,solo,0,0,356,1,0,1.0,606,1,0,1.0
Run 3,Adrian Morales,10,solo,0,0,502,0,0,0.027397,681,0,0,0.018779
Run 3,Adrian Morales,10,solo,0,0,393,0,0,0.081818,640,0,0,0.033493
Run 3,Adrian Morales,10,solo,0,0,310,0,0,0.095238,572,0,0,0.072917
Run 3,Adrian Morales,11,joint,0,0,410,0,0,0.008772,507,0,0,0.011494
Run 3,Adrian Morales,11,solo,0,0,358,1,0,1.0,600,0,0,0.755906
Run 3,Adrian Morales,11,joint,0,0,412,0,0,0.053571,705,0,0,0.092486
Run 3,Adrian Morales,11,solo,0,0,358,1,0,1.0,600,1,0,1.0
Run 3,Adrian Morales,11,solo,0,0,356,1,0,1.0,600,1,0,1.0
Run 3,Adrian Morales,11,solo,0,0,357,0,0,0.09434,586,0,0,0.061798
Run 3,Adrian Morales,11,solo,0,0,405,0,0,0.172727,459,0,0,0.036364
Run 3,Adrian Morales,11,solo,0,0,432,0,0,0.123967,587,0,0,0.039106
Run 3,Adrian Morales,11,solo,0,0,357,0,1,0.870968,600,1,0,1.0
Run 3,Adrian Morales,11,solo,0,0,487,0,0,0.039216,669,0,0,0.018779
Run 3,Adrian Morales,11,solo,0,0,440,0,0,0.083969,524,0,0,0.099379
Run 3,Adrian Morales,11,solo,0,0,329,0,0,0.028571,640,0,0,0.028846
Run 3,Adrian Morales,11,solo,0,0,357,1,0,1.0,599,0,1,0.880342
Run 3,Adrian Morales,11,solo,0,0,374,0,0,0.082645,628,0,0,0.052885
Run 3,Adrian Morales,11,solo,0,0,379,0,0,0.066116,586,0,0,0.028708
Run 3,Adrian Morales,11,solo,0,0,458,0,0,0.075188,506,0,0,0.043956
Run 3,Adrian Morales,12,joint,0,0,420,0,0,0.026087,475,0,0,0.015957
Run 3,Adrian Morales,12,solo,0,0,358,1,0,1.0,823,0,0,0.508287
Run 3,Adrian Morales,12,solo,0,0,542,0,0,0.651685,823,1,0,1.0
Run 3,Adrian Morales,12,solo,0,0,393,0,0,0.054054,610,0,0,0.045455
Run 3,Adrian Morales,12,solo,0,0,417,0,0,0.037594,498,0,0,0.02139
Run 3,Adrian Morales,12,solo,0,0,373,0,0,0.078261,612,0,0,0.04902
Run 3,Adrian Morales,12,solo,0,0,571,0,0,0.7,823,1,0,1.0
Run 3,Adrian Morales,12,solo,0,0,331,0,0,0.086538,546,0,0,0.127072
Run 3,Adrian Morales,12,solo,0,0,415,0,0,0.105691,622,0,0,0.041451
Run 3,Adrian Morales,12,solo,0,0,289,0,0,0.075949,479,0,0,0.050562
Run 3,Adrian Morales,12,solo,0,0,356,1,0,1.0,823,1,0,1.0
Run 3,Adrian Morales,12,solo,0,0,408,0,0,0.082645,423,0,0,0.03125
Run 3,Adrian Morales,12,solo,0,0,453,0,0,0.181034,558,0,0,0.036842
Run 3,Adrian Morales,12,solo,0,0,462,0,0,0.055556,585,0,0,0.022936
Run 3,Adrian Morales,12,solo,0,0,576,0,1,0.805556,823,1,0,1.0
Run 3,Adrian Morales,12,solo,0,0,456,0,0,0.055944,694,0,0,0.024896
Run 3,Adrian Morales,12,solo,0,0,365,0,0,0.067797,571,0,0,0.033816
Run 3,Adrian Morales,12,solo,0,0,304,0,0,0.017391,548,0,0,0.028436
Run 3,Adrian Morales,13,solo,0,0,577,0,1,0.883495,681,0,0,0.630137
Run 3,Adrian Morales,13,solo,0,0,321,0,0,0.034188,500,0,0,0.037433
Run 3,Adrian Morales,13,solo,0,0,474,0,0,0.061947,601,0,0,0.051643
Run 3,Adrian Morales,13,solo,0,0,287,0,0,0.11236,541,0,0,0.034483
Run 3,Adrian Morales,13,joint,1,0,11,1,0,0.0,0,0,0,0.0
Run 3,Adrian Morales,13,solo,0,0,358,1,0,1.0,681,1,0,1.0
Run 3,Adrian Morales,13,solo,0,0,356,1,0,1.0,681,1,0,1.0
Run 3,Adrian Morales,13,solo,0,0,403,0,0,0.083333,526,0,0,0.041176
Run 3,Adrian Morales,13,solo,0,0,240,0,0,0.07,581,0,0,0.102151
Run 3,Adrian Morales,13,solo,0,0,387,0,0,0.183673,594,0,0,0.010309
Run 3,Adrian Morales,13,solo,0,0,356,1,0,1.0,681,1,0,1.0
Run 3,Adrian Morales,13,solo,0,0,313,0,0,0.042735,599,0,0,0.014851
Run 3,Adrian Morales,13,solo,0,0,404,0,0,0.12605,593,0,0,0.020202
Run 3,Adrian Morales,13,solo,0,0,288,0,0,0.087379,661,0,0,0.027273
Run 3,Adrian Morales,13,solo,0,0,356,1,0,1.0,681,1,0,1.0
Run 3,Adrian Morales,13,solo,0,0,296,0,0,0.065421,545,0,0,0.049261
Run 3,Adrian Morales,13,solo,0,0,455,0,0,0.05,743,0,0,0.017021
Run 3,Adrian Morales,13,solo,0,0,331,0,0,0.013699,609,0,0,0.028846
Run 3,Adrian Morales,14,solo,0,0,559,0,1,0.864078,776,0,0,0.673333
Run 3,Adrian Morales,14,solo,0,0,287,0,0,0.142857,753,0,0,0.051724
Run 3,Adrian Morales,14,solo,0,0,328,0,0,0.043165,657,0,0,0.040724
Run 3,Adrian Morales,14,solo,0,0,354,0,0,0.028571,594,0,0,0.034146
Run 3,Adrian Morales,14,joint,0,0,390,0,0,0.016393,581,0,0,0.010638
Run 3,Adrian Morales,14,solo,0,0,471,0,0,0.734177,776,1,0,1.0
Run 3,Adrian Morales,14,solo,0,0,383,0,0,0.636364,776,1,0,1.0
Run 3,Adrian Morales,14,solo,0,0,494,0,0,0.10828,546,0,0,0.020305
Run 3,Adrian Morales,14,solo,0,0,267,0,0,0.172043,522,0,0,0.033333
Run 3,Adrian Morales,14,solo,0,0,245,0,0,0.066667,472,0,0,0.026178
Run 3,Adrian Morales,14,solo,0,0,469,0,1,0.880952,776,1,0,1.0
Run 3,Adrian Morales,14,solo,0,0,411,0,0,0.085938,488,0,0,0.04142
Run 3,Adrian Morales,14,solo,0,0,412,0,0,0.09009,555,0,0,0.044444
Run 3,Adrian Morales,14,solo,0,0,393,0,0,0.040323,661,0,0,0.018018
Run 3,Adrian Morales,14,solo,0,0,469,1,0,1.0,776,1,0,1.0
Run 3,Adrian Morales,14,solo,0,0,378,0,0,0.040984,647,0,0,0.022321
Run 3,Adrian Morales,14,solo,0,0,493,0,0,0.057971,629,0,0,0.04717
Run 3,Adrian Morales,14,solo,0,0,471,0,0,0.036765,587,0,0,0.020833
Run 3,Adrian Morales,15,joint,0,0,385,0,0,0.048544,482,0,0,0.011561
Run 3,Adrian Morales,15,solo,0,0,471,1,0,1.0,599,0,1,0.808333
Run 3,Adrian Morales,15,solo,0,0,469,1,0,1.0,599,1,0,1.0
Run 3,Adrian Morales,15,solo,0,0,321,0,0,0.105769,656,0,0,0.072816
Run 3,Adrian Morales,15,solo,0,0,365,0,0,0.115044,517,0,0,0.082418
Run 3,Adrian Morales,15,solo,0,0,411,0,0,0.146552,534,0,0,0.027322
Run 3,Adrian Morales,15,solo,0,0,469,1,0,1.0,599,1,0,1.0
Run 3,Adrian Morales,15,solo,0,0,376,0,0,0.133333,627,0,0,0.061905
Run 3,Adrian Morales,15,solo,0,0,421,0,0,0.112,569,0,0,0.035714
Run 3,Adrian Morales,15,solo,0,0,447,0,0,0.103175,519,0,0,0.072539
Run 3,Adrian Morales,15,solo,0,0,469,1,0,1.0,685,0,1,0.877049
Run 3,Adrian Morales,15,solo,0,0,392,0,0,0.153846,615,0,0,0.052632
Run 3,Adrian Morales,15,solo,0,0,434,0,0,0.088,575,0,0,0.02439
Run 3,Adrian Morales,15,solo,0,0,322,0,0,0.016667,596,0,0,0.014563
Run 3,Adrian Morales,15,solo,1,0,469,1,0,1.0,11,0,0,0.0
Run 3,Adrian Morales,15,solo,0,0,465,0,0,0.05625,720,0,0,0.023364
Run 3,Adrian Morales,15,solo,0,0,401,0,0,0.15625,651,0,0,0.046512
Run 3,Adrian Morales,15,solo,0,0,388,0,0,0.104348,504,0,0,0.018293
Run 3,Adrian Morales,16,joint,0,0,418,0,0,0.0,643,0,0,0.08046
Run 3,Adrian Morales,16,solo,0,0,360,0,0,0.128,581,0,0,0.076923
Run 3,Adrian Morales,16,joint,0,0,309,0,0,0.010989,628,0,0,0.005556
Run 3,Adrian Morales,16,solo,0,0,471,1,0,1.0,581,1,0,1.0
Run 3,Adrian Morales,16,solo,0,0,469,1,0,1.0,589,0,1,0.934579
Run 3,Adrian Morales,16,solo,0,0,419,0,0,0.113043,580,0,0,0.033333
Run 3,Adrian Morales,16,solo,0,0,380,0,0,0.147059,593,0,0,0.059459
Run 3,Adrian Morales,16,solo,0,0,339,0,0,0.06383,556,0,0,0.049505
Run 3,Adrian Morales,16,solo,0,0,469,1,0,1.0,561,0,1,0.839286
Run 3,Adrian Morales,16,solo,0,0,323,0,0,0.052239,678,0,0,0.051887
Run 3,Adrian Morales,16,solo,0,0,449,0,0,0.054688,616,0,0,0.028708
Run 3,Adrian Morales,16,solo,0,0,301,0,0,0.027778,483,0,0,0.016949
Run 3,Adrian Morales,16,solo,0,0,469,1,0,1.0,581,1,0,1.0
Run 3,Adrian Morales,16,solo,0,0,332,0,0,0.053191,577,0,0,0.026042
Run 3,Adrian Morales,16,solo,0,0,308,0,0,0.142857,612,0,0,0.044335
Run 3,Adrian Morales,16,solo,0,0,309,0,0,0.1,600,0,0,0.052083
Run 3,Adrian Morales,17,joint,0,0,386,0,0,0.016529,851,0,0,0.009756
Run 3,Adrian Morales,17,solo,0,0,497,0,0,0.642857,585,0,0,0.779661
Run 3,Adrian Morales,17,solo,0,0,507,0,0,0.637255,585,1,0,1.0
Run 3,Adrian Morales,17,solo,0,0,367,0,0,0.118812,557,0,0,0.031414
Run 3,Adrian Morales,17,solo,0,0,495,0,0,0.024845,576,0,0,0.020202
Run 3,Adrian Morales,17,solo,0,0,345,0,0,0.081818,629,0,0,0.029557
Run 3,Adrian Morales,17,solo,0,0,491,0,1,0.855556,536,0,0,0.730435
Run 3,Adrian Morales,17,solo,0,0,340,0,0,0.042373,652,0,0,0.038095
Run 3,Adrian Morales,17,solo,0,0,416,0,0,0.104839,667,0,0,0.03125
Run 3,Adrian Morales,17,solo,0,0,511,0,0,0.030534,545,0,0,0.063158
Run 3,Adrian Morales,17,joint,1,0,11,1,0,0.0,0,0,0,0.0
Run 3,Adrian Morales,17,solo,0,0,498,0,1,0.875,585,1,0,1.0
Run 3,Adrian Morales,17,solo,0,0,491,0,1,0.882353,703,0,0,0.03252
Run 3,Adrian Morales,17,solo,0,0,375,0,0,0.075,593,0,0,0.037037
Run 3,Adrian Morales,17,solo,0,0,461,0,0,0.097744,697,0,0,0.042254
Run 3,Adrian Morales,17,solo,0,0,537,0,0,0.012579,636,0,0,0.048889
Run 3,Adrian Morales,18,joint,0,0,328,0,0,0.030928,490,0,0,0.020725
Run 3,Adrian Morales,18,solo,0,0,498,1,0,1.0,545,0,0,0.789474
Run 3,Adrian Morales,18,solo,0,0,496,0,1,0.886364,545,1,0,1.0
Run 3,Adrian Morales,18,solo,0,0,301,0,0,0.0625,618,0,0,0.045455
Run 3,Adrian Morales,18,solo,0,0,328,0,0,0.042373,688,0,0,0.037559
Run 3,Adrian Morales,18,solo,0,0,300,0,0,0.102041,584,0,0,0.045685
Run 3,Adrian Morales,18,joint,0,0,421,0,0,0.018692,478,0,0,0.288
Run 3,Adrian Morales,18,solo,0,0,412,0,0,0.747126,545,1,0,1.0
Run 3,Adrian Morales,18,solo,0,0,498,1,0,1.0,545,1,0,1.0
Run 3,Adrian Morales,18,solo,0,0,449,0,0,0.061644,539,0,0,0.045455
Run 3,Adrian Morales,18,solo,0,0,368,0,0,0.065574,549,0,0,0.042553
Run 3,Adrian Morales,18,solo,0,0,403,0,0,0.149533,698,0,0,0.051402
Run 3,Adrian Morales,18,solo,0,0,394,0,0,0.708861,545,1,0,1.0
Run 3,Adrian Morales,18,solo,0,0,388,0,0,0.11215,621,0,0,0.050251
Run 3,Adrian Morales,18,solo,0,0,402,0,0,0.097561,556,0,0,0.054726
Run 3,Adrian Morales,18,solo,0,0,400,0,0,0.073171,682,0,0,0.053659
Run 3,Adrian Morales,19,joint,1,0,11,1,0,0.0,0,0,0,0.0
Run 3,Adrian Morales,19,solo,0,0,440,0,0,0.007812,491,0,0,0.010989
Run 3,Adrian Morales,19,solo,0,0,449,0,0,0.3,687,0,0,0.421053
Run 3,Adrian Morales,19,solo,0,0,297,0,0,0.107143,736,0,0,0.032558
Run 3,Adrian Morales,19,solo,0,0,406,0,0,0.151261,604,0,0,0.043011
Run 3,Adrian Morales,19,solo,0,0,305,0,0,0.041322,603,0,0,0.020101
Run 3,Adrian Morales,19,solo,0,0,394,1,0,1.0,701,0,1,0.873134
Run 3,Adrian Morales,19,solo,0,0,526,0,0,0.036585,490,0,0,0.023669
Run 3,Adrian Morales,19,solo,0,0,357,0,0,0.132231,520,0,0,0.032787
Run 3,Adrian Morales,19,solo,0,0,429,0,0,0.09009,471,0,0,0.035088
Run 3,Adrian Morales,19,solo,0,0,383,0,1,0.857143,814,0,0,0.579618
Run 3,Adrian Morales,19,solo,0,0,322,0,0,0.06087,711,0,0,0.031963
Run 3,Adrian Morales,19,solo,0,0,326,0,0,0.146067,760,0,0,0.033755
Run 3,Adrian Morales,19,solo,0,0,360,0,0,0.089109,530,0,0,0.034682
Run 3,Adrian Morales,19,solo,0,0,441,0,0,0.68,550,0,1,0.88
Run 3,Adrian Morales,19,solo,0,0,397,0,0,0.107143,546,0,0,0.103825
Run 3,Adrian Morales,19,solo,0,0,483,0,0,0.059259,596,0,0,0.0199
Run 3,Adrian Morales,19,solo,0,0,311,0,0,0.04717,650,0,0,0.026906
Run 3,Adrian Morales,20,solo,0,0,366,0,0,0.318681,527,0,1,0.887755
Run 3,Adrian Morales,20,solo,0,0,441,0,0,0.120301,614,0,0,0.013636
Run 3,Adrian Morales,20,solo,0,0,397,0,0,0.065041,508,0,0,0.062241
Run 3,Adrian Morales,20,solo,0,0,464,0,0,0.021429,555,0,0,0.038095
Run 3,Adrian Morales,20,joint,1,0,11,1,0,0.0,0,0,0,0.0
Run 3,Adrian Morales,20,solo,0,0,638,0,0,0.134146,538,0,1,0.967391
Run 3,Adrian Morales,20,solo,0,0,482,0,0,0.507353,527,1,0,1.0
Run 3,Adrian Morales,20,solo,0,0,407,0,0,0.058824,705,0,0,0.03125
Run 3,Adrian Morales,20,solo,0,0,384,0,0,0.067961,595,0,0,0.032787
Run 3,Adrian Morales,20,solo,0,0,391,0,0,0.117117,684,0,0,0.035714
Run 3,Adrian Morales,20,joint,1,0,11,1,0,0.0,0,0,0,0.0
Run 3,Adrian Morales,20,solo,0,0,418,0,0,0.60396,538,1,0,1.0
Run 3,Adrian Morales,20,solo,0,0,508,0,0,0.75,527,1,0,1.0
Run 3,Adrian Morales,20,solo,0,0,417,0,0,0.033058,562,0,0,0.088542
Run 3,Adrian Morales,20,solo,0,0,253,0,0,0.101266,589,0,0,0.074074
Run 3,Adrian Morales,20,solo,0,0,318,0,0,0.045113,480,0,0,0.070588
Run 3,Adrian Morales,21,solo,0,0,481,0,0,0.732558,563,0,1,0.883495
Run 3,Adrian Morales,21,solo,0,0,499,0,0,0.047945,573,0,0,0.0181
Run 3,Adrian Morales,21,solo,0,0,401,0,0,0.065574,615,0,0,0.019231
Run 3,Adrian Morales,21,solo,0,0,321,0,0,0.017699,719,0,0,0.026786
Run 3,Adrian Morales,21,joint,1,0,11,1,0,0.0,0,0,0,0.0
Run 3,Adrian Morales,21,solo,0,0,510,0,1,0.891304,563,1,0,1.0
Run 3,Adrian Morales,21,solo,0,0,507,0,1,0.912088,640,0,0,0.58156
Run 3,Adrian Morales,21,solo,0,0,433,0,0,0.089286,675,0,0,0.040359
Run 3,Adrian Morales,21,solo,0,0,304,0,0,0.055556,679,0,0,0.101942
Run 3,Adrian Morales,21,solo,0,0,292,0,0,0.117647,519,0,0,0.020202
Run 3,Adrian Morales,21,joint,0,0,269,0,0,0.022472,605,0,0,0.0
Run 3,Adrian Morales,21,solo,0,0,466,0,1,0.813187,563,1,0,1.0
Run 3,Adrian Morales,21,solo,0,0,464,0,1,0.879518,563,1,0,1.0
Run 3,Adrian Morales,21,solo,0,0,273,0,0,0.088235,656,0,0,0.018349
Run 3,Adrian Morales,21,solo,0,0,436,0,0,0.068702,591,0,0,0.047368
Run 3,Adrian Morales,21,solo,0,0,376,0,0,0.078431,586,0,0,0.021622
Run 3,Adrian Morales,22,joint,0,0,410,0,0,0.01,470,0,0,0.01875
Run 3,Adrian Morales,22,solo,0,0,433,0,0,0.590361,644,0,0,0.690647
Run 3,Adrian Morales,22,solo,0,0,467,0,1,0.886364,702,0,0,0.625
Run 3,Adrian Morales,22,solo,0,0,333,0,0,0.065421,627,0,0,0.097561
Run 3,Adrian Morales,22,solo,0,0,327,0,0,0.129412,529,0,0,0.057143
Run 3,Adrian Morales,22,solo,0,0,311,0,0,0.035714,532,0,0,0.013636
Run 3,Adrian Morales,22,joint,0,0,295,0,0,0.0,422,0,0,0.013793
Run 3,Adrian Morales,22,solo,0,0,469,0,1,0.880952,702,1,0,1.0
Run 3,Adrian Morales,22,solo,0,0,467,1,0,1.0,702,1,0,1.0
Run 3,Adrian Morales,22,solo,0,0,353,0,0,0.044248,410,0,0,0.035928
Run 3,Adrian Morales,22,solo,0,0,367,0,0,0.153846,521,0,0,0.041885
Run 3,Adrian Morales,22,solo,0,0,309,0,0,0.031008,742,0,0,0.010363
Run 3,Adrian Morales,22,solo,0,0,464,1,0,1.0,702,1,0,1.0
Run 3,Adrian Morales,22,solo,0,0,471,0,0,0.043796,558,0,0,0.029268
Run 3,Adrian Morales,22,solo,0,0,469,0,0,0.09322,497,0,0,0.016949
Run 3,Adrian Morales,22,solo,0,0,441,0,0,0.007407,666,0,0,0.032558
Run 3,Adrian Morales,23,joint,0,0,377,0,0,0.0,562,0,0,0.016484
Run 3,Adrian Morales,23,solo,0,0,379,0,0,0.772152,599,0,0,0.592593
Run 3,Adrian Morales,23,solo,0,0,468,0,1,0.903614,599,1,0,1.0
Run 3,Adrian Morales,23,solo,0,0,306,0,0,0.038462,549,0,0,0.045226
Run 3,Adrian Morales,23,solo,0,0,289,0,0,0.080357,513,0,0,0.058511
Run 3,Adrian Morales,23,solo,0,0,426,0,0,0.095652,705,0,0,0.033473
Run 3,Adrian Morales,23,solo,0,0,468,1,0,1.0,582,0,1,0.885965
Run 3,Adrian Morales,23,solo,0,0,335,0,0,0.08547,713,0,0,0.040892
Run 3,Adrian Morales,23,solo,0,0,435,0,0,0.178571,613,0,0,0.024272
Run 3,Adrian Morales,23,solo,0,0,603,0,0,0.015789,747,0,0,0.024691
Run 3,Adrian Morales,23,joint,1,0,11,1,0,0.0,0,0,0,0.0
Run 3,Adrian Morales,23,solo,0,0,470,0,1,0.903614,599,1,0,1.0
Run 3,Adrian Morales,23,solo,0,0,468,1,0,1.0,599,1,0,1.0
Run 3,Adrian Morales,23,solo,0,0,321,0,0,0.103093,534,0,0,0.111765
Run 3,Adrian Morales,23,solo,0,0,490,0,0,0.022222,494,0,0,0.027027
Run 3,Adrian Morales,23,solo,0,0,296,0,0,0.013605,619,0,0,0.024155
Run 3,Adrian Morales,24,joint,0,0,497,0,0,0.007692,611,0,0,0.029268
Run 3,Adrian Morales,24,solo,0,0,470,1,0,1.0,644,0,0,0.699248
Run 3,Adrian Morales,24,solo,0,0,379,1,0,1.0,820,0,0,0.103053
Run 3,Adrian Morales,24,solo,0,0,280,0,0,0.053191,535,0,0,0.023923
Run 3,Adrian Morales,24,solo,0,0,391,0,0,0.123711,606,0,0,0.074866
Run 3,Adrian Morales,24,solo,0,0,436,0,0,0.098485,580,0,0,0.051546
Run 3,Adrian Morales,24,joint,1,0,11,1,0,0.0,0,0,0,0.0
Run 3,Adrian Morales,24,solo,0,0,470,1,0,1.0,732,0,1,0.879699
Run 3,Adrian Morales,24,solo,0,0,413,0,0,0.746988,776,0,0,0.141762
Run 3,Adrian Morales,24,solo,0,0,401,0,0,0.119266,587,0,0,0.053763
Run 3,Adrian Morales,24,solo,0,0,421,0,0,0.15748,662,0,0,0.052885
Run 3,Adrian Morales,24,solo,0,0,310,0,0,0.099099,607,0,0,0.056075
Run 3,Adrian Morales,24,solo,0,0,468,1,0,1.0,732,1,0,1.0
Run 3,Adrian Morales,24,solo,0,0,400,0,0,0.069231,683,0,0,0.042056
Run 3,Adrian Morales,24,solo,0,0,377,0,0,0.091603,528,0,0,0.089888
Run 3,Adrian Morales,24,solo,0,0,269,0,0,0.091954,558,0,0,0.05291
Run 3,Adrian Morales,25,joint,0,0,399,0,0,0.009259,531,0,0,0.01875
Run 3,Adrian Morales,25,solo,0,0,473,0,0,0.471264,711,0,0,0.593333
Run 3,Adrian Morales,25,joint,0,0,430,0,0,0.0,505,0,0,0.038251
Run 3,Adrian Morales,25,solo,0,0,473,1,0,1.0,711,1,0,1.0
Run 3,Adrian Morales,25,solo,0,0,471,0,1,0.883721,711,1,0,1.0
Run 3,Adrian Morales,25,solo,0,0,336,0,0,0.05102,763,0,0,0.036697
Run 3,Adrian Morales,25,solo,0,0,455,0,0,0.073394,598,0,0,0.044118
Run 3,Adrian Morales,25,solo,0,0,235,0,0,0.082474,651,0,0,0.042056
Run 3,Adrian Morales,25,joint,0,0,386,0,0,0.021053,570,0,0,0.044199
Run 3,Adrian Morales,25,solo,0,0,473,1,0,1.0,651,1,0,1.0
Run 3,Adrian Morales,25,solo,0,0,411,0,1,0.859155,711,1,0,1.0
Run 3,Adrian Morales,25,solo,0,0,445,0,0,0.046875,526,0,0,0.036842
Run 3,Adrian Morales,25,solo,0,0,437,0,0,0.094203,595,0,0,0.022222
Run 3,Adrian Morales,25,solo,0,0,420,0,0,0.131148,557,0,0,0.046632
Run 3,Adrian Morales,26,solo,0,0,430,0,1,0.837838,625,0,0,0.649635
Run 3,Adrian Morales,26,solo,0,0,366,0,0,0.103093,622,0,0,0.045226
Run 3,Adrian Morales,26,solo,0,0,371,0,0,0.086022,518,0,0,0.043269
Run 3,Adrian Morales,26,solo,0,0,539,0,0,0.058394,603,0,0,0.033816
Run 3,Adrian Morales,26,joint,0,0,508,0,0,0.044643,609,0,0,0.05
Run 3,Adrian Morales,26,solo,0,0,432,0,1,0.866667,625,1,0,1.0
Run 3,Adrian Morales,26,solo,0,0,430,1,0,1.0,549,0,0,0.596899
Run 3,Adrian Morales,26,solo,0,0,357,0,0,0.11828,636,0,0,0.028226
Run 3,Adrian Morales,26,solo,0,0,366,0,0,0.017544,573,0,0,0.013953
Run 3,Adrian Morales,26,solo,0,0,344,0,0,0.021277,566,0,0,0.04712
Run 3,Adrian Morales,26,joint,1,0,11,1,0,0.0,0,0,0,0.0
Run 3,Adrian Morales,26,solo,0,0,432,1,0,1.0,625,1,0,1.0
Run 3,Adrian Morales,26,solo,0,0,430,1,0,1.0,625,1,0,1.0
Run 3,Adrian Morales,26,solo,0,0,382,0,0,0.074074,530,0,0,0.032407
Run 3,Adrian Morales,26,solo,0,0,466,0,0,0.137931,653,0,0,0.060606
Run 3,Adrian Morales,26,solo,0,0,481,0,0,0.095652,715,0,0,0.029915
Run 3,Adrian Morales,27,joint,0,0,401,0,0,0.014599,655,0,0,0.068293
Run 3,Adrian Morales,27,solo,0,0,432,1,0,1.0,819,0,0,0.523256
Run 3,Adrian Morales,27,solo,0,0,430,1,0,1.0,819,1,0,1.0
Run 3,Adrian Morales,27,solo,0,0,341,0,0,0.061538,666,0,0,0.089005
Run 3,Adrian Morales,27,solo,0,0,409,0,0,0.137615,562,0,0,0.097436
Run 3,Adrian Morales,27,solo,0,0,376,0,0,0.026549,715,0,0,0.096491
Run 3,Adrian Morales,27,joint,0,0,357,0,0,0.0,498,0,0,0.027624
Run 3,Adrian Morales,27,solo,0,0,401,0,1,0.842857,819,1,0,1.0
Run 3,Adrian Morales,27,solo,0,0,399,0,1,0.852941,819,1,0,1.0
Run 3,Adrian Morales,27,solo,0,0,599,0,0,0.068323,715,0,0,0.03629
Run 3,Adrian Morales,27,solo,0,0,423,0,0,0.075472,552,0,0,0.0625
Run 3,Adrian Morales,27,solo,0,0,301,0,0,0.154639,604,0,0,0.038095
Run 3,Adrian Morales,27,solo,0,0,399,1,0,1.0,818,0,1,0.942675
Run 3,Adrian Morales,27,solo,0,0,376,0,0,0.090909,631,0,0,0.033019
Run 3,Adrian Morales,27,solo,0,0,436,0,0,0.02381,634,0,0,0.028571
Run 3,Adrian Morales,27,solo,0,0,332,0,0,0.054545,607,0,0,0.050251
Run 3,Adrian Morales,28,solo,0,0,401,1,0,1.0,620,0,0,0.641791
Run 3,Adrian Morales,28,solo,0,0,398,0,0,0.181034,658,0,0,0.059701
Run 3,Adrian Morales,28,solo,0,0,274,0,0,0.076087,573,0,0,0.027397
Run 3,Adrian Morales,28,solo,0,0,467,0,0,0.128205,750,0,0,0.069767
Run 3,Adrian Morales,28,joint,1,0,11,1,0,0.0,0,0,0,0.0
Run 3,Adrian Morales,28,solo,0,0,589,0,0,0.59,620,1,0,1.0
Run 3,Adrian Morales,28,solo,0,0,399,1,0,1.0,620,1,0,1.0
Run 3,Adrian Morales,28,solo,0,0,398,0,0,0.065041,670,0,0,0.043689
Run 3,Adrian Morales,28,solo,0,0,406,0,0,0.069767,551,0,0,0.049451
Run 3,Adrian Morales,28,solo,0,0,310,0,0,0.134021,489,0,0,0.054795
Run 3,Adrian Morales,28,joint,1,0,11,1,0,0.0,0,0,0,0.0
Run 3,Adrian Morales,28,solo,0,0,401,1,0,1.0,620,1,0,1.0
Run 3,Adrian Morales,28,solo,0,0,399,1,0,1.0,620,1,0,1.0
Run 3,Adrian Morales,28,solo,0,0,342,0,0,0.083333,585,0,0,0.08377
Run 3,Adrian Morales,28,solo,0,0,412,0,0,0.068027,650,0,0,0.084507
Run 3,Adrian Morales,28,solo,0,0,422,0,0,0.047619,690,0,0,0.043668
Run 3,Adrian Morales,29,solo,0,0,520,0,0,0.655556,585,0,0,0.741935
Run 3,Adrian Morales,29,solo,0,0,356,0,0,0.04,651,0,0,0.066351
Run 3,Adrian Morales,29,solo,0,0,245,0,0,0.146067,537,0,0,0.041237
Run 3,Adrian Morales,29,solo,0,0,452,0,0,0.045802,659,0,0,0.008547
Run 3,Adrian Morales,29,joint,0,0,493,0,0,0.019868,550,0,0,0.021858
Run 3,Adrian Morales,29,solo,0,0,431,0,0,0.747253,535,0,0,0.025532
Run 3,Adrian Morales,29,solo,0,0,399,1,0,1.0,527,0,1,0.923913
Run 3,Adrian Morales,29,solo,0,0,295,0,0,0.072165,558,0,0,0.030457
Run 3,Adrian Morales,29,solo,0,0,375,0,0,0.101852,623,0,0,0.108911
Run 3,Adrian Morales,29,solo,0,0,423,0,0,0.021898,805,0,0,0.012931
Run 3,Adrian Morales,29,joint,1,0,11,1,0,0.0,0,0,0,0.0
Run 3,Adrian Morales,29,solo,0,0,401,1,0,1.0,537,0,0,0.704762
Run 3,Adrian Morales,29,solo,0,0,399,1,0,1.0,585,1,0,1.0
Run 3,Adrian Morales,29,solo,0,0,366,0,0,0.055556,589,0,0,0.032432
Run 3,Adrian Morales,29,solo,0,0,469,0,0,0.172662,650,0,0,0.094737
Run 3,Adrian Morales,29,solo,0,0,284,0,0,0.010417,569,0,0,0.020619
Run 3,Adrian Morales,30,joint,0,0,411,0,0,0.017241,563,0,0,0.118343
Run 3,Adrian Morales,30,solo,0,0,467,0,1,0.882353,642,0,0,0.70229
Run 3,Adrian Morales,30,solo,0,0,520,1,0,1.0,642,1,0,1.0
Run 3,Adrian Morales,30,solo,0,0,329,0,0,0.089109,586,0,0,0.045685
Run 3,Adrian Morales,30,solo,0,0,426,0,0,0.081081,564,0,0,0.040816
Run 3,Adrian Morales,30,solo,0,0,383,0,0,0.103093,559,0,0,0.040201
Run 3,Adrian Morales,30,joint,0,0,435,0,0,0.023622,604,0,0,0.023256
Run 3,Adrian Morales,30,solo,0,0,832,0,0,0.51049,543,0,1,0.967742
Run 3,Adrian Morales,30,solo,0,0,620,0,0,0.759259,642,1,0,1.0
Run 3,Adrian Morales,30,solo,0,0,387,0,0,0.183486,562,0,0,0.06599
Run 3,Adrian Morales,30,solo,0,0,298,0,0,0.1,493,0,0,0.04
Run 3,Adrian Morales,30,solo,0,0,279,0,0,0.072072,498,0,0,0.078534
Run 3,Adrian Morales,30,solo,0,0,520,1,0,1.0,642,1,0,1.0
Run 3,Adrian Morales,30,solo,0,0,380,0,0,0.114286,613,0,0,0.026549
Run 3,Adrian Morales,30,solo,0,0,386,0,0,0.137615,544,0,0,0.075472
Run 3,Adrian Morales,30,solo,0,0,361,0,0,0.099099,657,0,0,0.044776
Run 3,Adrian Morales,31,solo,0,0,532,0,1,0.848837,709,0,0,0.647887
Run 3,Adrian Morales,31,solo,0,0,393,0,0,0.113043,504,0,0,0.074468
Run 3,Adrian Morales,31,solo,0,0,293,0,0,0.235955,532,0,0,0.080214
Run 3,Adrian Morales,31,solo,0,0,407,0,0,0.149606,565,0,0,0.075758
Run 3,Adrian Morales,31,joint,0,0,444,0,0,0.0,638,0,0,0.042654
Run 3,Adrian Morales,31,solo,0,0,530,0,1,0.977011,716,0,0,0.432749
Run 3,Adrian Morales,31,solo,0,0,431,1,0,1.0,602,0,0,0.105263
Run 3,Adrian Morales,31,solo,0,0,333,0,0,0.147368,597,0,0,0.060109
Run 3,Adrian Morales,31,solo,0,0,393,0,0,0.160714,518,0,0,0.065476
Run 3,Adrian Morales,31,solo,0,0,276,0,0,0.170213,647,0,0,0.038835
Run 3,Adrian Morales,31,solo,0,0,536,0,1,0.911111,592,0,0,0.391608
Run 3,Adrian Morales,31,solo,0,0,378,0,0,0.099099,735,0,0,0.052381
Run 3,Adrian Morales,31,solo,0,0,417,0,0,0.075,568,0,0,0.043011
Run 3,Adrian Morales,31,solo,0,0,223,0,0,0.208333,560,0,0,0.053922
Run 3,Adrian Morales,31,solo,0,0,527,0,1,0.811111,627,0,0,0.780488
Run 3,Adrian Morales,31,solo,0,0,479,0,0,0.105263,627,0,0,0.084211
Run 3,Adrian Morales,31,solo,0,0,443,0,0,0.170543,511,0,0,0.101124
Run 3,Adrian Morales,31,solo,0,0,444,0,0,0.083333,514,0,0,0.022831
Run 3,Adrian Morales,32,joint,0,0,416,0,0,0.007576,554,0,0,0.03125
Run 3,Adrian Morales,32,solo,0,0,436,0,1,0.884615,626,0,0,0.712121
Run 3,Adrian Morales,32,solo,0,0,604,0,0,0.675214,637,0,1,0.974359
Run 3,Adrian Morales,32,solo,0,0,581,0,0,0.013245,600,0,0,0.087432
Run 3,Adrian Morales,32,solo,0,0,396,0,0,0.02521,559,0,0,0.025253
Run 3,Adrian Morales,32,solo,0,0,320,0,0,0.035088,620,0,0,0.058537
Run 3,Adrian Morales,32,joint,1,0,11,1,0,0.0,0,0,0,0.0
Run 3,Adrian Morales,32,solo,0,0,436,1,0,1.0,637,1,0,1.0
Run 3,Adrian Morales,32,solo,0,0,493,0,0,0.619048,570,0,1,0.971429
Run 3,Adrian Morales,32,solo,0,0,308,0,0,0.053097,637,0,0,0.044118
Run 3,Adrian Morales,32,solo,0,0,396,0,0,0.048387,574,0,0,0.060606
Run 3,Adrian Morales,32,solo,0,0,303,0,0,0.067416,703,0,0,0.040486
Run 3,Adrian Morales,32,solo,0,0,443,0,0,0.065693,503,0,0,0.11828
Run 3,Adrian Morales,32,solo,0,0,270,0,0,0.075472,581,0,0,0.055556
Run 3,Adrian Morales,32,solo,0,0,309,0,0,0.097087,574,0,0,0.038647
Run 3,Adrian Morales,32,solo,0,0,401,0,0,0.053097,689,0,0,0.041667
Run 3,Adrian Morales,33,solo,0,0,434,0,1,0.873418,612,0,1,0.804688
Run 3,Adrian Morales,33,solo,0,0,436,0,0,0.016,579,0,0,0.038043
Run 3,Adrian Morales,33,solo,0,0,444,0,0,0.064286,459,0,0,0.01087
Run 3,Adrian Morales,33,solo,0,0,377,0,0,0.134615,763,0,0,0.015936
Run 3,Adrian Morales,33,solo,0,0,532,0,1,0.860465,612,1,0,1.0
Run 3,Adrian Morales,33,solo,0,0,495,0,0,0.071429,558,0,0,0.036458
Run 3,Adrian Morales,33,solo,0,0,443,0,0,0.132231,531,0,0,0.038462
Run 3,Adrian Morales,33,solo,0,0,458,0,0,0.034014,668,0,0,0.053659
Run 3,Adrian Morales,33,joint,1,0,11,1,0,0.0,0,0,0,0.0
Run 3,Adrian Morales,33,solo,0,0,515,0,1,0.880952,612,1,0,1.0
Run 3,Adrian Morales,33,solo,0,0,530,0,1,0.911111,612,1,0,1.0
Run 3,Adrian Morales,33,solo,0,0,351,0,0,0.081818,542,0,0,0.037234
Run 3,Adrian Morales,33,solo,0,0,382,0,0,0.037037,530,0,0,0.035897
Run 3,Adrian Morales,33,solo,0,0,416,0,0,0.122807,555,0,0,0.059113
Run 3,Adrian Morales,33,solo,0,0,532,1,0,1.0,518,0,1,0.859649
Run 3,Adrian Morales,33,solo,0,0,260,0,0,0.116883,631,0,0,0.036697
Run 3,Adrian Morales,33,solo,0,0,415,0,0,0.130081,598,0,0,0.061905
Run 3,Adrian Morales,33,solo,0,0,328,0,0,0.04918,665,0,0,0.034826
Run 3,Adrian Morales,34,joint,0,0,419,0,0,0.015504,497,0,0,0.016304
Run 3,Adrian Morales,34,solo,0,0,488,0,0,0.666667,650,0,1,0.901639
Run 3,Adrian Morales,34,solo,0,0,486,0,1,0.880952,650,1,0,1.0
Run 3,Adrian Morales,34,solo,0,0,477,0,0,0.060606,566,0,0,0.039216
Run 3,Adrian Morales,34,solo,0,0,426,0,0,0.09,684,0,0,0.055
Run 3,Adrian Morales,34,solo,0,0,357,0,0,0.01,828,0,0,0.013699
Run 3,Adrian Morales,34,solo,0,0,527,0,1,0.888889,661,0,1,0.975207
Run 3,Adrian Morales,34,solo,0,0,357,0,0,0.092784,581,0,0,0.062827
Run 3,Adrian Morales,34,solo,0,0,345,0,0,0.028302,745,0,0,0.056338
Run 3,Adrian Morales,34,solo,0,0,442,0,0,0.030534,632,0,0,0.116667
Run 3,Adrian Morales,34,joint,1,0,11,1,0,0.0,0,0,0,0.0
Run 3,Adrian Morales,34,solo,0,0,569,0,0,0.773196,650,1,0,1.0
Run 3,Adrian Morales,34,solo,0,0,388,0,1,0.848101,650,1,0,1.0
Run 3,Adrian Morales,34,solo,0,0,356,0,0,0.059829,640,0,0,0.042654
Run 3,Adrian Morales,34,solo,0,0,379,0,0,0.048,564,0,0,0.057143
Run 3,Adrian Morales,34,solo,0,0,352,0,0,0.095652,732,0,0,0.027397
Run 3,Adrian Morales,35,solo,0,0,486,1,0,1.0,644,0,0,0.673913
Run 3,Adrian Morales,35,solo,0,0,255,0,0,0.208333,544,0,0,0.020305
Run 3,Adrian Morales,35,solo,0,0,491,0,0,0.114286,546,0,0,0.012448
Run 3,Adrian Morales,35,solo,0,0,322,0,0,0.03,637,0,0,0.019139
Run 3,Adrian Morales,35,solo,0,0,486,1,0,1.0,644,1,0,1.0
Run 3,Adrian Morales,35,solo,0,0,385,0,0,0.055556,703,0,0,0.070707
Run 3,Adrian Morales,35,solo,0,0,444,0,0,0.022059,648,0,0,0.037209
Run 3,Adrian Morales,35,solo,0,0,240,0,0,0.012987,605,0,0,0.012712
Run 3,Adrian Morales,35,joint,1,0,11,1,0,0.0,0,0,0,0.0
Run 3,Adrian Morales,35,solo,0,0,335,0,0,0.740741,605,1,0,1.0
Run 3,Adrian Morales,35,joint,1,0,11,1,0,0.0,0,0,0,0.0
Run 3,Adrian Morales,35,solo,0,0,569,1,0,1.0,644,1,0,1.0
Run 3,Adrian Morales,35,solo,0,0,486,1,0,1.0,644,1,0,1.0
Run 3,Adrian Morales,35,solo,0,0,326,0,0,0.033333,686,0,0,0.02381
Run 3,Adrian Morales,35,solo,0,0,370,0,0,0.015385,543,0,0,0.016043
Run 3,Adrian Morales,35,solo,0,0,299,0,0,0.128713,673,0,0,0.07177
Run 3,Adrian Morales,36,solo,0,0,486,1,0,1.0,645,0,0,0.698529
Run 3,Adrian Morales,36,solo,0,0,408,0,0,0.068702,669,0,0,0.049751
Run 3,Adrian Morales,36,solo,0,0,368,0,0,0.03252,510,0,0,0.034682
Run 3,Adrian Morales,36,solo,0,0,341,0,0,0.054545,588,0,0,0.023529
Run 3,Adrian Morales,36,joint,0,0,438,0,0,0.016,635,0,0,0.020619
Run 3,Adrian Morales,36,solo,0,0,488,1,0,1.0,645,1,0,1.0
Run 3,Adrian Morales,36,solo,0,0,486,1,0,1.0,645,1,0,1.0
Run 3,Adrian Morales,36,solo,0,0,387,0,0,0.201923,543,0,0,0.075472
Run 3,Adrian Morales,36,solo,0,0,364,0,0,0.138614,558,0,0,0.05
Run 3,Adrian Morales,36,solo,0,0,362,0,0,0.042735,462,0,0,0.046392
Run 3,Adrian Morales,36,joint,1,0,11,1,0,0.0,0,0,0,0.0
Run 3,Adrian Morales,36,solo,0,0,488,1,0,1.0,645,1,0,1.0
Run 3,Adrian Morales,36,solo,0,0,486,1,0,1.0,645,1,0,1.0
Run 3,Adrian Morales,36,solo,0,0,367,0,0,0.084906,570,0,0,0.020408
Run 3,Adrian Morales,36,solo,0,0,362,0,0,0.08547,618,0,0,0.038095
Run 3,Adrian Morales,36,solo,0,0,348,0,0,0.205128,593,0,0,0.024876
Run 3,Adrian Morales,37,joint,0,0,436,0,0,0.135135,635,0,0,0.601504
Run 3,Adrian Morales,37,solo,0,0,487,0,0,0.031056,632,0,0,0.021505
Run 3,Adrian Morales,37,solo,0,0,486,1,0,1.0,739,0,0,0.605263
Run 3,Adrian Morales,37,solo,0,0,375,0,0,0.046512,576,0,0,0.026455
Run 3,Adrian Morales,37,solo,0,0,344,0,0,0.149425,580,0,0,0.11236
Run 3,Adrian Morales,37,solo,0,0,279,0,0,0.060976,744,0,0,0.017167
Run 3,Adrian Morales,37,solo,0,0,486,1,0,1.0,744,1,0,1.0
Run 3,Adrian Morales,37,solo,0,0,383,0,0,0.081081,486,0,0,0.036585
Run 3,Adrian Morales,37,solo,0,0,401,0,0,0.127273,651,0,0,0.045455
Run 3,Adrian Morales,37,solo,0,0,292,0,0,0.079545,680,0,0,0.027397
Run 3,Adrian Morales,37,joint,1,0,11,1,0,0.0,0,0,0,0.0
Run 3,Adrian Morales,37,solo,0,0,488,1,0,1.0,739,1,0,1.0
Run 3,Adrian Morales,37,solo,0,0,486,1,0,1.0,739,1,0,1.0
Run 3,Adrian Morales,37,solo,0,0,246,0,0,0.084211,542,0,0,0.075269
Run 3,Adrian Morales,37,solo,0,0,376,0,0,0.094828,544,0,0,0.088889
Run 3,Adrian Morales,37,solo,0,0,425,0,0,0.16,519,0,0,0.042105
Run 3,Adrian Morales,38,solo,0,0,483,0,0,0.114286,701,0,0,0.109005
Run 3,Adrian Morales,38,solo,0,0,400,0,0,0.07377,727,0,0,0.048889
Run 3,Adrian Morales,38,solo,0,0,326,0,0,0.085714,650,0,0,0.034783
Run 3,Adrian Morales,38,solo,0,0,383,0,0,0.024793,569,0,0,0.015075
Run 3,Adrian Morales,38,joint,0,0,404,0,0,0.017391,511,0,0,0.022989
Run 3,Adrian Morales,38,solo,0,0,414,0,0,0.38835,651,0,0,0.778571
Run 3,Adrian Morales,38,solo,0,0,412,0,1,0.855072,651,1,0,1.0
Run 3,Adrian Morales,38,solo,0,0,353,0,0,0.118644,734,0,0,0.022831
Run 3,Adrian Morales,38,solo,0,0,346,0,0,0.106383,593,0,0,0.012987
Run 3,Adrian Morales,38,solo,0,0,338,0,0,0.048077,517,0,0,0.058537
Run 3,Adrian Morales,38,joint,1,0,11,1,0,0.0,0,0,0,0.0
Run 3,Adrian Morales,38,solo,0,0,414,1,0,1.0,651,1,0,1.0
Run 3,Adrian Morales,38,solo,0,0,428,0,0,0.597701,651,1,0,1.0
Run 3,Adrian Morales,38,solo,0,0,248,0,0,0.172043,454,0,0,0.083333
Run 3,Adrian Morales,38,solo,0,0,379,0,0,0.08547,566,0,0,0.021505
Run 3,Adrian Morales,38,solo,0,0,336,0,0,0.097345,501,0,0,0.054645
Run 3,Adrian Morales,39,solo,0,0,428,1,0,1.0,675,0,0,0.664286
Run 3,Adrian Morales,39,solo,0,0,421,0,0,0.046154,587,0,0,0.039604
Run 3,Adrian Morales,39,solo,0,0,437,0,0,0.051282,586,0,0,0.026455
Run 3,Adrian Morales,39,solo,0,0,446,0,0,0.05,450,0,0,0.035928
Run 3,Adrian Morales,39,joint,0,0,383,0,0,0.008403,564,0,0,0.015385
Run 3,Adrian Morales,39,solo,0,0,430,0,1,0.875,461,0,1,0.964286
Run 3,Adrian Morales,39,solo,0,0,428,1,0,1.0,616,0,0,0.763636
Run 3,Adrian Morales,39,solo,0,0,353,0,0,0.166667,487,0,0,0.042169
Run 3,Adrian Morales,39,solo,0,0,384,0,0,0.162162,630,0,0,0.036649
Run 3,Adrian Morales,39,solo,0,0,423,0,0,0.099174,573,0,0,0.019512
Run 3,Adrian Morales,39,joint,1,0,11,1,0,0.0,0,0,0,0.0
Run 3,Adrian Morales,39,solo,0,0,453,0,0,0.590909,603,0,0,0.646259
Run 3,Adrian Morales,39,solo,0,0,428,1,0,1.0,616,1,0,1.0
Run 3,Adrian Morales,39,solo,0,0,332,0,0,0.024194,678,0,0,0.125683
Run 3,Adrian Morales,39,solo,0,0,466,0,0,0.070922,611,0,0,0.052083
Run 3,Adrian Morales,39,solo,0,0,361,0,0,0.059829,527,0,0,0.030973
Run 3,Adrian Morales,40,joint,0,0,343,0,0,0.035398,635,0,0,0.026596
Run 3,Adrian Morales,40,solo,0,0,505,0,0,0.732558,601,0,0,0.08427
Run 3,Adrian Morales,40,solo,0,0,516,0,1,0.815217,674,0,0,0.677419
Run 3,Adrian Morales,40,solo,0,0,377,0,0,0.037037,608,0,0,0.08046
Run 3,Adrian Morales,40,solo,0,0,384,0,0,0.12381,579,0,0,0.041026
Run 3,Adrian Morales,40,solo,0,0,413,0,0,0.132743,649,0,0,0.061224
Run 3,Adrian Morales,40,joint,1,0,11,1,0,0.0,0,0,0,0.0
Run 3,Adrian Morales,40,solo,0,0,428,0,0,0.755319,692,0,0,0.661972
Run 3,Adrian Morales,40,solo,0,0,618,0,0,0.735043,674,1,0,1.0
Run 3,Adrian Morales,40,solo,0,0,302,0,0,0.176471,583,0,0,0.031818
Run 3,Adrian Morales,40,solo,0,0,440,0,0,0.060606,551,0,0,0.042328
Run 3,Adrian Morales,40,solo,0,0,351,0,0,0.030612,575,0,0,0.033654
Run 3,Adrian Morales,40,joint,1,0,11,1,0,0.0,0,0,0,0.0
Run 3,Adrian Morales,40,solo,0,0,624,0,0,0.761905,674,1,0,1.0
Run 3,Adrian Morales,41,solo,0,0,311,0,0,0.007937,459,0,0,0.030928
Run 3,Adrian Morales,41,solo,0,0,311,0,0,0.057851,594,0,0,0.043902
Run 3,Adrian Morales,41,solo,0,0,510,0,0,0.013793,822,0,0,0.016529
Run 3,Adrian Morales,41,solo,0,0,365,0,0,0.020134,621,0,0,0.028
Run 3,Adrian Morales,41,joint,0,0,352,0,0,0.0,591,0,0,0.00939
Run 3,Adrian Morales,41,solo,0,0,430,1,0,1.0,752,0,0,0.171123
Run 3,Adrian Morales,41,solo,0,0,618,0,1,0.804878,737,0,0,0.786667
Run 3,Adrian Morales,41,solo,0,0,401,0,0,0.102041,533,0,0,0.061453
Run 3,Adrian Morales,41,solo,0,0,376,0,0,0.115385,562,0,0,0.048649
Run 3,Adrian Morales,41,solo,0,0,496,0,0,0.244444,590,0,0,0.018265
Run 3,Adrian Morales,41,joint,1,0,11,1,0,0.0,0,0,0,0.0
Run 3,Adrian Morales,41,solo,0,0,576,0,0,0.742574,752,0,1,0.928571
Run 3,Adrian Morales,41,solo,0,0,622,0,0,0.72093,857,0,0,0.572973
Run 3,Adrian Morales,41,solo,0,0,322,0,0,0.189474,550,0,0,0.057471
Run 3,Adrian Morales,41,solo,0,0,429,0,0,0.025157,521,0,0,0.016216
Run 3,Adrian Morales,41,solo,0,0,406,0,0,0.238095,489,0,0,0.055556
Run 3,Adrian Morales,42,joint,0,0,300,0,0,0.010526,596,0,0,0.121547
Run 3,Adrian Morales,42,solo,0,0,607,0,0,0.640777,773,0,0,0.63388
Run 3,Adrian Morales,42,solo,0,0,601,0,1,0.8,773,1,0,1.0
Run 3,Adrian Morales,42,solo,0,0,278,0,0,0.076087,572,0,0,0.065934
Run 3,Adrian Morales,42,solo,0,0,447,0,0,0.070968,577,0,0,0.054348
Run 3,Adrian Morales,42,solo,0,0,394,0,0,0.077519,666,0,0,0.032558
Run 3,Adrian Morales,42,joint,1,0,11,1,0,0.0,0,0,0,0.0
Run 3,Adrian Morales,42,solo,0,0,607,1,0,1.0,773,1,0,1.0
Run 3,Adrian Morales,42,solo,0,0,438,0,0,0.481132,551,0,0,0.283333
Run 3,Adrian Morales,42,solo,0,0,352,0,0,0.108333,526,0,0,0.05914
Run 3,Adrian Morales,42,solo,0,0,354,0,0,0.017094,537,0,0,0.00565
Run 3,Adrian Morales,42,solo,0,0,237,0,0,0.025862,472,0,0,0.024242
Run 3,Adrian Morales,42,solo,0,0,629,0,1,0.87395,773,1,0,1.0
Run 3,Adrian Morales,42,solo,0,0,391,0,0,0.0625,784,0,0,0.04721
Run 3,Adrian Morales,42,solo,0,0,330,0,0,0.212766,550,0,0,0.037037
Run 3,Adrian Morales,42,solo,0,0,329,0,0,0.082474,548,0,0,0.053191
Run 3,Adrian Morales,43,joint,0,0,423,0,0,0.090909,703,0,0,0.042857
Run 3,Adrian Morales,43,solo,0,0,586,0,0,0.791667,676,0,0,0.508571
Run 3,Adrian Morales,43,solo,0,0,629,1,0,1.0,676,1,0,1.0
Run 3,Adrian Morales,43,solo,0,0,340,0,0,0.07438,708,0,0,0.031674
Run 3,Adrian Morales,43,solo,0,0,664,0,0,0.066667,516,0,0,0.010471
Run 3,Adrian Morales,43,solo,0,0,381,0,0,0.072165,708,0,0,0.018779
Run 3,Adrian Morales,43,joint,0,0,407,0,0,0.00885,504,0,0,0.061538
Run 3,Adrian Morales,43,solo,0,0,430,1,0,1.0,676,1,0,1.0
Run 3,Adrian Morales,43,solo,0,0,583,0,1,0.857143,676,1,0,1.0
Run 3,Adrian Morales,43,solo,0,0,362,0,0,0.105769,510,0,0,0.055249
Run 3,Adrian Morales,43,solo,0,0,291,0,0,0.14433,473,0,0,0.023392
Run 3,Adrian Morales,43,solo,0,0,257,0,0,0.045455,654,0,0,0.046296
Run 3,Adrian Morales,43,solo,0,0,583,0,1,0.943396,676,1,0,1.0
Run 3,Adrian Morales,43,solo,0,0,516,0,0,0.189189,577,0,0,0.013889
Run 3,Adrian Morales,43,solo,0,0,774,0,0,0.061475,693,0,0,0.020833
Run 3,Adrian Morales,43,solo,0,0,290,0,0,0.154639,688,0,0,0.038278
Run 3,Adrian Morales,44,solo,0,0,584,0,1,0.908257,686,0,0,0.625
Run 3,Adrian Morales,44,solo,0,0,361,0,0,0.044248,763,0,0,0.017241
Run 3,Adrian Morales,44,solo,0,0,510,0,0,0.034483,570,0,0,0.014085
Run 3,Adrian Morales,44,solo,0,0,365,0,0,0.123967,608,0,0,0.04955
Run 3,Adrian Morales,44,joint,1,0,11,1,0,0.0,0,0,0,0.0
Run 3,Adrian Morales,44,solo,0,0,631,0,1,0.91453,686,1,0,1.0
Run 3,Adrian Morales,44,solo,0,0,583,1,0,1.0,686,1,0,1.0
Run 3,Adrian Morales,44,solo,0,0,367,0,0,0.043478,597,0,0,0.037634
Run 3,Adrian Morales,44,solo,0,0,308,0,0,0.178947,548,0,0,0.073864
Run 3,Adrian Morales,44,solo,0,0,297,0,0,0.086022,610,0,0,0.047872
Run 3,Adrian Morales,44,solo,0,0,629,1,0,1.0,686,1,0,1.0
Run 3,Adrian Morales,44,solo,0,0,381,0,0,0.1,629,0,0,0.025641
Run 3,Adrian Morales,44,solo,0,0,470,0,0,0.090226,582,0,0,0.029046
Run 3,Adrian Morales,44,solo,0,0,243,0,0,0.243243,641,0,0,0.015306
Run 3,Adrian Morales,44,joint,1,0,11,1,0,0.0,0,0,0,0.0
Run 3,Adrian Morales,44,solo,0,0,631,1,0,1.0,686,1,0,1.0
Run 3,Adrian Morales,45,joint,0,0,347,0,0,0.0,504,0,0,0.035088
Run 3,Adrian Morales,45,solo,0,0,559,0,0,0.56391,767,0,0,0.491713
Run 3,Adrian Morales,45,solo,0,0,628,1,0,1.0,767,1,0,1.0
Run 3,Adrian Morales,45,solo,0,0,341,0,0,0.112903,493,0,0,0.045455
Run 3,Adrian Morales,45,solo,0,0,364,0,0,0.052632,624,0,0,0.039409
Run 3,Adrian Morales,45,solo,0,0,366,0,0,0.084112,544,0,0,0.042781
Run 3,Adrian Morales,45,joint,0,0,515,0,0,0.013699,749,0,0,0.021097
Run 3,Adrian Morales,45,solo,0,0,561,0,0,0.2125,767,1,0,1.0
Run 3,Adrian Morales,45,solo,0,0,557,0,1,0.90099,767,1,0,1.0
Run 3,Adrian Morales,45,solo,0,0,467,0,0,0.089552,666,0,0,0.030043
Run 3,Adrian Morales,45,solo,0,0,329,0,0,0.117021,637,0,0,0.026178
Run 3,Adrian Morales,45,solo,0,0,387,0,0,0.086538,523,0,0,0.055276
Run 3,Adrian Morales,45,solo,0,0,628,1,0,1.0,767,1,0,1.0
Run 3,Adrian Morales,45,solo,0,0,349,0,0,0.114286,715,0,0,0.028302
Run 3,Adrian Morales,45,solo,0,0,497,0,0,0.115385,570,0,0,0.026042
Run 3,Adrian Morales,45,solo,0,0,282,0,0,0.114943,581,0,0,0.061033
Run 3,Adrian Morales,46,solo,0,0,557,1,0,1.0,718,0,0,0.545455
Run 3,Adrian Morales,46,solo,0,0,525,0,0,0.07971,581,0,0,0.022099
Run 3,Adrian Morales,46,solo,0,0,381,0,0,0.076923,632,0,0,0.0199
Run 3,Adrian Morales,46,solo,0,0,390,0,0,0.085106,527,0,0,0.036199
Run 3,Adrian Morales,46,joint,0,0,503,0,0,0.0,679,0,0,0.01087
Run 3,Adrian Morales,46,solo,0,0,559,1,0,1.0,718,1,0,1.0
Run 3,Adrian Morales,46,solo,0,0,557,1,0,1.0,718,1,0,1.0
Run 3,Adrian Morales,46,solo,0,0,300,0,0,0.09,583,0,0,0.036866
Run 3,Adrian Morales,46,solo,0,0,318,0,0,0.107843,587,0,0,0.031579
Run 3,Adrian Morales,46,solo,0,0,315,0,0,0.023256,503,0,0,0.052941
Run 3,Adrian Morales,46,solo,0,0,557,1,0,1.0,718,1,0,1.0
Run 3,Adrian Morales,46,solo,0,0,355,0,0,0.069307,446,0,0,0.047619
Run 3,Adrian Morales,46,solo,0,0,283,0,0,0.092308,549,0,0,0.042781
Run 3,Adrian Morales,46,solo,0,0,444,0,0,0.124031,712,0,0,0.045267
Run 3,Adrian Morales,46,solo,0,0,557,1,0,1.0,718,1,0,1.0
Run 3,Adrian Morales,46,solo,0,0,368,0,0,0.087912,676,0,0,0.050926
Run 3,Adrian Morales,46,solo,0,0,303,0,0,0.075269,573,0,0,0.041667
Run 3,Adrian Morales,46,solo,0,0,262,0,0,0.266667,603,0,0,0.033493
Run 3,Adrian Morales,47,joint,1,0,11,1,0,0.0,0,0,0,0.0
Run 3,Adrian Morales,47,solo,0,0,458,0,0,0.722772,841,0,0,0.539326
Run 3,Adrian Morales,47,solo,0,0,562,0,0,0.623656,841,1,0,1.0
Run 3,Adrian Morales,47,solo,0,0,303,0,0,0.135417,544,0,0,0.056818
Run 3,Adrian Morales,47,solo,0,0,356,0,0,0.060606,541,0,0,0.062176
Run 3,Adrian Morales,47,solo,0,0,352,0,0,0.091837,583,0,0,0.030702
Run 3,Adrian Morales,47,solo,0,0,562,1,0,1.0,841,1,0,1.0
Run 3,Adrian Morales,47,solo,0,0,370,0,0,0.206522,519,0,0,0.043011
Run 3,Adrian Morales,47,solo,0,0,292,0,0,0.036364,695,0,0,0.029536
Run 3,Adrian Morales,47,solo,0,0,288,0,0,0.009091,481,0,0,0.024242
Run 3,Adrian Morales,47,joint,1,0,11,1,0,0.0,0,0,0,0.0
Run 3,Adrian Morales,47,solo,0,0,458,1,0,1.0,841,1,0,1.0
Run 3,Adrian Morales,47,solo,0,0,456,0,1,0.879518,841,1,0,1.0
Run 3,Adrian Morales,47,solo,0,0,418,0,0,0.071429,663,0,0,0.028302
Run 3,Adrian Morales,47,solo,0,0,311,0,0,0.090909,765,0,0,0.037657
Run 3,Adrian Morales,47,solo,0,0,498,0,0,0.02649,702,0,0,0.045249
Run 3,Adrian Morales,48,solo,0,0,564,1,0,1.0,773,0,0,0.586826
Run 3,Adrian Morales,48,solo,0,0,405,0,0,0.067961,644,0,0,0.029703
Run 3,Adrian Morales,48,solo,0,0,332,0,0,0.196078,616,0,0,0.039548
Run 3,Adrian Morales,48,solo,0,0,296,0,0,0.128205,522,0,0,0.027174
Run 3,Adrian Morales,48,joint,0,0,343,0,0,0.01087,528,0,0,0.021978
Run 3,Adrian Morales,48,solo,0,0,404,0,0,0.111111,833,0,0,0.304147
Run 3,Adrian Morales,48,joint,1,0,11,1,0,0.0,0,0,0,0.0
Run 3,Adrian Morales,48,solo,0,0,434,0,0,0.18254,668,0,0,0.024691
Run 3,Adrian Morales,48,solo,0,0,573,0,0,0.035294,537,0,0,0.020833
Run 3,Adrian Morales,48,solo,0,0,378,0,0,0.023622,554,0,0,0.029268
Run 3,Adrian Morales,48,solo,0,0,377,0,0,0.140351,446,0,0,0.020305
Run 3,Adrian Morales,48,solo,0,0,455,0,0,0.024096,571,0,0,0.032086
Run 3,Adrian Morales,48,solo,0,0,497,0,0,0.75,773,1,0,1.0
Run 3,Adrian Morales,48,solo,0,0,399,0,0,0.159091,476,0,0,0.071429
Run 3,Adrian Morales,48,solo,0,0,431,0,0,0.081967,559,0,0,0.014563
Run 3,Adrian Morales,48,solo,0,0,314,0,0,0.271429,493,0,0,0.079365
Run 3,Adrian Morales,49,solo,0,0,576,0,0,0.696429,681,0,0,0.637584
Run 3,Adrian Morales,49,solo,0,0,426,0,0,0.109244,600,0,0,0.054348
Run 3,Adrian Morales,49,solo,0,0,316,0,0,0.197802,474,0,0,0.029586
Run 3,Adrian Morales,49,solo,0,0,272,0,0,0.018868,759,0,0,0.009434
Run 3,Adrian Morales,49,joint,0,0,343,0,0,0.019231,528,0,1,0.846939
Run 3,Adrian Morales,49,solo,0,0,578,0,1,0.906542,677,0,1,0.882812
Run 3,Adrian Morales,49,solo,0,0,440,0,0,0.745098,677,1,0,1.0
Run 3,Adrian Morales,49,solo,0,0,267,0,0,0.149425,490,0,0,0.046512
Run 3,Adrian Morales,49,solo,0,0,361,0,0,0.168421,704,0,0,0.031818
Run 3,Adrian Morales,49,solo,0,0,463,0,0,0.043478,499,0,0,0.048485
Run 3,Adrian Morales,49,solo,0,0,440,1,0,1.0,681,1,0,1.0
Run 3,Adrian Morales,49,solo,0,0,498,0,0,0.013245,517,0,0,0.036145
Run 3,Adrian Morales,49,solo,0,0,402,0,0,0.080357,652,0,0,0.043062
Run 3,Adrian Morales,49,solo,0,0,285,0,0,0.027027,584,0,0,0.014778
Run 3,Adrian Morales,49,solo,0,0,576,1,0,1.0,677,1,0,1.0
Run 3,Adrian Morales,49,solo,0,0,447,0,0,0.12931,621,0,0,0.062222
Run 3,Adrian Morales,49,solo,0,0,300,0,0,0.073394,584,0,0,0.029557
Run 3,Adrian Morales,49,solo,0,0,301,0,0,0.194444,456,0,0,0.132867
Run 3,Adrian Morales,50,solo,0,0,670,0,0,0.669173,620,0,0,0.640288
Run 3,Adrian Morales,50,solo,0,0,386,0,0,0.050847,460,0,0,0.025
Run 3,Adrian Morales,50,solo,0,0,448,0,0,0.154545,632,0,0,0.0553
Run 3,Adrian Morales,50,solo,0,0,352,0,0,0.069767,552,0,0,0.069182
Run 3,Adrian Morales,50,joint,0,0,305,0,0,0.008264,419,0,0,0.020134
Run 3,Adrian Morales,50,solo,0,0,442,0,1,0.876543,620,1,0,1.0
Run 3,Adrian Morales,50,solo,0,0,440,1,0,1.0,639,0,1,0.904348
Run 3,Adrian Morales,50,solo,0,0,354,0,0,0.080645,621,0,0,0.104396
Run 3,Adrian Morales,50,solo,0,0,325,0,0,0.16,531,0,0,0.109091
Run 3,Adrian Morales,50,solo,0,0,405,0,0,0.095745,687,0,0,0.037234
Run 3,Adrian Morales,50,joint,1,0,11,1,0,0.0,0,0,0,0.0
Run 3,Adrian Morales,50,solo,0,0,444,0,0,0.00625,731,0,0,0.013453
Run 3,Adrian Morales,50,solo,0,0,440,1,0,1.0,639,1,0,1.0
Run 3,Adrian Morales,50,solo,0,0,347,0,0,0.048611,611,0,0,0.020942
Run 3,Adrian Morales,50,solo,0,0,470,0,0,0.053846,849,0,0,0.029046
Run 3,Adrian Morales,50,solo,0,0,405,0,0,0.086538,512,0,0,0.034483
Run 3,Adrian Morales,51,solo,0,1,617,0,0,0.640288,777,0,0,0.598726
Run 3,Adrian Morales,51,solo,0,1,289,0,0,0.092784,573,0,0,0.048128
Run 3,Adrian Morales,51,solo,0,1,337,0,0,0.15625,559,0,0,0.057803
Run 3,Adrian Morales,51,solo,0,1,383,0,0,0.025974,490,0,0,0.019802
Run 3,Adrian Vale,1,solo,0,0,433,0,0,0.0,654,0,0,0.0
Run 3,Adrian Vale,1,solo,0,0,449,0,0,0.0,584,0,0,0.004695
Run 3,Adrian Vale,1,solo,0,0,380,0,0,0.0,591,0,0,0.009524
Run 3,Adrian Vale,1,solo,0,0,420,0,0,0.0,675,0,0,0.004762
Run 3,Adrian Vale,1,joint,0,0,479,0,0,0.0,608,0,0,0.0
Run 3,Adrian Vale,1,solo,0,0,380,0,0,0.0,599,0,0,0.0
Run 3,Adrian Vale,1,solo,0,0,381,0,1,0.90625,654,1,0,1.0
Run 3,Adrian Vale,1,solo,0,0,348,0,0,0.027273,507,0,0,0.0
Run 3,Adrian Vale,1,solo,0,0,425,0,0,0.008547,661,0,0,0.0
Run 3,Adrian Vale,1,solo,0,0,471,0,0,0.028169,588,0,0,0.015385
Run 3,Adrian Vale,1,joint,0,0,427,0,0,0.0,655,0,0,0.004926
Run 3,Adrian Vale,1,solo,0,0,442,0,0,0.247619,648,0,1,0.973913
Run 3,Adrian Vale,1,solo,0,0,433,1,0,1.0,654,1,0,1.0
Run 3,Adrian Vale,1,solo,0,0,425,0,0,0.033333,731,0,0,0.059113
Run 3,Adrian Vale,1,solo,0,0,476,0,0,0.022556,600,0,0,0.013889
Run 3,Adrian Vale,1,solo,0,0,396,0,0,0.016667,630,0,0,0.015385
Run 3,Adrian Vale,2,solo,0,0,451,0,0,0.488889,681,0,0,0.105263
Run 3,Adrian Vale,2,solo,0,0,424,0,0,0.032258,552,0,0,0.0
Run 3,Adrian Vale,2,solo,0,0,464,0,0,0.069231,704,0,0,0.022727
Run 3,Adrian Vale,2,solo,0,0,382,0,0,0.0,699,0,0,0.004405
Run 3,Adrian Vale,2,solo,0,0,504,0,0,0.643678,734,0,0,0.018182
Run 3,Adrian Vale,2,solo,0,0,415,0,0,0.042017,649,0,0,0.017241
Run 3,Adrian Vale,2,solo,0,0,482,0,0,0.022388,781,0,0,0.004464
Run 3,Adrian Vale,2,solo,0,0,540,0,0,0.052632,683,0,0,0.013274
Run 3,Adrian Vale,2,joint,1,0,11,0,0,0.0,0,0,0,0.0
Run 3,Adrian Vale,2,solo,0,0,442,1,0,1.0,780,0,0,0.539877
Run 3,Adrian Vale,2,solo,0,0,433,1,0,1.0,780,1,0,1.0
Run 3,Adrian Vale,2,solo,0,0,378,0,0,0.015504,625,0,0,0.02451
Run 3,Adrian Vale,2,solo,0,0,335,0,0,0.017699,549,0,0,0.0
Run 3,Adrian Vale,2,solo,0,0,543,0,0,0.086957,698,0,0,0.017167
Run 3,Adrian Vale,2,solo,0,0,423,0,0,0.597701,734,1,0,1.0
Run 3,Adrian Vale,2,solo,0,0,348,0,0,0.044248,638,0,0,0.018182
Run 3,Adrian Vale,2,solo,0,0,456,0,0,0.037594,705,0,0,0.017467
Run 3,Adrian Vale,2,solo,0,0,384,0,0,0.108108,863,0,0,0.045113
Run 3,Adrian Vale,3,solo,0,0,491,0,1,0.886076,661,0,0,0.574194
Run 3,Adrian Vale,3,solo,0,0,310,0,0,0.009434,677,0,0,0.011494
Run 3,Adrian Vale,3,solo,0,0,424,0,0,0.056911,696,0,0,0.017699
Run 3,Adrian Vale,3,solo,0,0,348,0,0,0.017094,529,0,0,0.040816
Run 3,Adrian Vale,3,solo,0,0,491,1,0,1.0,751,0,1,0.864662
Run 3,Adrian Vale,3,solo,0,0,450,0,0,0.007692,674,0,0,0.00495
Run 3,Adrian Vale,3,solo,0,0,504,0,0,0.051471,725,0,0,0.032407
Run 3,Adrian Vale,3,solo,0,0,457,0,0,0.007194,563,0,0,0.009479
Run 3,Adrian Vale,3,solo,0,0,423,1,0,1.0,751,1,0,1.0
Run 3,Adrian Vale,3,solo,0,0,440,0,0,0.034783,855,0,0,0.044534
Run 3,Adrian Vale,3,solo,0,0,523,0,0,0.055944,571,0,0,0.041026
Run 3,Adrian Vale,3,solo,0,0,366,0,0,0.036036,598,0,0,0.048889
Run 3,Adrian Vale,3,joint,1,0,11,1,0,0.0,0,0,0,0.0
Run 3,Adrian Vale,3,solo,0,0,361,0,0,0.178218,819,0,0,0.505814
Run 3,Adrian Vale,3,joint,1,0,11,1,0,0.0,0,0,0,0.0
Run 3,Adrian Vale,3,solo,1,0,408,0,0,0.071429,11,0,0,0.0
Run 3,Adrian Vale,4,solo,0,0,497,0,1,0.864865,629,0,0,0.561644
Run 3,Adrian Vale,4,solo,0,0,484,0,0,0.063492,603,0,0,0.065217
Run 3,Adrian Vale,4,solo,0,0,455,0,0,0.048611,598,0,0,0.041284
Run 3,Adrian Vale,4,solo,0,0,373,0,0,0.103448,626,0,0,0.043478
Run 3,Adrian Vale,4,solo,0,0,491,1,0,1.0,646,0,1,0.908333
Run 3,Adrian Vale,4,solo,0,0,335,0,0,0.12,558,0,0,0.039409
Run 3,Adrian Vale,4,solo,0,0,398,0,0,0.065041,593,0,0,0.026432
Run 3,Adrian Vale,4,solo,0,0,567,0,0,0.057325,1013,0,0,0.028037
Run 3,Adrian Vale,4,solo,0,0,491,1,0,1.0,646,0,1,0.813953
Run 3,Adrian Vale,4,solo,0,0,498,0,0,0.065574,653,0,0,0.039409
Run 3,Adrian Vale,4,solo,0,0,312,0,0,0.061856,670,0,0,0.099476
Run 3,Adrian Vale,4,solo,0,0,360,0,0,0.035211,678,0,0,0.014218
Run 3,Adrian Vale,4,joint,1,0,11,1,0,0.0,0,0,0,0.0
Run 3,Adrian Vale,4,solo,0,0,328,0,0,0.0,932,0,0,0.009967
Run 3,Adrian Vale,4,solo,1,0,11,0,0,0.0,11,1,0,0.0
Run 3,Adrian Vale,4,solo,0,0,406,0,0,0.033613,598,0,0,0.039024
Run 3,Adrian Vale,4,solo,0,0,347,0,0,0.018349,631,0,0,0.022936
Run 3,Adrian Vale,4,solo,0,0,361,0,0,0.007937,555,0,0,0.032558
Run 3,Adrian Vale,5,solo,0,0,413,0,0,0.028571,667,0,0,0.081081
Run 3,Adrian Vale,5,solo,0,0,274,0,0,0.031915,689,0,0,0.047393
Run 3,Adrian Vale,5,solo,0,0,467,0,0,0.023077,487,0,0,0.065934
Run 3,Adrian Vale,5,solo,0,0,386,0,0,0.033613,567,0,0,0.069767
Run 3,Adrian Vale,5,solo,0,0,418,0,0,0.746835,700,0,1,0.848485
Run 3,Adrian Vale,5,solo,0,0,446,0,0,0.094017,634,0,0,0.051402
Run 3,Adrian Vale,5,solo,0,0,407,0,0,0.12037,802,0,0,0.029046
Run 3,Adrian Vale,5,solo,0,0,359,0,0,0.055556,668,0,0,0.076923
Run 3,Adrian Vale,5,joint,1,0,11,1,0,0.0,0,0,0,0.0
Run 3,Adrian Vale,5,solo,0,0,441,0,0,0.530973,563,0,0,0.770492
Run 3,Adrian Vale,5,solo,0,0,418,1,0,1.0,898,0,0,0.481675
Run 3,Adrian Vale,5,solo,0,0,421,0,0,0.095588,779,0,0,0.06383
Run 3,Adrian Vale,5,solo,0,0,527,0,0,0.0625,670,0,0,0.044335
Run 3,Adrian Vale,5,solo,0,0,292,0,0,0.046296,715,0,0,0.02069
Run 3,Adrian Vale,5,solo,1,0,11,1,0,0.0,11,1,0,0.0
Run 3,Adrian Vale,5,solo,0,0,506,0,0,0.054422,652,0,0,0.061033
Run 3,Adrian Vale,5,solo,0,0,392,0,0,0.06422,507,0,0,0.015789
Run 3,Adrian Vale,5,solo,0,0,575,0,0,0.027027,615,0,0,0.029557
Run 3,Adrian Vale,6,joint,1,0,11,1,0,0.0,0,0,0,0.0
Run 3,Adrian Vale,6,solo,0,0,582,0,0,0.247934,541,0,1,0.826087
Run 3,Adrian Vale,6,solo,0,0,407,0,1,0.852941,593,0,0,0.708029
Run 3,Adrian Vale,6,solo,0,0,339,0,0,0.032258,691,0,0,0.064516
Run 3,Adrian Vale,6,solo,0,0,429,0,0,0.025424,841,0,0,0.02459
Run 3,Adrian Vale,6,solo,0,0,368,0,0,0.079365,602,0,0,0.122549
Run 3,Adrian Vale,6,solo,0,0,407,1,0,1.0,593,1,0,1.0
Run 3,Adrian Vale,6,solo,0,0,363,0,0,0.042735,585,0,0,0.042328
Run 3,Adrian Vale,6,solo,0,0,380,0,0,0.057143,591,0,0,0.024752
Run 3,Adrian Vale,6,solo,0,0,289,0,0,0.030612,580,0,0,0.041475
Run 3,Adrian Vale,6,solo,0,0,407,1,0,1.0,593,1,0,1.0
Run 3,Adrian Vale,6,solo,0,0,369,0,0,0.009259,653,0,0,0.018519
Run 3,Adrian Vale,6,solo,0,0,507,0,0,0.075949,628,0,0,0.052381
Run 3,Adrian Vale,6,solo,0,0,435,0,0,0.131783,560,0,0,0.045283
Run 3,Adrian Vale,6,solo,1,0,11,1,0,0.0,11,1,0,0.0
Run 3,Adrian Vale,6,solo,0,0,415,0,0,0.092199,625,0,0,0.057292
Run 3,Adrian Vale,6,solo,0,0,564,0,0,0.085106,660,0,0,0.036364
Run 3,Adrian Vale,6,solo,0,0,335,0,0,0.019608,503,0,0,0.048649
Run 3,Adrian Vale,7,solo,0,0,407,1,0,1.0,656,0,0,0.65942
Run 3,Adrian Vale,7,solo,0,0,260,0,0,0.020619,603,0,0,0.059113
Run 3,Adrian Vale,7,solo,0,0,351,0,0,0.029703,668,0,0,0.036199
Run 3,Adrian Vale,7,solo,0,0,416,0,0,0.138614,545,0,0,0.058824
Run 3,Adrian Vale,7,joint,1,0,11,1,0,0.0,0,0,0,0.0
Run 3,Adrian Vale,7,solo,0,0,411,0,0,0.180328,694,0,0,0.521127
Run 3,Adrian Vale,7,solo,0,0,555,0,0,0.704545,697,0,0,0.049327
Run 3,Adrian Vale,7,solo,0,0,416,0,0,0.06422,583,0,0,0.064039
Run 3,Adrian Vale,7,solo,0,0,494,0,0,0.066116,813,0,0,0.051948
Run 3,Adrian Vale,7,solo,0,0,365,0,0,0.070175,704,0,0,0.025424
Run 3,Adrian Vale,7,solo,0,0,571,0,0,0.290323,656,1,0,1.0
Run 3,Adrian Vale,7,solo,0,0,397,0,0,0.040404,599,0,0,0.076142
Run 3,Adrian Vale,7,solo,0,0,425,0,0,0.096,567,0,0,0.08427
Run 3,Adrian Vale,7,solo,0,0,312,0,0,0.104762,712,0,0,0.048309
Run 3,Adrian Vale,7,solo,1,0,11,1,0,0.0,11,1,0,0.0
Run 3,Adrian Vale,7,solo,0,0,466,0,0,0.021277,521,0,0,0.020408
Run 3,Adrian Vale,7,solo,0,0,408,0,0,0.017094,589,0,0,0.046154
Run 3,Adrian Vale,7,solo,0,0,433,0,0,0.009009,569,0,0,0.033898
Run 3,Adrian Vale,8,solo,0,0,409,0,1,0.850746,568,0,0,0.119171
Run 3,Adrian Vale,8,solo,0,0,499,0,0,0.02069,675,0,0,0.01005
Run 3,Adrian Vale,8,solo,0,0,450,0,0,0.105691,622,0,0,0.082051
Run 3,Adrian Vale,8,solo,0,0,368,0,0,0.035398,676,0,0,0.032258
Run 3,Adrian Vale,8,joint,1,0,11,1,0,0.0,0,0,0,0.0
Run 3,Adrian Vale,8,solo,0,0,461,0,0,0.209524,762,0,0,0.589744
Run 3,Adrian Vale,8,solo,0,0,519,0,1,0.897959,578,0,0,0.770492
Run 3,Adrian Vale,8,solo,0,0,333,0,0,0.14,836,0,0,0.042918
Run 3,Adrian Vale,8,solo,0,0,402,0,0,0.07563,509,0,0,0.050279
Run 3,Adrian Vale,8,solo,0,0,446,0,0,0.137097,746,0,0,0.035433
Run 3,Adrian Vale,8,solo,0,0,438,0,0,0.212963,548,0,0,0.525926
Run 3,Adrian Vale,8,solo,0,0,507,0,0,0.025478,583,0,0,0.031579
Run 3,Adrian Vale,8,solo,0,0,576,0,0,0.021978,587,0,0,0.035533
Run 3,Adrian Vale,8,solo,0,0,420,0,0,0.043103,769,0,0,0.014354
Run 3,Adrian Vale,8,solo,1,0,11,1,0,0.0,11,1,0,0.0
Run 3,Adrian Vale,8,solo,0,0,480,0,0,0.02381,676,0,0,0.088235
Run 3,Adrian Vale,8,solo,0,0,359,0,0,0.024,577,0,0,0.033149
Run 3,Adrian Vale,8,solo,0,0,394,0,0,0.015748,669,0,0,0.041667
Run 3,Adrian Vale,9,solo,0,0,461,0,0,0.36,598,0,0,0.325
Run 3,Adrian Vale,9,solo,0,0,364,0,0,0.191011,751,0,0,0.058537
Run 3,Adrian Vale,9,solo,0,0,347,0,0,0.280488,751,0,0,0.099526
Run 3,Adrian Vale,9,solo,0,0,522,0,0,0.092199,598,0,0,0.058036
Run 3,Adrian Vale,9,joint,1,0,11,1,0,0.0,0,0,0,0.0
Run 3,Adrian Vale,9,solo,0,0,460,0,0,0.307018,654,0,0,0.609272
Run 3,Adrian Vale,9,solo,0,0,482,0,0,0.744186,598,1,0,1.0
Run 3,Adrian Vale,9,solo,0,0,428,0,0,0.019048,566,0,0,0.073864
Run 3,Adrian Vale,9,solo,0,0,336,0,0,0.097087,719,0,0,0.037037
Run 3,Adrian Vale,9,solo,0,0,489,0,0,0.068966,674,0,0,0.045872
Run 3,Adrian Vale,9,solo,0,0,375,0,0,0.552941,598,1,0,1.0
Run 3,Adrian Vale,9,solo,0,0,310,0,0,0.108911,771,0,0,0.024291
Run 3,Adrian Vale,9,solo,0,0,602,0,0,0.027972,716,0,0,0.036585
Run 3,Adrian Vale,9,solo,0,0,355,0,0,0.02521,791,0,0,0.027237
Run 3,Adrian Vale,9,solo,1,0,11,1,0,0.0,11,1,0,0.0
Run 3,Adrian Vale,9,solo,0,0,485,0,0,0.023256,594,0,0,0.043269
Run 3,Adrian Vale,9,solo,0,0,404,0,0,0.054054,561,0,0,0.017699
Run 3,Adrian Vale,9,solo,0,0,447,0,0,0.045161,598,0,0,0.035398
Run 3,Adrian Vale,10,solo,0,0,525,0,0,0.323308,731,0,0,0.592105
Run 3,Adrian Vale,10,solo,0,0,333,0,0,0.019231,619,0,0,0.028571
Run 3,Adrian Vale,10,solo,0,0,341,0,0,0.071429,653,0,0,0.047393
Run 3,Adrian Vale,10,solo,0,0,398,0,0,0.086957,632,0,0,0.046154
Run 3,Adrian Vale,10,joint,1,0,11,1,0,0.0,0,0,0,0.0
Run 3,Adrian Vale,10,solo,0,0,413,0,0,0.643564,742,0,1,0.977941
Run 3,Adrian Vale,10,solo,0,0,459,0,0,0.207407,742,1,0,1.0
Run 3,Adrian Vale,10,solo,0,0,438,0,0,0.029197,661,0,0,0.017316
Run 3,Adrian Vale,10,solo,0,0,493,0,0,0.06015,698,0,0,0.021645
Run 3,Adrian Vale,10,solo,0,0,470,0,0,0.081481,830,0,0,0.054393
Run 3,Adrian Vale,10,solo,0,0,359,0,0,0.684211,742,1,0,1.0
Run 3,Adrian Vale,10,solo,0,0,488,0,0,0.026316,642,0,0,0.035874
Run 3,Adrian Vale,10,solo,0,0,467,0,0,0.069444,498,0,0,0.025253
Run 3,Adrian Vale,10,solo,0,0,405,0,0,0.07563,527,0,0,0.051136
Run 3,Adrian Vale,10,solo,1,0,11,1,0,0.0,11,1,0,0.0
Run 3,Adrian Vale,10,solo,0,0,271,0,0,0.064815,642,0,0,0.067961
Run 3,Adrian Vale,10,solo,0,0,433,0,0,0.034483,569,0,0,0.037037
Run 3,Adrian Vale,10,solo,0,0,339,0,0,0.05042,734,0,0,0.027668
Run 3,Adrian Vale,11,solo,0,0,386,0,0,0.56,538,0,0,0.507463
Run 3,Adrian Vale,11,solo,0,0,429,0,0,0.027211,647,0,0,0.041475
Run 3,Adrian Vale,11,solo,0,0,494,0,0,0.066265,663,0,0,0.044776
Run 3,Adrian Vale,11,solo,0,0,364,0,0,0.19,701,0,0,0.026087
Run 3,Adrian Vale,11,solo,0,0,392,0,0,0.242718,810,0,0,0.436782
Run 3,Adrian Vale,11,solo,0,0,258,0,0,0.025641,569,0,0,0.07732
Run 3,Adrian Vale,11,solo,0,0,597,0,0,0.03871,586,0,0,0.036866
Run 3,Adrian Vale,11,solo,0,0,294,0,0,0.105769,538,0,0,0.043478
Run 3,Adrian Vale,11,joint,1,0,11,1,0,0.0,0,0,0,0.0
Run 3,Adrian Vale,11,solo,0,0,363,0,0,0.487805,538,1,0,1.0
Run 3,Adrian Vale,11,solo,0,0,274,0,0,0.737705,538,1,0,1.0
Run 3,Adrian Vale,11,solo,0,0,302,0,0,0.119048,699,0,0,0.061404
Run 3,Adrian Vale,11,solo,0,0,350,0,0,0.055046,742,0,0,0.057143
Run 3,Adrian Vale,11,solo,0,0,327,0,0,0.22619,582,0,0,0.053922
Run 3,Adrian Vale,11,solo,1,0,11,1,0,0.0,11,1,0,0.0
Run 3,Adrian Vale,11,solo,0,0,435,0,0,0.017857,714,0,0,0.031111
Run 3,Adrian Vale,11,solo,0,0,416,0,0,0.110092,619,0,0,0.047619
Run 3,Adrian Vale,11,solo,0,0,422,0,0,0.078125,599,0,0,0.062201
Run 3,Adrian Vale,12,solo,0,0,389,0,0,0.166667,540,0,1,0.923077
Run 3,Adrian Vale,12,solo,0,0,298,0,0,0.097826,720,0,0,0.035019
Run 3,Adrian Vale,12,solo,0,0,330,0,0,0.021978,815,0,0,0.015038
Run 3,Adrian Vale,12,solo,0,0,392,0,0,0.140187,636,0,0,0.072115
Run 3,Adrian Vale,12,joint,1,0,11,1,0,0.0,0,0,0,0.0
Run 3,Adrian Vale,12,solo,0,0,363,1,0,1.0,615,0,0,0.077586
Run 3,Adrian Vale,12,solo,0,0,476,0,0,0.792208,769,0,0,0.429293
Run 3,Adrian Vale,12,solo,0,0,397,0,0,0.05,534,0,0,0.043269
Run 3,Adrian Vale,12,solo,0,0,448,0,0,0.04386,455,0,0,0.015873
Run 3,Adrian Vale,12,solo,0,0,315,0,0,0.027523,531,0,0,0.095745
Run 3,Adrian Vale,12,solo,0,0,387,0,1,0.848485,615,1,0,1.0
Run 3,Adrian Vale,12,solo,0,0,465,0,0,0.13913,701,0,0,0.092105
Run 3,Adrian Vale,12,solo,0,0,438,0,0,0.079646,663,0,0,0.037975
Run 3,Adrian Vale,12,solo,0,0,384,0,0,0.071429,662,0,0,0.071429
Run 3,Adrian Vale,12,joint,1,0,11,1,0,0.0,0,0,0,0.0
Run 3,Adrian Vale,12,solo,1,0,11,1,0,0.0,11,1,0,0.0
Run 3,Adrian Vale,13,joint,0,0,332,0,0,0.0,424,0,0,0.0
Run 3,Adrian Vale,13,solo,0,0,302,0,0,0.030928,673,0,0,0.008163
Run 3,Adrian Vale,13,solo,0,0,448,0,0,0.651685,584,0,1,0.827586
Run 3,Adrian Vale,13,solo,0,0,462,0,0,0.061404,677,0,0,0.023166
Run 3,Adrian Vale,13,solo,0,0,509,0,0,0.042857,775,0,0,0.029289
Run 3,Adrian Vale,13,solo,0,0,407,0,0,0.058824,719,0,0,0.022523
Run 3,Adrian Vale,13,solo,0,0,440,0,0,0.484536,595,0,0,0.48227
Run 3,Adrian Vale,13,solo,0,0,379,0,0,0.049296,593,0,0,0.040201
Run 3,Adrian Vale,13,solo,0,0,401,0,0,0.062016,583,0,0,0.068293
Run 3,Adrian Vale,13,solo,0,0,375,0,0,0.054688,563,0,0,0.053922
Run 3,Adrian Vale,13,solo,0,0,476,1,0,1.0,584,1,0,1.0
Run 3,Adrian Vale,13,solo,0,0,359,0,0,0.134021,669,0,0,0.039024
Run 3,Adrian Vale,13,solo,0,0,578,0,0,0.054795,710,0,0,0.046693
Run 3,Adrian Vale,13,solo,0,0,427,0,0,0.072072,610,0,0,0.159794
Run 3,Adrian Vale,13,solo,0,0,411,0,0,0.674419,584,1,0,1.0
Run 3,Adrian Vale,13,solo,0,0,320,0,0,0.086022,686,0,0,0.057692
Run 3,Adrian Vale,13,solo,0,0,440,0,0,0.05303,614,0,0,0.0625
Run 3,Adrian Vale,13,solo,0,0,315,0,0,0.1875,739,0,0,0.057143
Run 3,Adrian Vale,14,solo,0,0,337,0,0,0.567568,598,0,0,0.699187
Run 3,Adrian Vale,14,solo,0,0,369,0,0,0.044776,639,0,0,0.044843
Run 3,Adrian Vale,14,solo,0,0,467,0,0,0.05042,657,0,0,0.024194
Run 3,Adrian Vale,14,solo,0,0,326,0,0,0.07619,740,0,0,0.02381
Run 3,Adrian Vale,14,solo,0,0,434,0,0,0.269565,598,1,0,1.0
Run 3,Adrian Vale,14,solo,0,0,416,0,0,0.014493,501,0,0,0.032787
Run 3,Adrian Vale,14,solo,0,0,451,0,0,0.085938,640,0,0,0.022727
Run 3,Adrian Vale,14,solo,0,0,459,0,0,0.066667,873,0,0,0.022222
Run 3,Adrian Vale,14,solo,0,0,447,0,0,0.162393,509,0,0,0.268456
Run 3,Adrian Vale,14,solo,0,0,383,0,0,0.081967,599,0,0,0.038462
Run 3,Adrian Vale,14,solo,0,0,487,0,0,0.056911,519,0,0,0.039773
Run 3,Adrian Vale,14,solo,0,0,371,0,0,0.016949,535,0,0,0.055556
Run 3,Adrian Vale,14,joint,1,0,11,1,0,0.0,0,0,0,0.0
Run 3,Adrian Vale,14,solo,0,0,440,0,0,0.716049,598,1,0,1.0
Run 3,Adrian Vale,14,solo,1,0,440,1,0,1.0,11,1,0,0.0
Run 3,Adrian Vale,14,solo,0,0,389,0,0,0.104167,691,0,0,0.09009
Run 3,Adrian Vale,14,solo,0,0,377,0,0,0.057851,583,0,0,0.036842
Run 3,Adrian Vale,14,solo,0,0,396,0,0,0.053435,696,0,0,0.054054
Run 3,Adrian Vale,15,solo,0,0,481,0,0,0.407407,688,0,0,0.632353
Run 3,Adrian Vale,15,solo,0,0,281,0,0,0.091837,611,0,0,0.009524
Run 3,Adrian Vale,15,solo,0,0,408,0,0,0.057554,575,0,0,0.029412
Run 3,Adrian Vale,15,solo,0,0,512,0,0,0.051724,665,0,0,0.053398
Run 3,Adrian Vale,15,joint,1,0,11,1,0,0.0,0,0,0,0.0
Run 3,Adrian Vale,15,solo,0,0,440,1,0,1.0,736,0,0,0.585034
Run 3,Adrian Vale,15,solo,0,0,441,0,1,0.87013,736,1,0,1.0
Run 3,Adrian Vale,15,solo,0,0,371,0,0,0.186916,610,0,0,0.027027
Run 3,Adrian Vale,15,solo,0,0,385,0,0,0.077465,839,0,0,0.020325
Run 3,Adrian Vale,15,solo,0,0,357,0,0,0.190476,754,0,0,0.013699
Run 3,Adrian Vale,15,solo,0,0,441,1,0,1.0,736,1,0,1.0
Run 3,Adrian Vale,15,solo,0,0,324,0,0,0.019802,708,0,0,0.035556
Run 3,Adrian Vale,15,solo,0,0,321,0,0,0.022222,772,0,0,0.008333
Run 3,Adrian Vale,15,solo,0,0,365,0,0,0.031496,562,0,0,0.039548
Run 3,Adrian Vale,15,solo,1,0,11,1,0,0.0,11,1,0,0.0
Run 3,Adrian Vale,15,solo,0,0,448,0,0,0.061538,618,0,0,0.016327
Run 3,Adrian Vale,15,solo,0,0,411,0,0,0.095238,636,0,0,0.05291
Run 3,Adrian Vale,15,solo,0,0,416,0,0,0.05,591,0,0,0.039024
Run 3,Adrian Vale,16,solo,0,0,425,0,0,0.533333,669,0,0,0.651515
Run 3,Adrian Vale,16,solo,0,0,337,0,0,0.065421,621,0,0,0.042453
Run 3,Adrian Vale,16,solo,0,0,384,0,0,0.055046,1076,0,0,0.022901
Run 3,Adrian Vale,16,solo,0,0,356,0,0,0.053571,744,0,0,0.043478
Run 3,Adrian Vale,16,solo,0,0,460,0,0,0.769231,669,1,0,1.0
Run 3,Adrian Vale,16,solo,0,0,395,0,0,0.055556,773,0,0,0.025751
Run 3,Adrian Vale,16,solo,0,0,426,0,0,0.072581,741,0,0,0.067265
Run 3,Adrian Vale,16,solo,0,0,400,0,0,0.066116,723,0,0,0.060086
Run 3,Adrian Vale,16,joint,1,0,11,1,0,0.0,0,0,0,0.0
Run 3,Adrian Vale,16,solo,0,0,342,0,0,0.114035,704,0,0,0.446667
Run 3,Adrian Vale,16,joint,1,0,11,1,0,0.0,0,0,0,0.0
Run 3,Adrian Vale,16,solo,0,0,441,1,0,1.0,669,1,0,1.0
Run 3,Adrian Vale,16,solo,0,0,394,0,0,0.141732,706,0,0,0.20197
Run 3,Adrian Vale,16,solo,0,0,312,0,0,0.06383,716,0,0,0.036866
Run 3,Adrian Vale,16,solo,0,0,396,0,0,0.019048,927,0,0,0.02008
Run 3,Adrian Vale,16,solo,0,0,281,0,0,0.063636,843,0,0,0.045113
Run 3,Adrian Vale,17,solo,0,0,441,1,0,1.0,601,0,0,0.710744
Run 3,Adrian Vale,17,solo,0,0,276,0,0,0.047619,668,0,0,0.059289
Run 3,Adrian Vale,17,solo,0,0,439,0,0,0.08871,636,0,0,0.141414
Run 3,Adrian Vale,17,solo,0,0,413,0,0,0.044643,701,0,0,0.036036
Run 3,Adrian Vale,17,joint,1,0,11,1,0,0.0,0,0,0,0.0
Run 3,Adrian Vale,17,solo,0,0,504,0,0,0.7,696,0,1,0.875
Run 3,Adrian Vale,17,solo,0,0,473,0,0,0.666667,696,1,0,1.0
Run 3,Adrian Vale,17,solo,0,0,301,0,0,0.152381,542,0,0,0.048673
Run 3,Adrian Vale,17,solo,0,0,375,0,0,0.117021,692,0,0,0.045662
Run 3,Adrian Vale,17,solo,0,0,391,0,0,0.161616,656,0,0,0.04329
Run 3,Adrian Vale,17,solo,0,0,504,0,0,0.585859,696,1,0,1.0
Run 3,Adrian Vale,17,solo,0,0,413,0,0,0.062016,572,0,0,0.034483
Run 3,Adrian Vale,17,solo,0,0,480,0,0,0.050725,720,0,0,0.043902
Run 3,Adrian Vale,17,solo,0,0,577,0,0,0.067073,810,0,0,0.105932
Run 3,Adrian Vale,17,solo,1,0,473,1,0,1.0,11,1,0,0.0
Run 3,Adrian Vale,17,solo,0,0,404,0,0,0.09901,578,0,0,0.073034
Run 3,Adrian Vale,17,solo,0,0,424,0,0,0.073394,508,0,0,0.06599
Run 3,Adrian Vale,17,solo,0,0,342,0,0,0.046296,788,0,0,0.031496
Run 3,Adrian Vale,18,solo,0,0,374,0,0,0.384615,637,0,0,0.585034
Run 3,Adrian Vale,18,solo,0,0,405,0,0,0.026549,776,0,0,0.090476
Run 3,Adrian Vale,18,solo,0,0,395,0,0,0.054545,615,0,0,0.034483
Run 3,Adrian Vale,18,solo,0,0,407,0,0,0.052632,522,0,0,0.023041
Run 3,Adrian Vale,18,joint,1,0,11,1,0,0.0,0,0,0,0.0
Run 3,Adrian Vale,18,solo,0,0,464,0,0,0.516854,637,1,0,1.0
Run 3,Adrian Vale,18,solo,0,0,400,0,0,0.648352,637,1,0,1.0
Run 3,Adrian Vale,18,solo,0,0,471,0,0,0.064,689,0,0,0.044643
Run 3,Adrian Vale,18,solo,0,0,364,0,0,0.121495,610,0,0,0.051402
Run 3,Adrian Vale,18,solo,0,0,362,0,0,0.163462,675,0,0,0.055556
Run 3,Adrian Vale,18,solo,0,0,513,0,1,0.811765,637,1,0,1.0
Run 3,Adrian Vale,18,solo,0,0,386,0,0,0.227273,647,0,0,0.032864
Run 3,Adrian Vale,18,solo,0,0,423,0,0,0.165049,648,0,0,0.055556
Run 3,Adrian Vale,18,solo,0,0,208,0,0,0.258065,630,0,0,0.072398
Run 3,Adrian Vale,18,solo,1,0,11,1,0,0.0,11,1,0,0.0
Run 3,Adrian Vale,18,solo,0,0,367,0,0,0.009901,532,0,0,0.097674
Run 3,Adrian Vale,18,solo,0,0,401,0,0,0.008403,631,0,0,0.03
Run 3,Adrian Vale,18,solo,0,0,349,0,0,0.076923,659,0,0,0.030702
Run 3,Adrian Vale,19,solo,0,0,395,0,0,0.766234,549,0,0,0.671533
Run 3,Adrian Vale,19,solo,0,0,382,0,0,0.072,576,0,0,0.082927
Run 3,Adrian Vale,19,solo,0,0,449,0,0,0.113821,789,0,0,0.042017
Run 3,Adrian Vale,19,solo,0,0,497,0,0,0.035461,742,0,0,0.087805
Run 3,Adrian Vale,19,solo,0,0,395,1,0,1.0,549,0,0,0.079096
Run 3,Adrian Vale,19,solo,0,0,241,0,0,0.073171,689,0,0,0.044898
Run 3,Adrian Vale,19,solo,0,0,278,0,0,0.171429,562,0,0,0.024752
Run 3,Adrian Vale,19,solo,0,0,386,0,0,0.05042,602,0,0,0.090047
Run 3,Adrian Vale,19,solo,0,0,395,1,0,1.0,614,0,0,0.651515
Run 3,Adrian Vale,19,solo,0,0,337,0,0,0.07767,709,0,0,0.030973
Run 3,Adrian Vale,19,solo,0,0,418,0,0,0.043103,674,0,0,0.057143
Run 3,Adrian Vale,19,solo,0,0,344,0,0,0.08642,631,0,0,0.074766
Run 3,Adrian Vale,19,solo,0,0,395,1,0,1.0,614,1,0,1.0
Run 3,Adrian Vale,19,solo,0,0,382,0,0,0.134021,592,0,0,0.113514
Run 3,Adrian Vale,19,solo,0,0,532,0,0,0.061644,699,0,0,0.038095
Run 3,Adrian Vale,19,solo,0,0,282,0,0,0.309859,582,0,0,0.052885
Run 3,Adrian Vale,19,solo,1,0,11,1,0,0.0,11,1,0,0.0
Run 3,Adrian Vale,19,solo,0,0,398,0,0,0.03252,572,0,0,0.071749
Run 3,Adrian Vale,19,solo,0,0,404,0,0,0.08,522,0,0,0.075117
Run 3,Adrian Vale,19,solo,0,0,406,0,0,0.053435,615,0,0,0.025316
Run 3,Adrian Vale,20,solo,0,0,395,1,0,1.0,558,0,1,0.914894
Run 3,Adrian Vale,20,solo,0,0,411,0,0,0.072727,555,0,0,0.09375
Run 3,Adrian Vale,20,solo,0,0,420,0,0,0.07563,520,0,0,0.066038
Run 3,Adrian Vale,20,solo,0,0,398,0,0,0.074766,506,0,0,0.037915
Run 3,Adrian Vale,20,solo,0,0,395,1,0,1.0,558,1,0,1.0
Run 3,Adrian Vale,20,solo,0,0,285,0,0,0.295082,561,0,0,0.043103
Run 3,Adrian Vale,20,solo,0,0,285,0,0,0.066667,547,0,0,0.055556
Run 3,Adrian Vale,20,solo,0,0,398,0,0,0.216867,553,0,0,0.081395
Run 3,Adrian Vale,20,joint,1,0,11,1,0,0.0,0,0,0,0.0
Run 3,Adrian Vale,20,solo,0,0,319,0,0,0.573529,622,0,0,0.738095
Run 3,Adrian Vale,20,solo,0,0,439,0,0,0.746835,558,1,0,1.0
Run 3,Adrian Vale,20,solo,0,0,296,0,0,0.109756,556,0,0,0.082051
Run 3,Adrian Vale,20,solo,0,0,330,0,0,0.137255,630,0,0,0.052381
Run 3,Adrian Vale,20,solo,0,0,545,0,0,0.051948,742,0,0,0.045455
Run 3,Adrian Vale,20,joint,1,0,11,1,0,0.0,0,0,0,0.0
Run 3,Adrian Vale,20,solo,1,0,11,1,0,0.0,11,1,0,0.0
Run 3,Adrian Vale,21,solo,0,0,439,0,1,0.943662,727,0,0,0.633588
Run 3,Adrian Vale,21,solo,0,0,375,0,0,0.267442,745,0,0,0.126126
Run 3,Adrian Vale,21,solo,0,0,406,0,0,0.067961,529,0,0,0.027778
Run 3,Adrian Vale,21,solo,0,0,285,0,0,0.28125,609,0,0,0.046632
Run 3,Adrian Vale,21,solo,0,0,439,1,0,1.0,727,1,0,1.0
Run 3,Adrian Vale,21,solo,0,0,415,0,0,0.037313,781,0,0,0.056769
Run 3,Adrian Vale,21,solo,0,0,292,0,0,0.065217,624,0,0,0.034965
Run 3,Adrian Vale,21,solo,0,0,425,0,0,0.056452,633,0,0,0.054187
Run 3,Adrian Vale,21,joint,1,0,11,1,0,0.0,0,0,0,0.0
Run 3,Adrian Vale,21,solo,0,0,644,0,0,0.043716,572,0,0,0.099448
Run 3,Adrian Vale,21,solo,0,0,275,0,0,0.034722,850,0,0,0.035573
Run 3,Adrian Vale,21,solo,0,0,463,0,0,0.052632,748,0,0,0.052863
Run 3,Adrian Vale,21,solo,0,0,373,0,0,0.095238,836,0,0,0.0375
Run 3,Adrian Vale,21,solo,0,0,401,0,0,0.065789,607,0,0,0.057269
Run 3,Adrian Vale,21,solo,0,0,439,1,0,1.0,720,0,0,0.792857
Run 3,Adrian Vale,21,solo,0,0,285,0,0,0.096154,674,0,0,0.054622
Run 3,Adrian Vale,21,solo,0,0,374,0,0,0.075,647,0,0,0.044118
Run 3,Adrian Vale,21,solo,0,0,397,0,0,0.25,754,0,0,0.019841
Run 3,Adrian Vale,22,solo,0,0,443,0,1,0.820513,659,0,0,0.611111
Run 3,Adrian Vale,22,solo,0,0,363,0,0,0.072165,614,0,0,0.085586
Run 3,Adrian Vale,22,solo,0,0,385,0,0,0.081967,643,0,0,0.041667
Run 3,Adrian Vale,22,solo,0,0,306,0,0,0.085366,679,0,0,0.029268
Run 3,Adrian Vale,22,joint,1,0,11,1,0,0.0,0,0,0,0.0
Run 3,Adrian Vale,22,solo,0,0,453,0,1,0.848101,660,0,1,0.915966
Run 3,Adrian Vale,22,solo,0,0,395,1,0,1.0,660,1,0,1.0
Run 3,Adrian Vale,22,solo,0,0,316,0,0,0.029703,738,0,0,0.067873
Run 3,Adrian Vale,22,solo,0,0,476,0,0,0.140351,626,0,0,0.013216
Run 3,Adrian Vale,22,solo,0,0,416,0,0,0.066176,731,0,0,0.056338
Run 3,Adrian Vale,22,solo,0,0,395,1,0,1.0,660,1,0,1.0
Run 3,Adrian Vale,22,solo,0,0,449,0,0,0.053846,513,0,0,0.042857
Run 3,Adrian Vale,22,solo,0,0,447,0,0,0.067227,748,0,0,0.061321
Run 3,Adrian Vale,22,solo,0,0,276,0,0,0.315068,573,0,0,0.129187
Run 3,Adrian Vale,22,solo,1,0,11,1,0,0.0,11,1,0,0.0
Run 3,Adrian Vale,22,solo,0,0,279,0,0,0.047619,479,0,0,0.029412
Run 3,Adrian Vale,22,solo,0,0,405,0,0,0.043478,587,0,0,0.06
Run 3,Adrian Vale,22,solo,0,0,318,0,0,0.041667,661,0,0,0.040909
Run 3,Adrian Vale,23,solo,0,0,395,1,0,1.0,564,0,1,0.818966
Run 3,Adrian Vale,23,solo,0,0,371,0,0,0.074074,626,0,0,0.052632
Run 3,Adrian Vale,23,solo,0,0,542,0,0,0.05625,519,0,0,0.032558
Run 3,Adrian Vale,23,solo,0,0,457,0,0,0.048,678,0,0,0.086538
Run 3,Adrian Vale,23,joint,1,0,11,1,0,0.0,0,0,0,0.0
Run 3,Adrian Vale,23,solo,0,0,453,1,0,1.0,665,0,1,0.832
Run 3,Adrian Vale,23,solo,0,0,453,1,0,1.0,665,1,0,1.0
Run 3,Adrian Vale,23,solo,0,0,406,0,0,0.034783,683,0,0,0.071749
Run 3,Adrian Vale,23,solo,0,0,432,0,0,0.089431,608,0,0,0.053922
Run 3,Adrian Vale,23,solo,0,0,512,0,0,0.06338,657,0,0,0.02765
Run 3,Adrian Vale,23,solo,0,0,453,1,0,1.0,665,1,0,1.0
Run 3,Adrian Vale,23,solo,0,0,556,0,0,0.056962,660,0,0,0.036697
Run 3,Adrian Vale,23,solo,0,0,454,0,0,0.108333,635,0,0,0.035556
Run 3,Adrian Vale,23,solo,0,0,213,0,0,0.039604,645,0,0,0.045045
Run 3,Adrian Vale,23,joint,1,0,11,1,0,0.0,0,0,0,0.0
Run 3,Adrian Vale,23,solo,1,0,11,1,0,0.0,11,1,0,0.0
Run 3,Adrian Vale,24,solo,0,0,453,1,0,1.0,687,0,0,0.75188
Run 3,Adrian Vale,24,solo,0,0,356,0,0,0.106383,600,0,0,0.042857
Run 3,Adrian Vale,24,solo,0,0,334,0,0,0.118812,635,0,0,0.04902
Run 3,Adrian Vale,24,solo,0,0,290,0,0,0.046729,597,0,0,0.03125
Run 3,Adrian Vale,24,joint,1,0,11,1,0,0.0,0,0,0,0.0
Run 3,Adrian Vale,24,solo,0,0,388,0,0,0.022556,747,0,0,0.04
Run 3,Adrian Vale,24,solo,0,0,453,1,0,1.0,687,1,0,1.0
Run 3,Adrian Vale,24,solo,0,0,466,0,0,0.014925,623,0,0,0.035242
Run 3,Adrian Vale,24,solo,0,0,445,0,0,0.10219,730,0,0,0.023256
Run 3,Adrian Vale,24,solo,0,0,259,0,0,0.27381,756,0,0,0.026786
Run 3,Adrian Vale,24,solo,0,0,453,1,0,1.0,687,1,0,1.0
Run 3,Adrian Vale,24,solo,0,0,452,0,0,0.072727,740,0,0,0.093333
Run 3,Adrian Vale,24,solo,0,0,526,0,0,0.06015,785,0,0,0.05
Run 3,Adrian Vale,24,solo,0,0,257,0,0,0.084507,575,0,0,0.055838
Run 3,Adrian Vale,24,solo,0,0,453,1,0,1.0,687,1,0,1.0
Run 3,Adrian Vale,24,solo,0,0,337,0,0,0.011765,611,0,0,0.022472
Run 3,Adrian Vale,24,solo,0,0,350,0,0,0.112245,584,0,0,0.033981
Run 3,Adrian Vale,24,solo,0,0,368,0,0,0.087912,557,0,0,0.04
Run 3,Adrian Vale,25,joint,0,0,396,0,0,0.0,555,0,0,0.0
Run 3,Adrian Vale,25,solo,0,0,356,0,0,0.033058,637,0,0,0.030612
Run 3,Adrian Vale,25,solo,0,0,453,1,0,1.0,639,0,0,0.742188
Run 3,Adrian Vale,25,solo,0,0,350,0,0,0.141304,548,0,0,0.027027
Run 3,Adrian Vale,25,solo,0,0,394,0,0,0.039604,645,0,0,0.008511
Run 3,Adrian Vale,25,solo,0,0,336,0,0,0.176471,634,0,0,0.087805
Run 3,Adrian Vale,25,joint,1,0,11,1,0,0.0,0,0,0,0.0
Run 3,Adrian Vale,25,solo,0,0,453,1,0,1.0,639,1,0,1.0
Run 3,Adrian Vale,25,solo,0,0,453,1,0,1.0,639,1,0,1.0
Run 3,Adrian Vale,25,solo,0,0,320,0,0,0.103448,670,0,0,0.050691
Run 3,Adrian Vale,25,solo,0,0,362,0,0,0.09434,591,0,0,0.069767
Run 3,Adrian Vale,25,solo,0,0,367,0,0,0.049587,659,0,0,0.04661
Run 3,Adrian Vale,25,solo,0,0,453,1,0,1.0,639,1,0,1.0
Run 3,Adrian Vale,25,solo,0,0,393,0,0,0.048387,727,0,0,0.027523
Run 3,Adrian Vale,25,solo,0,0,392,0,0,0.068966,824,0,0,0.039855
Run 3,Adrian Vale,25,solo,0,0,373,0,0,0.252874,657,0,0,0.046948
Run 3,Adrian Vale,26,solo,0,0,453,1,0,1.0,643,0,0,0.753968
Run 3,Adrian Vale,26,solo,0,0,401,0,0,0.030769,690,0,0,0.032558
Run 3,Adrian Vale,26,solo,0,0,390,0,0,0.070175,644,0,0,0.014778
Run 3,Adrian Vale,26,solo,0,0,253,0,0,0.232143,573,0,0,0.016575
Run 3,Adrian Vale,26,solo,0,0,453,1,0,1.0,643,1,0,1.0
Run 3,Adrian Vale,26,solo,0,0,396,0,0,0.04,551,0,0,0.015625
Run 3,Adrian Vale,26,solo,0,0,354,0,0,0.107843,652,0,0,0.031746
Run 3,Adrian Vale,26,solo,0,0,427,0,0,0.102804,607,0,0,0.043689
Run 3,Adrian Vale,26,joint,1,0,11,1,0,0.0,0,0,0,0.0
Run 3,Adrian Vale,26,solo,0,0,452,0,0,0.081481,662,0,0,0.503067
Run 3,Adrian Vale,26,solo,0,0,453,1,0,1.0,643,1,0,1.0
Run 3,Adrian Vale,26,solo,0,0,318,0,0,0.043478,612,0,0,0.037037
Run 3,Adrian Vale,26,solo,0,0,453,0,0,0.115385,609,0,0,0.056122
Run 3,Adrian Vale,26,solo,0,0,416,0,0,0.113208,725,0,0,0.024194
Run 3,Adrian Vale,26,solo,0,0,453,1,0,1.0,643,1,0,1.0
Run 3,Adrian Vale,26,solo,0,0,339,0,0,0.051282,718,0,0,0.044053
Run 3,Adrian Vale,26,solo,0,0,253,0,0,0.088889,647,0,0,0.036364
Run 3,Adrian Vale,26,solo,0,0,293,0,0,0.342857,699,0,0,0.060241
Run 3,Adrian Vale,27,solo,0,0,453,1,0,1.0,728,0,0,0.650685
Run 3,Adrian Vale,27,solo,0,0,373,0,0,0.099099,566,0,0,0.028986
Run 3,Adrian Vale,27,solo,0,0,464,0,0,0.040816,627,0,0,0.057692
Run 3,Adrian Vale,27,solo,0,0,428,0,0,0.110092,742,0,0,0.036885
Run 3,Adrian Vale,27,joint,1,0,11,1,0,0.0,0,0,0,0.0
Run 3,Adrian Vale,27,solo,0,0,453,1,0,1.0,728,1,0,1.0
Run 3,Adrian Vale,27,solo,0,0,453,1,0,1.0,728,1,0,1.0
Run 3,Adrian Vale,27,solo,0,0,375,0,0,0.109375,544,0,0,0.035897
Run 3,Adrian Vale,27,solo,0,0,217,0,0,0.093333,688,0,0,0.047393
Run 3,Adrian Vale,27,solo,0,0,280,0,0,0.098039,527,0,0,0.039216
Run 3,Adrian Vale,27,joint,1,0,11,1,0,0.0,0,0,0,0.0
Run 3,Adrian Vale,27,solo,0,0,453,1,0,1.0,728,1,0,1.0
Run 3,Adrian Vale,27,solo,0,0,453,1,0,1.0,728,1,0,1.0
Run 3,Adrian Vale,27,solo,0,0,406,0,0,0.175258,572,0,0,0.053191
Run 3,Adrian Vale,27,solo,0,0,487,0,0,0.07874,594,0,0,0.108808
Run 3,Adrian Vale,27,solo,0,0,320,0,0,0.191011,599,0,0,0.014151
Run 3,Adrian Vale,28,solo,0,0,453,1,0,1.0,646,0,0,0.730769
Run 3,Adrian Vale,28,solo,0,0,335,0,0,0.358025,603,0,0,0.04902
Run 3,Adrian Vale,28,solo,0,0,408,0,0,0.055046,609,0,0,0.067265
Run 3,Adrian Vale,28,solo,0,0,367,0,0,0.131868,643,0,0,0.034653
Run 3,Adrian Vale,28,solo,0,0,453,1,0,1.0,646,1,0,1.0
Run 3,Adrian Vale,28,solo,0,0,342,0,0,0.102041,879,0,0,0.043165
Run 3,Adrian Vale,28,solo,0,0,406,0,0,0.081081,636,0,0,0.051643
Run 3,Adrian Vale,28,solo,0,0,362,0,0,0.059829,658,0,0,0.067961
Run 3,Adrian Vale,28,joint,1,0,11,1,0,0.0,0,0,0,0.0
Run 3,Adrian Vale,28,solo,0,0,453,1,0,1.0,646,1,0,1.0
Run 3,Adrian Vale,28,solo,0,0,453,1,0,1.0,646,1,0,1.0
Run 3,Adrian Vale,28,solo,0,0,319,0,0,0.095745,580,0,0,0.068493
Run 3,Adrian Vale,28,solo,0,0,447,0,0,0.048387,819,0,0,0.034632
Run 3,Adrian Vale,28,solo,0,0,444,0,0,0.064,767,0,0,0.095238
Run 3,Adrian Vale,28,solo,1,0,453,1,0,1.0,11,1,0,0.0
Run 3,Adrian Vale,28,solo,0,0,315,0,0,0.116505,485,0,0,0.077778
Run 3,Adrian Vale,28,solo,0,0,393,0,0,0.068966,591,0,0,0.058537
Run 3,Adrian Vale,28,solo,0,0,349,0,0,0.125,754,0,0,0.038627
Run 3,Adrian Vale,29,solo,0,0,453,1,0,1.0,670,0,0,0.673913
Run 3,Adrian Vale,29,solo,0,0,427,0,0,0.036496,552,0,0,0.100503
Run 3,Adrian Vale,29,solo,0,0,535,0,0,0.020979,696,0,0,0.031111
Run 3,Adrian Vale,29,solo,0,0,361,0,0,0.030303,658,0,0,0.011905
Run 3,Adrian Vale,29,solo,0,0,453,1,0,1.0,670,1,0,1.0
Run 3,Adrian Vale,29,solo,0,0,512,0,0,0.067669,688,0,0,0.042654
Run 3,Adrian Vale,29,solo,0,0,404,0,0,0.055556,687,0,0,0.052133
Run 3,Adrian Vale,29,solo,0,0,324,0,0,0.111111,878,0,0,0.040146
Run 3,Adrian Vale,29,joint,1,0,11,1,0,0.0,0,0,0,0.0
Run 3,Adrian Vale,29,solo,0,0,453,1,0,1.0,670,1,0,1.0
Run 3,Adrian Vale,29,solo,0,0,453,1,0,1.0,670,1,0,1.0
Run 3,Adrian Vale,29,solo,0,0,347,0,0,0.066038,619,0,0,0.049505
Run 3,Adrian Vale,29,solo,0,0,465,0,0,0.056,606,0,0,0.024038
Run 3,Adrian Vale,29,solo,0,0,260,0,0,0.352113,571,0,0,0.069892
Run 3,Adrian Vale,29,solo,0,0,453,1,0,1.0,670,1,0,1.0
Run 3,Adrian Vale,29,solo,0,0,432,0,0,0.099291,722,0,0,0.042194
Run 3,Adrian Vale,29,solo,0,0,357,0,0,0.097561,718,0,0,0.080952
Run 3,Adrian Vale,29,solo,0,0,316,0,0,0.186047,566,0,0,0.052381
Run 3,Adrian Vale,30,solo,0,0,445,0,0,0.786517,673,0,1,0.832
Run 3,Adrian Vale,30,solo,0,0,361,0,0,0.076923,681,0,0,0.066667
Run 3,Adrian Vale,30,solo,0,0,404,0,0,0.121495,763,0,0,0.045267
Run 3,Adrian Vale,30,solo,0,0,317,0,0,0.302632,588,0,0,0.039604
Run 3,Adrian Vale,30,joint,1,0,11,1,0,0.0,0,0,0,0.0
Run 3,Adrian Vale,30,solo,0,0,447,0,1,0.95122,673,1,0,1.0
Run 3,Adrian Vale,30,solo,0,0,445,1,0,1.0,673,1,0,1.0
Run 3,Adrian Vale,30,solo,0,0,309,0,0,0.030928,675,0,0,0.027273
Run 3,Adrian Vale,30,solo,0,0,385,0,0,0.108108,594,0,0,0.031088
Run 3,Adrian Vale,30,solo,0,0,341,0,0,0.222222,831,0,0,0.042636
Run 3,Adrian Vale,30,solo,0,0,445,1,0,1.0,752,0,0,0.244019
Run 3,Adrian Vale,30,solo,0,0,329,0,0,0.04,657,0,0,0.023474
Run 3,Adrian Vale,30,solo,0,0,340,0,0,0.053571,627,0,0,0.030973
Run 3,Adrian Vale,30,solo,0,0,383,0,0,0.138298,755,0,0,0.024896
Run 3,Adrian Vale,30,joint,1,0,11,1,0,0.0,0,0,0,0.0
Run 3,Adrian Vale,30,solo,1,0,11,1,0,0.0,11,1,0,0.0
Run 3,Adrian Vale,31,solo,0,0,445,1,0,1.0,716,0,0,0.544872
Run 3,Adrian Vale,31,solo,0,0,288,0,0,0.052632,600,0,0,0.033333
Run 3,Adrian Vale,31,solo,0,0,331,0,0,0.061856,526,0,0,0.036649
Run 3,Adrian Vale,31,solo,0,0,393,0,0,0.235955,841,0,0,0.075697
Run 3,Adrian Vale,31,joint,1,0,11,1,0,0.0,0,0,0,0.0
Run 3,Adrian Vale,31,solo,0,0,445,1,0,1.0,716,1,0,1.0
Run 3,Adrian Vale,31,solo,0,0,386,0,0,0.701149,663,0,0,0.235577
Run 3,Adrian Vale,31,solo,0,0,575,0,0,0.054264,643,0,0,0.060748
Run 3,Adrian Vale,31,solo,0,0,414,0,0,0.041322,805,0,0,0.059829
Run 3,Adrian Vale,31,solo,0,0,343,0,0,0.171053,698,0,0,0.057018
Run 3,Adrian Vale,31,joint,1,0,11,1,0,0.0,0,0,0,0.0
Run 3,Adrian Vale,31,solo,0,0,386,1,0,1.0,663,1,0,1.0
Run 3,Adrian Vale,31,solo,0,0,386,1,0,1.0,716,1,0,1.0
Run 3,Adrian Vale,31,solo,0,0,310,0,0,0.11828,505,0,0,0.030612
Run 3,Adrian Vale,31,solo,0,0,394,0,0,0.041322,610,0,0,0.033019
Run 3,Adrian Vale,31,solo,0,0,351,0,0,0.088235,582,0,0,0.048649
Run 3,Adrian Vale,32,solo,0,0,445,1,0,1.0,706,0,0,0.577381
Run 3,Adrian Vale,32,solo,0,0,457,0,0,0.040323,581,0,0,0.050459
Run 3,Adrian Vale,32,solo,0,0,289,0,0,0.105263,664,0,0,0.055046
Run 3,Adrian Vale,32,solo,0,0,454,0,0,0.109244,687,0,0,0.037383
Run 3,Adrian Vale,32,joint,0,0,373,0,0,0.0,518,0,0,0.0
Run 3,Adrian Vale,32,solo,0,0,445,1,0,1.0,706,1,0,1.0
Run 3,Adrian Vale,32,solo,0,0,386,1,0,1.0,706,1,0,1.0
Run 3,Adrian Vale,32,solo,0,0,367,0,0,0.099174,551,0,0,0.105556
Run 3,Adrian Vale,32,solo,0,0,399,0,0,0.051471,542,0,0,0.01
Run 3,Adrian Vale,32,solo,0,0,287,0,0,0.107527,856,0,0,0.045643
Run 3,Adrian Vale,32,solo,0,0,445,1,0,1.0,706,1,0,1.0
Run 3,Adrian Vale,32,solo,0,0,400,0,0,0.134021,563,0,0,0.061538
Run 3,Adrian Vale,32,solo,0,0,301,0,0,0.082353,585,0,0,0.042453
Run 3,Adrian Vale,32,solo,0,0,315,0,0,0.045455,634,0,0,0.043478
Run 3,Adrian Vale,32,solo,1,0,11,1,0,0.0,11,1,0,0.0
Run 3,Adrian Vale,32,solo,0,0,325,0,0,0.022222,522,0,0,0.037383
Run 3,Adrian Vale,32,solo,0,0,373,0,0,0.106195,686,0,0,0.052632
Run 3,Adrian Vale,32,solo,0,0,447,0,0,0.023256,657,0,0,0.018868
Run 3,Adrian Vale,33,solo,0,0,445,1,0,1.0,712,0,0,0.625767
Run 3,Adrian Vale,33,solo,0,0,428,0,0,0.039216,493,0,0,0.039409
Run 3,Adrian Vale,33,solo,0,0,490,0,0,0.058824,657,0,0,0.027907
Run 3,Adrian Vale,33,solo,0,0,351,0,0,0.201923,664,0,0,0.048309
Run 3,Adrian Vale,33,solo,0,0,445,1,0,1.0,712,1,0,1.0
Run 3,Adrian Vale,33,solo,0,0,387,0,0,0.095238,724,0,0,0.055319
Run 3,Adrian Vale,33,solo,0,0,389,0,0,0.068966,743,0,0,0.040541
Run 3,Adrian Vale,33,solo,0,0,310,0,0,0.129032,595,0,0,0.035
Run 3,Adrian Vale,33,joint,1,0,11,1,0,0.0,0,0,0,0.0
Run 3,Adrian Vale,33,solo,0,0,445,1,0,1.0,712,1,0,1.0
Run 3,Adrian Vale,33,solo,0,0,445,1,0,1.0,739,0,1,0.914894
Run 3,Adrian Vale,33,solo,0,0,320,0,0,0.074074,676,0,0,0.068493
Run 3,Adrian Vale,33,solo,0,0,381,0,0,0.118812,636,0,0,0.060345
Run 3,Adrian Vale,33,solo,0,0,327,0,0,0.265823,690,0,0,0.086614
Run 3,Adrian Vale,33,solo,1,0,11,1,0,0.0,11,1,0,0.0
Run 3,Adrian Vale,33,solo,0,0,413,0,0,0.026087,590,0,0,0.016949
Run 3,Adrian Vale,33,solo,0,0,513,0,0,0.046875,655,0,0,0.024793
Run 3,Adrian Vale,33,solo,0,0,323,0,0,0.051546,675,0,0,0.028571
Run 3,Adrian Vale,34,solo,0,0,427,0,0,0.752809,674,0,0,0.595092
Run 3,Adrian Vale,34,solo,0,0,329,0,0,0.119565,646,0,0,0.078947
Run 3,Adrian Vale,34,solo,0,0,367,0,0,0.034188,572,0,0,0.02
Run 3,Adrian Vale,34,solo,0,0,322,0,0,0.289157,676,0,0,0.043902
Run 3,Adrian Vale,34,joint,1,0,11,1,0,0.0,0,0,0,0.0
Run 3,Adrian Vale,34,solo,0,0,434,0,1,0.804598,674,1,0,1.0
Run 3,Adrian Vale,34,solo,0,0,445,1,0,1.0,674,1,0,1.0
Run 3,Adrian Vale,34,solo,0,0,403,0,0,0.061069,606,0,0,0.041451
Run 3,Adrian Vale,34,solo,0,0,311,0,0,0.106667,693,0,0,0.028169
Run 3,Adrian Vale,34,solo,0,0,393,0,0,0.11236,649,0,0,0.058824
Run 3,Adrian Vale,34,solo,0,0,434,1,0,1.0,674,1,0,1.0
Run 3,Adrian Vale,34,solo,0,0,309,0,0,0.067227,574,0,0,0.031532
Run 3,Adrian Vale,34,solo,0,0,355,0,0,0.054545,626,0,0,0.018349
Run 3,Adrian Vale,34,solo,0,0,412,0,0,0.03937,589,0,0,0.048544
Run 3,Adrian Vale,34,solo,1,0,445,1,0,1.0,11,1,0,0.0
Run 3,Adrian Vale,34,solo,0,0,285,0,0,0.146341,586,0,0,0.037736
Run 3,Adrian Vale,34,solo,0,0,337,0,0,0.064516,665,0,0,0.053812
Run 3,Adrian Vale,34,solo,0,0,232,0,0,0.135135,517,0,0,0.028986
Run 3,Adrian Vale,35,solo,0,0,390,0,1,0.805195,560,0,0,0.095455
Run 3,Adrian Vale,35,solo,0,0,391,0,0,0.080357,576,0,0,0.090361
Run 3,Adrian Vale,35,solo,0,0,398,0,0,0.023077,694,0,0,0.066946
Run 3,Adrian Vale,35,solo,0,0,381,0,0,0.066667,700,0,0,0.067961
Run 3,Adrian Vale,35,joint,1,0,11,1,0,0.0,0,0,0,0.0
Run 3,Adrian Vale,35,solo,0,0,406,0,0,0.775,560,1,0,1.0
Run 3,Adrian Vale,35,solo,0,0,445,1,0,1.0,739,0,0,0.516667
Run 3,Adrian Vale,35,solo,0,0,381,0,0,0.047619,669,0,0,0.031532
Run 3,Adrian Vale,35,solo,0,0,418,0,0,0.03252,901,0,0,0.023438
Run 3,Adrian Vale,35,solo,0,0,382,0,0,0.091667,753,0,0,0.055556
Run 3,Adrian Vale,35,solo,0,0,404,0,0,0.764706,739,1,0,1.0
Run 3,Adrian Vale,35,solo,0,0,369,0,0,0.057692,645,0,0,0.034314
Run 3,Adrian Vale,35,solo,0,0,511,0,0,0.051613,586,0,0,0.058252
Run 3,Adrian Vale,35,solo,0,0,343,0,0,0.163462,629,0,0,0.022222
Run 3,Adrian Vale,35,solo,1,0,11,1,0,0.0,11,1,0,0.0
Run 3,Adrian Vale,35,solo,0,0,394,0,0,0.066116,639,0,0,0.043668
Run 3,Adrian Vale,35,solo,0,0,374,0,0,0.110092,530,0,0,0.075758
Run 3,Adrian Vale,35,solo,0,0,413,0,0,0.060345,695,0,0,0.082927
Run 3,Adrian Vale,36,solo,0,0,381,0,0,0.623529,778,0,0,0.672515
Run 3,Adrian Vale,36,solo,0,0,334,0,0,0.042553,715,0,0,0.078603
Run 3,Adrian Vale,36,solo,0,0,316,0,0,0.119048,546,0,0,0.083333
Run 3,Adrian Vale,36,solo,0,0,408,0,0,0.119266,607,0,0,0.066667
Run 3,Adrian Vale,36,joint,1,0,11,1,0,0.0,0,0,0,0.0
Run 3,Adrian Vale,36,solo,0,0,389,0,0,0.053571,663,0,0,0.048309
Run 3,Adrian Vale,36,solo,0,0,401,0,1,0.883117,805,0,1,0.921569
Run 3,Adrian Vale,36,solo,0,0,383,0,0,0.037594,554,0,0,0.041096
Run 3,Adrian Vale,36,solo,0,0,565,0,0,0.078014,1260,0,0,0.047923
Run 3,Adrian Vale,36,solo,0,0,392,0,0,0.071429,697,0,0,0.038462
Run 3,Adrian Vale,36,solo,0,0,390,1,0,1.0,778,1,0,1.0
Run 3,Adrian Vale,36,solo,0,0,309,0,0,0.010309,634,0,0,0.084906
Run 3,Adrian Vale,36,solo,0,0,397,0,0,0.04,614,0,0,0.078947
Run 3,Adrian Vale,36,solo,0,0,377,0,0,0.045455,661,0,0,0.085308
Run 3,Adrian Vale,36,joint,1,0,11,1,0,0.0,0,0,0,0.0
Run 3,Adrian Vale,36,solo,1,0,11,1,0,0.0,11,1,0,0.0
Run 3,Adrian Vale,37,solo,0,0,380,0,0,0.229358,1066,0,0,0.399123
Run 3,Adrian Vale,37,solo,0,0,302,0,0,0.063636,683,0,0,0.026667
Run 3,Adrian Vale,37,solo,0,0,369,0,0,0.074766,761,0,0,0.04065
Run 3,Adrian Vale,37,solo,0,0,346,0,0,0.046296,603,0,0,0.051282
Run 3,Adrian Vale,37,joint,1,0,11,1,0,0.0,0,0,0,0.0
Run 3,Adrian Vale,37,solo,0,0,410,0,0,0.7375,737,0,0,0.571429
Run 3,Adrian Vale,37,solo,0,0,410,1,0,1.0,737,1,0,1.0
Run 3,Adrian Vale,37,solo,0,0,293,0,0,0.043011,510,0,0,0.02
Run 3,Adrian Vale,37,solo,0,0,359,0,0,0.079646,786,0,0,0.031532
Run 3,Adrian Vale,37,solo,0,0,307,0,0,0.20202,766,0,0,0.044643
Run 3,Adrian Vale,37,solo,0,0,385,0,1,0.815789,737,1,0,1.0
Run 3,Adrian Vale,37,solo,0,0,452,0,0,0.036232,656,0,0,0.0625
Run 3,Adrian Vale,37,solo,0,0,481,0,0,0.053571,781,0,0,0.035088
Run 3,Adrian Vale,37,solo,0,0,411,0,0,0.169492,586,0,0,0.028846
Run 3,Adrian Vale,37,solo,1,0,385,1,0,1.0,11,1,0,0.0
Run 3,Adrian Vale,37,solo,0,0,372,0,0,0.055556,685,0,0,0.045045
Run 3,Adrian Vale,37,solo,0,0,454,0,0,0.075342,784,0,0,0.013514
Run 3,Adrian Vale,37,solo,0,0,386,0,0,0.121212,788,0,0,0.048
Run 3,Adrian Vale,38,solo,0,0,379,0,0,0.547945,765,0,0,0.047393
Run 3,Adrian Vale,38,solo,0,0,358,0,0,0.055046,546,0,0,0.064171
Run 3,Adrian Vale,38,solo,0,0,424,0,0,0.094828,683,0,0,0.045267
Run 3,Adrian Vale,38,solo,0,0,335,0,0,0.052174,723,0,0,0.045045
Run 3,Adrian Vale,38,solo,0,0,385,1,0,1.0,718,0,0,0.564935
Run 3,Adrian Vale,38,solo,0,0,470,0,0,0.035971,573,0,0,0.056522
Run 3,Adrian Vale,38,solo,0,0,417,0,0,0.030303,651,0,0,0.038278
Run 3,Adrian Vale,38,solo,0,0,455,0,0,0.068182,707,0,0,0.04878
Run 3,Adrian Vale,38,joint,1,0,11,1,0,0.0,0,0,0,0.0
Run 3,Adrian Vale,38,solo,0,0,385,1,0,1.0,718,1,0,1.0
Run 3,Adrian Vale,38,solo,0,0,385,1,0,1.0,718,1,0,1.0
Run 3,Adrian Vale,38,solo,0,0,574,0,0,0.018987,661,0,0,0.051402
Run 3,Adrian Vale,38,solo,0,0,265,0,0,0.032609,723,0,0,0.019685
Run 3,Adrian Vale,38,solo,0,0,318,0,0,0.105263,702,0,0,0.051064
Run 3,Adrian Vale,38,joint,1,0,11,1,0,0.0,0,0,0,0.0
Run 3,Adrian Vale,38,solo,1,0,426,0,0,0.714286,11,1,0,0.0
Run 3,Adrian Vale,39,solo,0,0,385,1,0,1.0,655,0,0,0.575
Run 3,Adrian Vale,39,solo,0,0,321,0,0,0.107438,686,0,0,0.036036
Run 3,Adrian Vale,39,solo,0,0,497,0,0,0.0625,698,0,0,0.049057
Run 3,Adrian Vale,39,solo,0,0,344,0,0,0.179775,607,0,0,0.084158
Run 3,Adrian Vale,39,solo,0,0,385,1,0,1.0,655,1,0,1.0
Run 3,Adrian Vale,39,solo,0,0,321,0,0,0.119565,569,0,0,0.05102
Run 3,Adrian Vale,39,solo,0,0,277,0,0,0.102041,556,0,0,0.143713
Run 3,Adrian Vale,39,solo,0,0,406,0,0,0.165049,694,0,0,0.04386
Run 3,Adrian Vale,39,joint,1,0,11,1,0,0.0,0,0,0,0.0
Run 3,Adrian Vale,39,solo,0,0,385,1,0,1.0,655,1,0,1.0
Run 3,Adrian Vale,39,solo,0,0,385,1,0,1.0,655,1,0,1.0
Run 3,Adrian Vale,39,solo,0,0,320,0,0,0.095745,630,0,0,0.036842
Run 3,Adrian Vale,39,solo,0,0,380,0,0,0.04717,544,0,0,0.05291
Run 3,Adrian Vale,39,solo,0,0,365,0,0,0.183673,787,0,0,0.020161
Run 3,Adrian Vale,39,solo,0,0,385,1,0,1.0,748,0,0,0.733333
Run 3,Adrian Vale,39,solo,0,0,308,0,0,0.04,577,0,0,0.014634
Run 3,Adrian Vale,39,solo,0,0,381,0,0,0.052632,536,0,0,0.076023
Run 3,Adrian Vale,39,solo,0,0,449,0,0,0.102941,609,0,0,0.020619
Run 3,Adrian Vale,40,solo,0,0,535,0,0,0.731183,504,0,0,0.058824
Run 3,Adrian Vale,40,solo,0,0,422,0,0,0.102362,620,0,0,0.066986
Run 3,Adrian Vale,40,solo,0,0,414,0,0,0.058442,705,0,0,0.004878
Run 3,Adrian Vale,40,solo,0,0,348,0,0,0.18018,621,0,0,0.06383
Run 3,Adrian Vale,40,joint,1,0,11,1,0,0.0,0,0,0,0.0
Run 3,Adrian Vale,40,solo,0,0,385,1,0,1.0,628,0,0,0.63871
Run 3,Adrian Vale,40,solo,0,0,385,1,0,1.0,645,0,1,0.91129
Run 3,Adrian Vale,40,solo,0,0,364,0,0,0.028571,707,0,0,0.042017
Run 3,Adrian Vale,40,solo,0,0,505,0,0,0.049645,621,0,0,0.039216
Run 3,Adrian Vale,40,solo,0,0,371,0,0,0.15625,630,0,0,0.055085
Run 3,Adrian Vale,40,solo,0,0,385,1,0,1.0,629,0,1,0.895161
Run 3,Adrian Vale,40,solo,0,0,456,0,0,0.059259,587,0,0,0.067797
Run 3,Adrian Vale,40,solo,0,0,477,0,0,0.067227,626,0,0,0.037736
Run 3,Adrian Vale,40,solo,0,0,374,0,0,0.151786,611,0,0,0.070093
Run 3,Adrian Vale,40,joint,1,0,11,1,0,0.0,0,0,0,0.0
Run 3,Adrian Vale,40,solo,1,0,11,1,0,0.0,11,1,0,0.0
Run 3,Adrian Vale,41,solo,0,0,385,1,0,1.0,697,0,0,0.722222
Run 3,Adrian Vale,41,solo,0,0,331,0,0,0.09322,610,0,0,0.030837
Run 3,Adrian Vale,41,solo,0,0,547,0,0,0.048387,739,0,0,0.050691
Run 3,Adrian Vale,41,solo,0,0,301,0,0,0.120879,529,0,0,0.08427
Run 3,Adrian Vale,41,joint,1,0,11,1,0,0.0,0,0,0,0.0
Run 3,Adrian Vale,41,solo,0,0,461,0,1,0.839506,697,1,0,1.0
Run 3,Adrian Vale,41,solo,0,0,385,1,0,1.0,697,1,0,1.0
Run 3,Adrian Vale,41,solo,0,0,292,0,0,0.065934,741,0,0,0.086294
Run 3,Adrian Vale,41,solo,0,0,614,0,0,0.06,592,0,0,0.064865
Run 3,Adrian Vale,41,solo,0,0,482,0,0,0.140741,532,0,0,0.082927
Run 3,Adrian Vale,41,solo,0,0,461,1,0,1.0,697,1,0,1.0
Run 3,Adrian Vale,41,solo,0,0,316,0,0,0.125,563,0,0,0.047368
Run 3,Adrian Vale,41,solo,0,0,412,0,0,0.095238,757,0,0,0.064935
Run 3,Adrian Vale,41,solo,0,0,426,0,0,0.034188,635,0,0,0.050761
Run 3,Adrian Vale,41,joint,1,0,11,1,0,0.0,0,0,0,0.0
Run 3,Adrian Vale,41,solo,1,0,11,1,0,0.0,11,1,0,0.0
Run 3,Adrian Vale,42,solo,0,0,441,0,0,0.464646,565,0,0,0.717557
Run 3,Adrian Vale,42,solo,0,0,374,0,0,0.058824,562,0,0,0.050562
Run 3,Adrian Vale,42,solo,0,0,382,0,0,0.061947,661,0,0,0.055794
Run 3,Adrian Vale,42,solo,0,0,455,0,0,0.051852,606,0,0,0.038462
Run 3,Adrian Vale,42,joint,1,0,11,1,0,0.0,0,0,0,0.0
Run 3,Adrian Vale,42,solo,0,0,534,0,0,0.737374,754,0,0,0.748252
Run 3,Adrian Vale,42,solo,0,0,493,0,1,0.858586,754,1,0,1.0
Run 3,Adrian Vale,42,solo,0,0,336,0,0,0.04,561,0,0,0.052083
Run 3,Adrian Vale,42,solo,0,0,530,0,0,0.075862,641,0,0,0.027273
Run 3,Adrian Vale,42,solo,0,0,373,0,0,0.049296,606,0,0,0.030837
Run 3,Adrian Vale,42,solo,0,0,449,0,0,0.469388,798,0,1,0.902597
Run 3,Adrian Vale,42,solo,0,0,349,0,0,0.12766,705,0,0,0.049107
Run 3,Adrian Vale,42,solo,0,0,487,0,0,0.088,759,0,0,0.054167
Run 3,Adrian Vale,42,solo,0,0,370,0,0,0.044643,576,0,0,0.047393
Run 3,Adrian Vale,42,joint,1,0,11,1,0,0.0,0,0,0,0.0
Run 3,Adrian Vale,42,solo,1,0,534,1,0,1.0,11,1,0,0.0
Run 3,Adrian Vale,43,solo,0,0,493,1,0,1.0,606,0,0,0.740157
Run 3,Adrian Vale,43,solo,0,0,327,0,0,0.041237,538,0,0,0.043062
Run 3,Adrian Vale,43,solo,0,0,425,0,0,0.045802,671,0,0,0.03
Run 3,Adrian Vale,43,solo,0,0,380,0,0,0.147826,683,0,0,0.039648
Run 3,Adrian Vale,43,joint,1,0,11,1,0,0.0,0,0,0,0.0
Run 3,Adrian Vale,43,solo,0,0,493,1,0,1.0,719,0,0,0.724138
Run 3,Adrian Vale,43,solo,0,0,493,1,0,1.0,719,1,0,1.0
Run 3,Adrian Vale,43,solo,0,0,286,0,0,0.243902,637,0,0,0.064356
Run 3,Adrian Vale,43,solo,0,0,260,0,0,0.044944,615,0,0,0.026786
Run 3,Adrian Vale,43,solo,0,0,297,0,0,0.19,714,0,0,0.03139
Run 3,Adrian Vale,43,solo,0,0,493,1,0,1.0,719,1,0,1.0
Run 3,Adrian Vale,43,solo,0,0,466,0,0,0.049383,612,0,0,0.057269
Run 3,Adrian Vale,43,solo,0,0,372,0,0,0.082474,734,0,0,0.046809
Run 3,Adrian Vale,43,solo,0,0,338,0,0,0.058824,618,0,0,0.048246
Run 3,Adrian Vale,43,joint,1,0,11,1,0,0.0,0,0,0,0.0
Run 3,Adrian Vale,43,solo,1,0,11,1,0,0.0,11,1,0,0.0
Run 3,Adrian Vale,44,joint,0,0,383,0,0,0.0,545,0,0,0.0
Run 3,Adrian Vale,44,solo,0,0,364,0,0,0.793651,734,0,0,0.511628
Run 3,Adrian Vale,44,solo,0,0,385,1,0,1.0,734,1,0,1.0
Run 3,Adrian Vale,44,solo,0,0,429,0,0,0.083916,598,0,0,0.054187
Run 3,Adrian Vale,44,solo,0,0,509,0,0,0.048611,660,0,0,0.033816
Run 3,Adrian Vale,44,solo,0,0,451,0,0,0.036496,665,0,0,0.050228
Run 3,Adrian Vale,44,joint,0,0,321,0,0,0.0,537,0,0,0.0
Run 3,Adrian Vale,44,solo,0,0,493,1,0,1.0,694,0,0,0.580645
Run 3,Adrian Vale,44,solo,0,0,385,1,0,1.0,694,1,0,1.0
Run 3,Adrian Vale,44,solo,0,0,310,0,0,0.079208,680,0,0,0.068182
Run 3,Adrian Vale,44,solo,0,0,297,0,0,0.081395,688,0,0,0.024691
Run 3,Adrian Vale,44,solo,0,0,349,0,0,0.02459,731,0,0,0.042636
Run 3,Adrian Vale,44,solo,0,0,385,1,0,1.0,734,1,0,1.0
Run 3,Adrian Vale,44,solo,0,0,360,0,0,0.1,783,0,0,0.022124
Run 3,Adrian Vale,44,solo,0,0,377,0,0,0.04,650,0,0,0.036697
Run 3,Adrian Vale,44,solo,0,0,389,0,0,0.052632,669,0,0,0.024096
Run 3,Adrian Vale,45,solo,0,0,405,0,0,0.070866,569,0,0,0.051282
Run 3,Adrian Vale,45,solo,0,0,351,0,0,0.074766,539,0,0,0.051282
Run 3,Adrian Vale,45,solo,0,0,373,0,0,0.0,654,0,0,0.075117
Run 3,Adrian Vale,45,solo,0,0,465,0,0,0.032895,972,0,0,0.043137
Run 3,Adrian Vale,45,joint,1,0,11,1,0,0.0,0,0,0,0.0
Run 3,Adrian Vale,45,solo,0,0,414,0,0,0.54023,581,0,0,0.651515
Run 3,Adrian Vale,45,solo,0,0,424,0,0,0.113636,972,1,0,1.0
Run 3,Adrian Vale,45,solo,0,0,375,0,0,0.088496,631,0,0,0.063107
Run 3,Adrian Vale,45,solo,0,0,525,0,0,0.069231,827,0,0,0.059289
Run 3,Adrian Vale,45,solo,0,0,384,0,0,0.074766,767,0,0,0.025641
Run 3,Adrian Vale,45,joint,1,0,11,1,0,0.0,0,0,0,0.0
Run 3,Adrian Vale,45,solo,0,0,370,0,0,0.053846,768,0,1,0.835616
Run 3,Adrian Vale,45,solo,0,0,426,0,1,0.944444,700,0,0,0.566879
Run 3,Adrian Vale,45,solo,0,0,490,0,0,0.102041,628,0,0,0.020619
Run 3,Adrian Vale,45,solo,0,0,363,0,0,0.060606,722,0,0,0.048035
Run 3,Adrian Vale,45,solo,0,0,527,0,0,0.006173,645,0,0,0.047009
Run 3,Adrian Vale,46,joint,0,0,408,0,0,0.0,636,0,0,0.0
Run 3,Adrian Vale,46,solo,0,0,370,1,0,1.0,754,0,0,0.480226
Run 3,Adrian Vale,46,solo,0,0,399,0,0,0.116667,591,0,0,0.385135
Run 3,Adrian Vale,46,solo,0,0,285,0,0,0.164835,678,0,0,0.032258
Run 3,Adrian Vale,46,solo,0,0,549,0,0,0.051471,791,0,0,0.045249
Run 3,Adrian Vale,46,solo,0,0,361,0,0,0.025424,615,0,0,0.033175
Run 3,Adrian Vale,46,joint,1,0,11,1,0,0.0,0,0,0,0.0
Run 3,Adrian Vale,46,solo,0,0,402,0,1,0.846154,615,0,0,0.42
Run 3,Adrian Vale,46,solo,0,0,691,0,0,0.40625,621,0,0,0.62406
Run 3,Adrian Vale,46,solo,0,0,394,0,0,0.195402,700,0,0,0.071111
Run 3,Adrian Vale,46,solo,0,0,324,0,0,0.066667,740,0,0,0.036437
Run 3,Adrian Vale,46,solo,0,0,344,0,0,0.114583,775,0,0,0.051282
Run 3,Adrian Vale,46,solo,0,0,803,0,0,0.298137,621,1,0,1.0
Run 3,Adrian Vale,46,solo,0,0,373,0,0,0.137255,569,0,0,0.046392
Run 3,Adrian Vale,46,solo,0,0,392,0,0,0.060606,725,0,0,0.038136
Run 3,Adrian Vale,46,solo,0,0,333,0,0,0.034483,506,0,0,0.076471
Run 3,Adrian Vale,47,solo,0,0,399,1,0,1.0,760,0,0,0.585987
Run 3,Adrian Vale,47,solo,0,0,400,0,0,0.048544,766,0,0,0.011236
Run 3,Adrian Vale,47,solo,0,0,360,0,0,0.066667,596,0,0,0.014085
Run 3,Adrian Vale,47,solo,0,0,335,0,0,0.085714,896,0,0,0.03937
Run 3,Adrian Vale,47,joint,1,0,11,1,0,0.0,0,0,0,0.0
Run 3,Adrian Vale,47,solo,0,0,401,0,1,0.875,838,0,0,0.607735
Run 3,Adrian Vale,47,solo,0,0,400,0,1,0.875,755,0,1,0.937063
Run 3,Adrian Vale,47,solo,0,0,427,0,0,0.053571,700,0,0,0.036735
Run 3,Adrian Vale,47,solo,0,0,377,0,0,0.085106,583,0,0,0.042453
Run 3,Adrian Vale,47,solo,0,0,320,0,0,0.037383,596,0,0,0.059783
Run 3,Adrian Vale,47,solo,0,0,399,1,0,1.0,755,1,0,1.0
Run 3,Adrian Vale,47,solo,0,0,325,0,0,0.091837,617,0,0,0.022523
Run 3,Adrian Vale,47,solo,0,0,336,0,0,0.03,772,0,0,0.0375
Run 3,Adrian Vale,47,solo,0,0,388,0,0,0.056604,678,0,0,0.097222
Run 3,Adrian Vale,47,joint,1,0,11,1,0,0.0,0,0,0,0.0
Run 3,Adrian Vale,47,solo,0,0,401,1,0,1.0,755,1,0,1.0
Run 3,Adrian Vale,48,joint,0,0,365,0,0,0.0,554,0,0,0.030928
Run 3,Adrian Vale,48,solo,0,0,369,0,0,0.233333,789,0,0,0.571429
Run 3,Adrian Vale,48,solo,0,0,316,0,0,0.329114,789,1,0,1.0
Run 3,Adrian Vale,48,solo,0,0,257,0,0,0.1,665,0,0,0.069767
Run 3,Adrian Vale,48,solo,0,0,343,0,0,0.02381,676,0,0,0.017391
Run 3,Adrian Vale,48,solo,0,0,310,0,0,0.134831,626,0,0,0.035354
Run 3,Adrian Vale,48,solo,0,0,327,0,0,0.548387,789,1,0,1.0
Run 3,Adrian Vale,48,solo,0,0,377,0,0,0.066667,678,0,0,0.012931
Run 3,Adrian Vale,48,solo,0,0,331,0,0,0.110169,479,0,0,0.089385
Run 3,Adrian Vale,48,solo,0,0,383,0,0,0.065693,595,0,0,0.014019
Run 3,Adrian Vale,48,solo,0,0,392,0,0,0.44,789,1,0,1.0
Run 3,Adrian Vale,48,solo,0,0,356,0,0,0.233333,659,0,0,0.016194
Run 3,Adrian Vale,48,solo,0,0,372,0,0,0.079208,719,0,0,0.036145
Run 3,Adrian Vale,48,solo,0,0,422,0,0,0.055556,633,0,0,0.058824
Run 3,Adrian Vale,48,solo,0,0,324,0,0,0.685185,789,1,0,1.0
Run 3,Adrian Vale,48,solo,0,0,393,0,0,0.093458,560,0,0,0.044554
Run 3,Adrian Vale,48,solo,0,0,444,0,0,0.075472,754,0,0,0.020747
Run 3,Adrian Vale,48,solo,0,0,416,0,0,0.066667,897,0,0,0.030534
Run 3,Adrian Vale,49,joint,1,0,11,1,0,0.0,0,0,0,0.0
Run 3,Adrian Vale,49,solo,0,0,326,0,1,0.803922,704,0,0,0.659574
Run 3,Adrian Vale,49,solo,0,0,328,0,1,0.82,704,1,0,1.0
Run 3,Adrian Vale,49,solo,0,0,309,0,0,0.070588,532,0,0,0.038961
Run 3,Adrian Vale,49,solo,0,0,368,0,0,0.147727,533,0,0,0.046632
Run 3,Adrian Vale,49,solo,0,0,360,0,0,0.028846,579,0,0,0.073059
Run 3,Adrian Vale,49,solo,0,0,324,1,0,1.0,704,1,0,1.0
Run 3,Adrian Vale,49,solo,0,0,371,0,0,0.102804,624,0,0,0.077295
Run 3,Adrian Vale,49,solo,0,0,426,0,0,0.073394,736,0,0,0.045045
Run 3,Adrian Vale,49,solo,0,0,409,0,0,0.108911,509,0,0,0.109756
Run 3,Adrian Vale,49,solo,0,0,324,1,0,1.0,704,1,0,1.0
Run 3,Adrian Vale,49,solo,0,0,379,0,0,0.055556,712,0,0,0.021368
Run 3,Adrian Vale,49,solo,0,0,321,0,0,0.141176,747,0,0,0.034934
Run 3,Adrian Vale,49,solo,0,0,337,0,0,0.137931,730,0,0,0.037736
Run 3,Adrian Vale,49,solo,1,0,11,1,0,0.0,11,1,0,0.0
Run 3,Adrian Vale,49,solo,0,0,264,0,0,0.010526,567,0,0,0.062147
Run 3,Adrian Vale,49,solo,0,0,404,0,0,0.107843,615,0,0,0.054187
Run 3,Adrian Vale,49,solo,0,0,293,0,0,0.054945,745,0,0,0.056338
Run 3,Adrian Vale,50,joint,0,0,553,0,0,0.0,672,0,0,0.004878
Run 3,Adrian Vale,50,solo,0,0,402,0,1,0.850746,883,0,0,0.444444
Run 3,Adrian Vale,50,solo,0,0,484,0,0,0.616279,883,1,0,1.0
Run 3,Adrian Vale,50,solo,0,0,365,0,0,0.25,653,0,0,0.027397
Run 3,Adrian Vale,50,solo,0,0,417,0,0,0.062992,712,0,0,0.083333
Run 3,Adrian Vale,50,solo,0,0,523,0,0,0.099174,594,0,0,0.069444
Run 3,Adrian Vale,50,joint,1,0,11,1,0,0.0,0,0,0,0.0
Run 3,Adrian Vale,50,solo,0,0,488,0,1,0.878049,883,1,0,1.0
Run 3,Adrian Vale,50,solo,0,0,525,0,1,0.950617,883,1,0,1.0
Run 3,Adrian Vale,50,solo,0,0,419,0,0,0.059829,651,0,0,0.018433
Run 3,Adrian Vale,50,solo,0,0,451,0,0,0.008929,656,0,0,0.022831
Run 3,Adrian Vale,50,solo,0,0,309,0,0,0.078431,707,0,0,0.04902
Run 3,Adrian Vale,50,solo,0,0,665,0,0,0.324324,883,1,0,1.0
Run 3,Adrian Vale,50,solo,0,0,339,0,0,0.072165,525,0,0,0.038043
Run 3,Adrian Vale,50,solo,0,0,453,0,0,0.062016,903,0,0,0.029197
Run 3,Adrian Vale,50,solo,0,0,418,0,0,0.035088,560,0,0,0.015625
Run 3,Adrian Vale,51,joint,1,1,11,1,0,0.0,0,0,0,0.0
Run 3,Adrian Vale,51,solo,0,1,336,0,0,0.039216,872,0,0,0.036585
Run 3,Alaric Voss,1,solo,0,0,438,0,0,0.0,627,0,0,0.0
Run 3,Alaric Voss,1,solo,0,0,283,0,0,0.0,625,0,0,0.0
Run 3,Alaric Voss,1,solo,0,0,302,0,0,0.017544,557,0,0,0.0
Run 3,Alaric Voss,1,solo,0,0,473,0,0,0.007874,692,0,0,0.018519
Run 3,Alaric Voss,1,solo,0,0,324,0,0,0.75,608,0,0,0.036199
Run 3,Alaric Voss,1,solo,0,0,295,0,0,0.101124,704,0,0,0.017021
Run 3,Alaric Voss,1,solo,0,0,342,0,0,0.029703,571,0,0,0.014085
Run 3,Alaric Voss,1,solo,0,0,360,0,0,0.0,554,0,0,0.004608
Run 3,Alaric Voss,1,joint,0,0,454,0,0,0.0,506,0,0,0.0
Run 3,Alaric Voss,1,solo,0,0,435,0,0,0.006098,687,0,0,0.004082
Run 3,Alaric Voss,1,solo,0,0,438,1,0,1.0,606,0,1,0.892562
Run 3,Alaric Voss,1,solo,0,0,295,0,0,0.043956,741,0,0,0.027149
Run 3,Alaric Voss,1,solo,0,0,414,0,0,0.028571,589,0,0,0.020408
Run 3,Alaric Voss,1,solo,0,0,361,0,0,0.017857,554,0,0,0.010309
Run 3,Alaric Voss,1,joint,0,0,414,0,0,0.0,520,0,0,0.064706
Run 3,Alaric Voss,1,solo,0,0,413,0,0,0.061947,529,0,0,0.029126
Run 3,Alaric Voss,2,solo,0,0,438,1,0,1.0,633,0,0,0.7
Run 3,Alaric Voss,2,solo,0,0,364,0,0,0.09901,653,0,0,0.009709
Run 3,Alaric Voss,2,solo,0,0,405,0,0,0.025424,651,0,0,0.004464
Run 3,Alaric Voss,2,solo,0,0,391,0,0,0.020548,492,0,0,0.011364
Run 3,Alaric Voss,2,joint,1,0,11,0,0,0.0,0,0,0,0.0
Run 3,Alaric Voss,2,solo,0,0,413,1,0,1.0,487,0,1,0.883721
Run 3,Alaric Voss,2,solo,0,0,438,1,0,1.0,758,0,0,0.593985
Run 3,Alaric Voss,2,solo,0,0,312,0,0,0.104167,554,0,0,0.045714
Run 3,Alaric Voss,2,solo,0,0,469,0,0,0.040984,610,0,0,0.013825
Run 3,Alaric Voss,2,solo,0,0,349,0,0,0.090164,563,0,0,0.031414
Run 3,Alaric Voss,2,joint,1,0,11,1,0,0.0,0,0,0,0.0
Run 3,Alaric Voss,2,solo,0,0,413,1,0,1.0,752,0,1,0.926471
Run 3,Alaric Voss,2,solo,0,0,536,0,0,0.727273,758,1,0,1.0
Run 3,Alaric Voss,2,solo,0,0,203,0,0,0.068493,554,0,0,0.027273
Run 3,Alaric Voss,2,solo,0,0,410,0,0,0.105691,539,0,0,0.022989
Run 3,Alaric Voss,2,solo,0,0,286,0,0,0.021978,571,0,0,0.013158
Run 3,Alaric Voss,3,joint,0,0,387,0,0,0.0,541,0,0,0.021978
Run 3,Alaric Voss,3,solo,0,0,379,0,0,0.136752,621,0,0,0.771429
Run 3,Alaric Voss,3,joint,1,0,11,1,0,0.0,0,0,0,0.0
Run 3,Alaric Voss,3,solo,0,0,380,0,0,0.758621,544,0,0,0.451852
Run 3,Alaric Voss,3,solo,0,0,502,0,0,0.237705,629,0,1,0.900901
Run 3,Alaric Voss,3,solo,0,0,399,0,0,0.041667,652,0,0,0.026596
Run 3,Alaric Voss,3,solo,0,0,474,0,0,0.028777,581,0,0,0.043011
Run 3,Alaric Voss,3,solo,0,0,405,0,0,0.040816,637,0,0,0.036199
Run 3,Alaric Voss,3,joint,1,0,11,1,0,0.0,0,0,0,0.0
Run 3,Alaric Voss,3,solo,0,0,372,0,0,0.470588,466,0,0,0.035897
Run 3,Alaric Voss,3,solo,0,0,372,1,0,1.0,466,1,0,1.0
Run 3,Alaric Voss,3,solo,0,0,389,0,0,0.041667,724,0,0,0.023697
Run 3,Alaric Voss,3,solo,0,0,421,0,0,0.014493,553,0,0,0.043478
Run 3,Alaric Voss,3,solo,0,0,334,0,0,0.051724,559,0,0,0.020725
Run 3,Alaric Voss,4,solo,0,0,372,1,0,1.0,466,1,0,1.0
Run 3,Alaric Voss,4,solo,0,0,258,0,0,0.052083,590,0,0,0.04712
Run 3,Alaric Voss,4,solo,0,0,420,0,0,0.204545,670,0,0,0.056122
Run 3,Alaric Voss,4,solo,0,0,310,0,0,0.067308,864,0,0,0.020325
Run 3,Alaric Voss,4,joint,0,0,474,0,0,0.0,623,0,0,0.122222
Run 3,Alaric Voss,4,solo,0,0,372,1,0,1.0,754,0,0,0.615385
Run 3,Alaric Voss,4,solo,0,0,409,0,0,0.620253,754,1,0,1.0
Run 3,Alaric Voss,4,solo,0,0,277,0,0,0.075472,570,0,0,0.024155
Run 3,Alaric Voss,4,solo,0,0,520,0,0,0.022727,702,0,0,0.049505
Run 3,Alaric Voss,4,solo,0,0,448,0,0,0.04,515,0,0,0.04878
Run 3,Alaric Voss,4,solo,0,0,441,0,0,0.257426,866,0,1,0.919753
Run 3,Alaric Voss,4,solo,0,0,272,0,0,0.021739,576,0,0,0.05914
Run 3,Alaric Voss,4,solo,0,0,450,0,0,0.027778,694,0,0,0.005155
Run 3,Alaric Voss,4,solo,0,0,341,0,0,0.043956,590,0,0,0.043478
Run 3,Alaric Voss,4,joint,1,0,11,1,0,0.0,0,0,0,0.0
Run 3,Alaric Voss,4,solo,0,0,372,1,0,1.0,746,0,1,0.958621
Run 3,Alaric Voss,5,solo,0,0,370,0,1,0.936508,747,0,1,0.855263
Run 3,Alaric Voss,5,solo,0,0,325,0,0,0.027273,704,0,0,0.023256
Run 3,Alaric Voss,5,solo,0,0,391,0,0,0.034722,661,0,0,0.013158
Run 3,Alaric Voss,5,solo,0,0,232,0,0,0.259259,501,0,0,0.020513
Run 3,Alaric Voss,5,solo,0,0,411,1,0,1.0,747,1,0,1.0
Run 3,Alaric Voss,5,solo,0,0,355,0,0,0.03252,604,0,0,0.050691
Run 3,Alaric Voss,5,solo,0,0,484,0,0,0.05102,554,0,0,0.036269
Run 3,Alaric Voss,5,solo,0,0,295,0,0,0.253333,691,0,0,0.0199
Run 3,Alaric Voss,5,solo,0,0,411,0,1,0.942029,582,0,0,0.585185
Run 3,Alaric Voss,5,solo,0,0,434,0,0,0.04065,550,0,0,0.039409
Run 3,Alaric Voss,5,solo,0,0,425,0,0,0.058333,628,0,0,0.045455
Run 3,Alaric Voss,5,solo,0,0,206,0,0,0.298246,561,0,0,0.068966
Run 3,Alaric Voss,5,solo,0,0,411,1,0,1.0,582,1,0,1.0
Run 3,Alaric Voss,5,solo,0,0,318,0,0,0.033333,590,0,0,0.052885
Run 3,Alaric Voss,5,solo,0,0,361,0,0,0.04065,548,0,0,0.092486
Run 3,Alaric Voss,5,solo,0,0,383,0,0,0.053097,555,0,0,0.032787
Run 3,Alaric Voss,5,solo,1,0,411,1,0,1.0,11,0,0,0.0
Run 3,Alaric Voss,5,solo,0,0,283,0,0,0.073684,552,0,0,0.022727
Run 3,Alaric Voss,5,solo,0,0,332,0,0,0.103774,661,0,0,0.018433
Run 3,Alaric Voss,5,solo,0,0,370,0,0,0.041667,576,0,0,0.048309
Run 3,Alaric Voss,6,joint,1,0,11,1,0,0.0,0,0,0,0.0
Run 3,Alaric Voss,6,solo,0,0,404,0,0,0.75,587,0,0,0.642276
Run 3,Alaric Voss,6,solo,0,0,404,1,0,1.0,587,1,0,1.0
Run 3,Alaric Voss,6,solo,0,0,234,0,0,0.021505,615,0,0,0.027778
Run 3,Alaric Voss,6,solo,0,0,588,0,0,0.041667,652,0,0,0.049505
Run 3,Alaric Voss,6,solo,0,0,362,0,0,0.042105,709,0,0,0.030303
Run 3,Alaric Voss,6,solo,0,0,400,0,0,0.55814,587,1,0,1.0
Run 3,Alaric Voss,6,solo,0,0,494,0,0,0.047945,582,0,0,0.036082
Run 3,Alaric Voss,6,solo,0,0,326,0,0,0.108108,636,0,0,0.009346
Run 3,Alaric Voss,6,solo,0,0,349,0,0,0.038462,584,0,0,0.020513
Run 3,Alaric Voss,6,joint,1,0,11,1,0,0.0,0,0,0,0.0
Run 3,Alaric Voss,6,solo,0,0,469,0,0,0.526316,587,1,0,1.0
Run 3,Alaric Voss,6,solo,0,0,340,0,0,0.60241,587,1,0,1.0
Run 3,Alaric Voss,6,solo,0,0,346,0,0,0.121212,527,0,0,0.032609
Run 3,Alaric Voss,6,solo,0,0,380,0,0,0.126214,536,0,0,0.031915
Run 3,Alaric Voss,6,solo,0,0,305,0,0,0.060345,517,0,0,0.040609
Run 3,Alaric Voss,7,joint,1,0,11,1,0,0.0,0,0,0,0.0
Run 3,Alaric Voss,7,solo,0,0,469,1,0,1.0,624,0,0,0.594406
Run 3,Alaric Voss,7,solo,0,0,469,1,0,1.0,624,1,0,1.0
Run 3,Alaric Voss,7,solo,0,0,481,0,0,0.036364,635,0,0,0.03125
Run 3,Alaric Voss,7,solo,0,0,372,0,0,0.036697,542,0,0,0.01087
Run 3,Alaric Voss,7,solo,0,0,491,0,0,0.047945,545,0,0,0.028302
Run 3,Alaric Voss,7,solo,0,0,469,1,0,1.0,602,0,0,0.793651
Run 3,Alaric Voss,7,solo,0,0,376,0,0,0.048,658,0,0,0.019608
Run 3,Alaric Voss,7,solo,0,0,354,0,0,0.08547,574,0,0,0.031915
Run 3,Alaric Voss,7,solo,0,0,355,0,0,0.346154,584,0,0,0.020942
Run 3,Alaric Voss,7,solo,0,0,469,1,0,1.0,581,0,1,0.962264
Run 3,Alaric Voss,7,solo,0,0,332,0,0,0.080645,509,0,0,0.005102
Run 3,Alaric Voss,7,solo,0,0,365,0,0,0.131579,642,0,0,0.030303
Run 3,Alaric Voss,7,solo,0,0,454,0,0,0.07,572,0,0,0.026042
Run 3,Alaric Voss,7,solo,0,0,469,1,0,1.0,625,0,0,0.796875
Run 3,Alaric Voss,7,solo,0,0,301,0,0,0.101124,511,0,0,0.094059
Run 3,Alaric Voss,7,solo,0,0,424,0,0,0.057377,493,0,0,0.038889
Run 3,Alaric Voss,7,solo,0,0,478,0,0,0.054688,426,0,0,0.02907
Run 3,Alaric Voss,8,solo,0,0,403,0,0,0.0,627,0,0,0.025
Run 3,Alaric Voss,8,solo,0,0,291,0,0,0.017241,581,0,0,0.02451
Run 3,Alaric Voss,8,solo,0,0,384,0,0,0.030769,603,0,0,0.015152
Run 3,Alaric Voss,8,solo,0,0,382,0,0,0.030303,884,0,0,0.022472
Run 3,Alaric Voss,8,solo,0,0,469,1,0,1.0,606,0,0,0.088083
Run 3,Alaric Voss,8,solo,0,0,363,0,0,0.069565,703,0,0,0.0553
Run 3,Alaric Voss,8,solo,0,0,347,0,0,0.045872,650,0,0,0.040404
Run 3,Alaric Voss,8,solo,0,0,386,0,0,0.017094,470,0,0,0.017045
Run 3,Alaric Voss,8,solo,0,0,432,0,0,0.168067,628,0,0,0.643836
Run 3,Alaric Voss,8,solo,0,0,318,0,0,0.05102,577,0,0,0.042945
Run 3,Alaric Voss,8,solo,0,0,371,0,0,0.138614,550,0,0,0.026042
Run 3,Alaric Voss,8,solo,0,0,367,0,0,0.043478,582,0,0,0.032258
Run 3,Alaric Voss,8,solo,0,0,481,0,0,0.544444,582,1,0,1.0
Run 3,Alaric Voss,8,solo,0,0,322,0,0,0.046729,652,0,0,0.047847
Run 3,Alaric Voss,8,solo,0,0,313,0,0,0.073684,531,0,0,0.020619
Run 3,Alaric Voss,8,solo,0,0,243,0,0,0.1,767,0,0,0.031532
Run 3,Alaric Voss,8,solo,1,0,11,0,0,0.0,11,1,0,0.0
Run 3,Alaric Voss,8,solo,0,0,444,0,0,0.043165,576,0,0,0.030303
Run 3,Alaric Voss,8,solo,0,0,373,0,0,0.061947,604,0,0,0.034146
Run 3,Alaric Voss,8,solo,0,0,294,0,0,0.025316,649,0,0,0.027149
Run 3,Alaric Voss,9,solo,0,0,456,0,0,0.770115,702,0,0,0.557971
Run 3,Alaric Voss,9,solo,0,0,369,0,0,0.028846,674,0,0,0.046875
Run 3,Alaric Voss,9,solo,0,0,579,0,0,0.100775,624,0,0,0.071429
Run 3,Alaric Voss,9,solo,0,0,304,0,0,0.032258,592,0,0,0.034146
Run 3,Alaric Voss,9,joint,1,0,11,1,0,0.0,0,0,0,0.0
Run 3,Alaric Voss,9,solo,0,0,412,0,0,0.211864,709,0,1,0.92
Run 3,Alaric Voss,9,solo,0,0,458,0,1,0.948052,783,0,0,0.572254
Run 3,Alaric Voss,9,solo,0,0,398,0,0,0.084906,551,0,0,0.021164
Run 3,Alaric Voss,9,solo,0,0,530,0,0,0.048951,673,0,0,0.027027
Run 3,Alaric Voss,9,solo,0,0,405,0,0,0.112,579,0,0,0.054054
Run 3,Alaric Voss,9,solo,0,0,342,0,0,0.235294,702,1,0,1.0
Run 3,Alaric Voss,9,solo,0,0,288,0,0,0.047619,547,0,0,0.069182
Run 3,Alaric Voss,9,solo,0,0,410,0,0,0.064,465,0,0,0.091503
Run 3,Alaric Voss,9,solo,0,0,325,0,0,0.104651,630,0,0,0.047368
Run 3,Alaric Voss,9,joint,1,0,11,1,0,0.0,0,0,0,0.0
Run 3,Alaric Voss,9,solo,1,0,419,0,0,0.241379,11,1,0,0.0
Run 3,Alaric Voss,10,solo,0,0,384,0,0,0.430108,572,0,0,0.152439
Run 3,Alaric Voss,10,solo,0,0,499,0,0,0.068966,696,0,0,0.017391
Run 3,Alaric Voss,10,solo,0,0,371,0,0,0.048077,590,0,0,0.064706
Run 3,Alaric Voss,10,solo,0,0,333,0,0,0.079208,573,0,0,0.071429
Run 3,Alaric Voss,10,joint,1,0,11,1,0,0.0,0,0,0,0.0
Run 3,Alaric Voss,10,solo,0,0,398,0,0,0.653846,572,1,0,1.0
Run 3,Alaric Voss,10,solo,0,0,384,1,0,1.0,572,1,0,1.0
Run 3,Alaric Voss,10,solo,0,0,303,0,0,0.068966,678,0,0,0.046512
Run 3,Alaric Voss,10,solo,0,0,352,0,0,0.031579,574,0,0,0.043243
Run 3,Alaric Voss,10,solo,0,0,369,0,0,0.076923,579,0,0,0.024876
Run 3,Alaric Voss,10,solo,0,0,447,0,0,0.368932,548,0,0,0.197802
Run 3,Alaric Voss,10,solo,0,0,356,0,0,0.099099,566,0,0,0.05814
Run 3,Alaric Voss,10,solo,0,0,417,0,0,0.117117,788,0,0,0.034934
Run 3,Alaric Voss,10,solo,0,0,501,0,0,0.037037,595,0,0,0.045455
Run 3,Alaric Voss,10,solo,0,0,424,0,0,0.43617,548,1,0,1.0
Run 3,Alaric Voss,10,solo,0,0,401,0,0,0.042553,551,0,0,0.088757
Run 3,Alaric Voss,10,solo,0,0,437,0,0,0.04065,524,0,0,0.08
Run 3,Alaric Voss,10,solo,0,0,399,0,0,0.041667,443,0,0,0.040936
Run 3,Alaric Voss,11,joint,0,0,399,0,0,0.0,576,0,0,0.0
Run 3,Alaric Voss,11,solo,0,0,424,0,0,0.5,579,0,1,0.846847
Run 3,Alaric Voss,11,solo,0,0,424,1,0,1.0,602,0,0,0.283951
Run 3,Alaric Voss,11,solo,0,0,376,0,0,0.0625,735,0,0,0.076923
Run 3,Alaric Voss,11,solo,0,0,415,0,0,0.061947,578,0,0,0.046392
Run 3,Alaric Voss,11,solo,0,0,284,0,0,0.027273,677,0,0,0.026201
Run 3,Alaric Voss,11,joint,1,0,11,1,0,0.0,0,0,0,0.0
Run 3,Alaric Voss,11,solo,0,0,424,1,0,1.0,579,1,0,1.0
Run 3,Alaric Voss,11,solo,0,0,424,1,0,1.0,537,0,0,0.561538
Run 3,Alaric Voss,11,solo,0,0,482,0,0,0.070312,723,0,0,0.032407
Run 3,Alaric Voss,11,solo,0,0,408,0,0,0.041322,698,0,0,0.042654
Run 3,Alaric Voss,11,solo,0,0,402,0,0,0.04878,616,0,0,0.032558
Run 3,Alaric Voss,11,solo,0,0,424,1,0,1.0,537,1,0,1.0
Run 3,Alaric Voss,11,solo,0,0,336,0,0,0.101852,603,0,0,0.043062
Run 3,Alaric Voss,11,solo,0,0,374,0,0,0.080357,832,0,0,0.041667
Run 3,Alaric Voss,11,solo,0,0,465,0,0,0.1,578,0,0,0.030303
Run 3,Alaric Voss,12,joint,1,0,11,1,0,0.0,0,0,0,0.0
Run 3,Alaric Voss,12,solo,0,0,426,1,0,1.0,570,0,0,0.636364
Run 3,Alaric Voss,12,solo,0,0,426,1,0,1.0,568,0,1,0.842593
Run 3,Alaric Voss,12,solo,0,0,356,0,0,0.056075,460,0,0,0.016304
Run 3,Alaric Voss,12,solo,0,0,403,0,0,0.067308,561,0,0,0.103226
Run 3,Alaric Voss,12,solo,0,0,320,0,0,0.060241,618,0,0,0.048544
Run 3,Alaric Voss,12,joint,0,0,325,0,0,0.0,337,0,0,0.01227
Run 3,Alaric Voss,12,solo,0,0,426,1,0,1.0,574,0,0,0.661417
Run 3,Alaric Voss,12,solo,0,0,424,1,0,1.0,574,1,0,1.0
Run 3,Alaric Voss,12,solo,0,0,435,0,0,0.118644,513,0,0,0.031746
Run 3,Alaric Voss,12,solo,0,0,428,0,0,0.127119,592,0,0,0.059459
Run 3,Alaric Voss,12,solo,0,0,284,0,0,0.21978,585,0,0,0.052083
Run 3,Alaric Voss,12,joint,1,0,11,1,0,0.0,0,0,0,0.0
Run 3,Alaric Voss,12,solo,0,0,403,0,0,0.723077,575,0,1,0.892857
Run 3,Alaric Voss,13,solo,0,0,325,0,0,0.018519,504,0,0,0.054945
Run 3,Alaric Voss,13,solo,0,0,247,0,0,0.072165,627,0,0,0.016129
Run 3,Alaric Voss,13,solo,0,0,460,0,0,0.047244,564,0,0,0.038462
Run 3,Alaric Voss,13,solo,0,0,698,0,0,0.032086,746,0,0,0.02193
Run 3,Alaric Voss,13,joint,1,0,11,1,0,0.0,0,0,0,0.0
Run 3,Alaric Voss,13,solo,0,0,424,1,0,1.0,696,0,0,0.642857
Run 3,Alaric Voss,13,solo,0,0,424,1,0,1.0,689,0,1,0.923077
Run 3,Alaric Voss,13,solo,0,0,377,0,0,0.098485,575,0,0,0.053922
Run 3,Alaric Voss,13,solo,0,0,349,0,0,0.1,598,0,0,0.03653
Run 3,Alaric Voss,13,solo,0,0,643,0,0,0.066667,655,0,0,0.051282
Run 3,Alaric Voss,13,solo,0,0,403,1,0,1.0,623,0,0,0.164894
Run 3,Alaric Voss,13,solo,0,0,397,0,0,0.05102,654,0,0,0.08
Run 3,Alaric Voss,13,solo,0,0,418,0,0,0.079365,550,0,0,0.04
Run 3,Alaric Voss,13,solo,0,0,487,0,0,0.151261,741,0,0,0.034934
Run 3,Alaric Voss,13,solo,0,0,332,0,0,0.025641,608,0,0,0.065327
Run 3,Alaric Voss,13,solo,0,0,357,0,0,0.055556,583,0,0,0.024876
Run 3,Alaric Voss,13,solo,0,0,408,0,0,0.050847,591,0,0,0.039024
Run 3,Alaric Voss,13,solo,0,0,390,0,0,0.007576,556,0,0,0.020101
Run 3,Alaric Voss,14,solo,0,0,426,0,0,0.02439,638,0,0,0.026316
Run 3,Alaric Voss,14,solo,0,0,399,0,0,0.023622,568,0,0,0.033149
Run 3,Alaric Voss,14,solo,0,0,405,0,0,0.075,654,0,0,0.019084
Run 3,Alaric Voss,14,solo,0,0,390,0,0,0.104478,776,0,0,0.016598
Run 3,Alaric Voss,14,solo,0,0,400,0,1,0.857143,596,0,0,0.486667
Run 3,Alaric Voss,14,solo,0,0,372,0,0,0.047244,639,0,0,0.014851
Run 3,Alaric Voss,14,solo,0,0,475,0,0,0.097015,712,0,0,0.022124
Run 3,Alaric Voss,14,solo,0,0,354,0,0,0.094118,585,0,0,0.068182
Run 3,Alaric Voss,14,solo,0,0,400,1,0,1.0,596,1,0,1.0
Run 3,Alaric Voss,14,solo,0,0,411,0,0,0.055556,650,0,0,0.028302
Run 3,Alaric Voss,14,solo,0,0,296,0,0,0.080808,575,0,0,0.052402
Run 3,Alaric Voss,14,solo,0,0,240,0,0,0.194444,530,0,0,0.052356
Run 3,Alaric Voss,14,solo,0,0,400,1,0,1.0,575,0,0,0.108696
Run 3,Alaric Voss,14,solo,0,0,375,0,0,0.051282,437,0,0,0.034483
Run 3,Alaric Voss,14,solo,0,0,323,0,0,0.073171,634,0,0,0.034146
Run 3,Alaric Voss,14,solo,0,0,325,0,0,0.072917,517,0,0,0.046632
Run 3,Alaric Voss,14,solo,1,0,11,1,0,0.0,11,1,0,0.0
Run 3,Alaric Voss,14,solo,0,0,474,0,0,0.024,755,0,0,0.042254
Run 3,Alaric Voss,14,solo,0,0,456,0,0,0.027211,570,0,0,0.033898
Run 3,Alaric Voss,14,solo,0,0,282,0,0,0.033333,626,0,0,0.010582
Run 3,Alaric Voss,15,solo,0,0,410,0,0,0.164062,710,0,0,0.066038
Run 3,Alaric Voss,15,solo,0,0,373,0,0,0.079365,559,0,0,0.047368
Run 3,Alaric Voss,15,solo,0,0,315,0,0,0.097345,649,0,0,0.039024
Run 3,Alaric Voss,15,solo,0,0,373,0,0,0.025862,600,0,0,0.020513
Run 3,Alaric Voss,15,joint,1,0,11,1,0,0.0,0,0,0,0.0
Run 3,Alaric Voss,15,solo,0,0,400,1,0,1.0,549,0,0,0.435714
Run 3,Alaric Voss,15,solo,0,0,400,1,0,1.0,537,0,1,0.833333
Run 3,Alaric Voss,15,solo,0,0,293,0,0,0.031915,486,0,0,0.053191
Run 3,Alaric Voss,15,solo,0,0,483,0,0,0.051724,548,0,0,0.066038
Run 3,Alaric Voss,15,solo,0,0,604,0,0,0.03268,788,0,0,0.059633
Run 3,Alaric Voss,15,solo,0,0,400,1,0,1.0,537,1,0,1.0
Run 3,Alaric Voss,15,solo,0,0,491,0,0,0.069767,545,0,0,0.060241
Run 3,Alaric Voss,15,solo,0,0,439,0,0,0.085271,548,0,0,0.037209
Run 3,Alaric Voss,15,solo,0,0,461,0,0,0.132812,655,0,0,0.09901
Run 3,Alaric Voss,15,solo,1,0,400,1,0,1.0,11,1,0,0.0
Run 3,Alaric Voss,15,solo,0,0,522,0,0,0.067227,660,0,0,0.04717
Run 3,Alaric Voss,15,solo,0,0,398,0,0,0.069565,599,0,0,0.047826
Run 3,Alaric Voss,15,solo,0,0,493,0,0,0.149533,652,0,0,0.056338
Run 3,Alaric Voss,16,solo,0,0,400,1,0,1.0,522,0,1,0.878788
Run 3,Alaric Voss,16,solo,0,0,316,0,0,0.028571,519,0,0,0.069892
Run 3,Alaric Voss,16,solo,0,0,261,0,0,0.076087,569,0,0,0.02551
Run 3,Alaric Voss,16,solo,0,0,402,0,0,0.117021,673,0,0,0.084577
Run 3,Alaric Voss,16,joint,1,0,11,1,0,0.0,0,0,0,0.0
Run 3,Alaric Voss,16,solo,0,0,481,0,0,0.768293,717,0,0,0.535484
Run 3,Alaric Voss,16,solo,0,0,400,1,0,1.0,801,0,0,0.627586
Run 3,Alaric Voss,16,solo,0,0,451,0,0,0.04698,624,0,0,0.023585
Run 3,Alaric Voss,16,solo,0,0,444,0,0,0.084615,544,0,0,0.027027
Run 3,Alaric Voss,16,solo,0,0,234,0,0,0.135802,738,0,0,0.023041
Run 3,Alaric Voss,16,solo,0,0,400,1,0,1.0,802,0,1,0.97931
Run 3,Alaric Voss,16,solo,0,0,418,0,0,0.07438,517,0,0,0.039106
Run 3,Alaric Voss,16,solo,0,0,353,0,0,0.108333,528,0,0,0.043956
Run 3,Alaric Voss,16,solo,0,0,340,0,0,0.074766,652,0,0,0.046083
Run 3,Alaric Voss,16,joint,1,0,11,1,0,0.0,0,0,0,0.0
Run 3,Alaric Voss,16,solo,0,0,481,1,0,1.0,573,0,0,0.023148
Run 3,Alaric Voss,17,joint,0,0,419,0,0,0.0,542,0,0,0.0
Run 3,Alaric Voss,17,solo,0,0,447,0,0,0.123188,695,0,0,0.072115
Run 3,Alaric Voss,17,solo,0,0,400,1,0,1.0,523,0,1,0.897959
Run 3,Alaric Voss,17,solo,0,0,381,0,0,0.1,566,0,0,0.040936
Run 3,Alaric Voss,17,solo,0,0,535,0,0,0.063492,594,0,0,0.044776
Run 3,Alaric Voss,17,solo,0,0,479,0,0,0.013699,600,0,0,0.010152
Run 3,Alaric Voss,17,joint,0,0,279,0,0,0.0,395,0,0,0.0
Run 3,Alaric Voss,17,solo,0,0,400,1,0,1.0,523,1,0,1.0
Run 3,Alaric Voss,17,solo,0,0,402,1,0,1.0,523,1,0,1.0
Run 3,Alaric Voss,17,solo,0,0,408,0,0,0.092437,485,0,0,0.04918
Run 3,Alaric Voss,17,solo,0,0,431,0,0,0.039062,678,0,0,0.059524
Run 3,Alaric Voss,17,solo,0,0,345,0,0,0.042735,669,0,0,0.043062
Run 3,Alaric Voss,17,solo,0,0,400,1,0,1.0,523,1,0,1.0
Run 3,Alaric Voss,17,solo,0,0,287,0,0,0.15625,802,0,0,0.043478
Run 3,Alaric Voss,17,solo,0,0,353,0,0,0.068627,602,0,0,0.037915
Run 3,Alaric Voss,17,solo,0,0,431,0,0,0.092437,559,0,0,0.076087
Run 3,Alaric Voss,18,solo,0,0,472,0,0,0.170732,642,0,0,0.039474
Run 3,Alaric Voss,18,solo,0,0,487,0,0,0.069231,649,0,0,0.037037
Run 3,Alaric Voss,18,solo,0,0,467,0,0,0.067797,496,0,0,0.052941
Run 3,Alaric Voss,18,solo,0,0,257,0,0,0.087379,664,0,0,0.066038
Run 3,Alaric Voss,18,joint,1,0,11,1,0,0.0,0,0,0,0.0
Run 3,Alaric Voss,18,solo,0,0,472,1,0,1.0,642,1,0,1.0
Run 3,Alaric Voss,18,solo,0,0,400,1,0,1.0,669,0,0,0.267045
Run 3,Alaric Voss,18,solo,0,0,400,0,0,0.101852,703,0,0,0.030837
Run 3,Alaric Voss,18,solo,0,0,267,0,0,0.123596,667,0,0,0.025
Run 3,Alaric Voss,18,solo,0,0,322,0,0,0.253165,645,0,0,0.035874
Run 3,Alaric Voss,18,joint,0,0,395,0,0,0.0,630,0,0,0.0
Run 3,Alaric Voss,18,solo,0,0,400,1,0,1.0,663,0,0,0.729323
Run 3,Alaric Voss,18,solo,0,0,400,1,0,1.0,662,0,1,0.916667
Run 3,Alaric Voss,18,solo,0,0,376,0,0,0.063063,650,0,0,0.071795
Run 3,Alaric Voss,18,solo,0,0,388,0,0,0.053191,593,0,0,0.0625
Run 3,Alaric Voss,18,solo,0,0,391,0,0,0.045113,557,0,0,0.04023
Run 3,Alaric Voss,19,solo,0,0,400,1,0,1.0,561,0,0,0.678261
Run 3,Alaric Voss,19,solo,0,0,442,0,0,0.063492,624,0,0,0.038462
Run 3,Alaric Voss,19,solo,0,0,320,0,0,0.104762,618,0,0,0.055
Run 3,Alaric Voss,19,solo,0,0,412,0,0,0.088496,512,0,0,0.041667
Run 3,Alaric Voss,19,joint,0,0,457,0,0,0.0,613,0,0,0.015
Run 3,Alaric Voss,19,solo,0,0,400,1,0,1.0,734,0,0,0.503106
Run 3,Alaric Voss,19,solo,0,0,400,1,0,1.0,667,0,0,0.655172
Run 3,Alaric Voss,19,solo,0,0,432,0,0,0.04878,657,0,0,0.053333
Run 3,Alaric Voss,19,solo,0,0,489,0,0,0.030303,504,0,0,0.032787
Run 3,Alaric Voss,19,solo,0,0,352,0,0,0.014286,679,0,0,0.053398
Run 3,Alaric Voss,19,solo,0,0,400,1,0,1.0,679,1,0,1.0
Run 3,Alaric Voss,19,solo,0,0,503,0,0,0.037313,601,0,0,0.08
Run 3,Alaric Voss,19,solo,0,0,359,0,0,0.06,631,0,0,0.091837
Run 3,Alaric Voss,19,solo,0,0,474,0,0,0.040268,528,0,0,0.030928
Run 3,Alaric Voss,19,solo,0,0,400,1,0,1.0,679,1,0,1.0
Run 3,Alaric Voss,19,solo,0,0,364,0,0,0.081081,532,0,0,0.05618
Run 3,Alaric Voss,19,solo,0,0,451,0,0,0.065041,680,0,0,0.071795
Run 3,Alaric Voss,19,solo,0,0,323,0,0,0.1,679,0,0,0.033019
Run 3,Alaric Voss,20,solo,0,0,400,1,0,1.0,611,0,0,0.139896
Run 3,Alaric Voss,20,solo,0,0,446,0,0,0.072581,628,0,0,0.026455
Run 3,Alaric Voss,20,solo,0,0,365,0,0,0.056604,673,0,0,0.044118
Run 3,Alaric Voss,20,solo,0,0,231,0,0,0.333333,713,0,0,0.028807
Run 3,Alaric Voss,20,solo,0,0,400,1,0,1.0,611,1,0,1.0
Run 3,Alaric Voss,20,solo,0,0,424,0,0,0.039735,587,0,0,0.051724
Run 3,Alaric Voss,20,solo,0,0,364,0,0,0.035398,512,0,0,0.044199
Run 3,Alaric Voss,20,solo,0,0,319,0,0,0.22973,656,0,0,0.029536
Run 3,Alaric Voss,20,joint,1,0,11,1,0,0.0,0,0,0,0.0
Run 3,Alaric Voss,20,solo,0,0,567,0,0,0.61,649,0,1,0.916667
Run 3,Alaric Voss,20,solo,0,0,567,1,0,1.0,649,1,0,1.0
Run 3,Alaric Voss,20,solo,0,0,401,0,0,0.049505,493,0,0,0.032086
Run 3,Alaric Voss,20,solo,0,0,470,0,0,0.079208,619,0,0,0.047414
Run 3,Alaric Voss,20,solo,0,0,350,0,0,0.094737,615,0,0,0.090909
Run 3,Alaric Voss,20,joint,1,0,11,1,0,0.0,0,0,0,0.0
Run 3,Alaric Voss,20,solo,0,0,400,1,0,1.0,659,0,1,0.925
Run 3,Alaric Voss,21,solo,0,0,400,1,0,1.0,631,0,0,0.618705
Run 3,Alaric Voss,21,solo,0,0,431,0,0,0.076923,747,0,0,0.044177
Run 3,Alaric Voss,21,solo,0,0,367,0,0,0.063636,536,0,0,0.042328
Run 3,Alaric Voss,21,solo,0,0,300,0,0,0.066667,567,0,0,0.031746
Run 3,Alaric Voss,21,solo,0,0,448,0,1,0.8125,632,0,1,0.972973
Run 3,Alaric Voss,21,solo,0,0,357,0,0,0.095238,547,0,0,0.039106
Run 3,Alaric Voss,21,solo,0,0,357,0,0,0.06383,580,0,0,0.078125
Run 3,Alaric Voss,21,solo,0,0,390,0,0,0.166667,692,0,0,0.024
Run 3,Alaric Voss,21,joint,1,0,11,1,0,0.0,0,0,0,0.0
Run 3,Alaric Voss,21,solo,0,0,557,0,0,0.448,632,1,0,1.0
Run 3,Alaric Voss,21,solo,0,0,567,1,0,1.0,692,1,0,1.0
Run 3,Alaric Voss,21,solo,0,0,411,0,0,0.049296,656,0,0,0.069767
Run 3,Alaric Voss,21,solo,0,0,318,0,0,0.064815,653,0,0,0.084906
Run 3,Alaric Voss,21,solo,0,0,379,0,0,0.071429,685,0,0,0.107317
Run 3,Alaric Voss,21,solo,0,0,284,0,0,0.07377,715,0,0,0.026549
Run 3,Alaric Voss,21,solo,0,0,348,0,0,0.06383,678,0,0,0.050926
Run 3,Alaric Voss,21,solo,0,0,314,0,0,0.083333,595,0,0,0.039216
Run 3,Alaric Voss,21,solo,0,0,294,0,0,0.012903,749,0,0,0.026906
Run 3,Alaric Voss,22,solo,0,0,284,1,0,1.0,683,0,0,0.473988
Run 3,Alaric Voss,22,solo,0,0,655,0,0,0.011834,616,0,0,0.030303
Run 3,Alaric Voss,22,solo,0,0,446,0,0,0.037736,575,0,0,0.025381
Run 3,Alaric Voss,22,solo,0,0,360,0,0,0.015504,597,0,0,0.014493
Run 3,Alaric Voss,22,joint,1,0,11,1,0,0.0,0,0,0,0.0
Run 3,Alaric Voss,22,solo,0,0,530,0,1,0.9375,777,0,0,0.553459
Run 3,Alaric Voss,22,solo,0,0,400,1,0,1.0,777,1,0,1.0
Run 3,Alaric Voss,22,solo,0,0,351,0,0,0.171429,555,0,0,0.03653
Run 3,Alaric Voss,22,solo,0,0,312,0,0,0.126126,754,0,0,0.035573
Run 3,Alaric Voss,22,solo,0,0,401,0,0,0.108696,557,0,0,0.021164
Run 3,Alaric Voss,22,joint,1,0,11,1,0,0.0,0,0,0,0.0
Run 3,Alaric Voss,22,solo,0,0,366,0,1,0.822581,799,0,1,0.802632
Run 3,Alaric Voss,22,solo,0,0,400,1,0,1.0,777,1,0,1.0
Run 3,Alaric Voss,22,solo,0,0,405,0,0,0.034188,663,0,0,0.019417
Run 3,Alaric Voss,22,solo,0,0,393,0,0,0.058824,727,0,0,0.039474
Run 3,Alaric Voss,22,solo,0,0,383,0,0,0.057143,617,0,0,0.073034
Run 3,Alaric Voss,23,joint,1,0,11,1,0,0.0,0,0,0,0.0
Run 3,Alaric Voss,23,solo,0,0,448,1,0,1.0,680,0,0,0.630435
Run 3,Alaric Voss,23,solo,0,0,555,0,0,0.163522,680,1,0,1.0
Run 3,Alaric Voss,23,solo,0,0,363,0,0,0.065041,557,0,0,0.037634
Run 3,Alaric Voss,23,solo,0,0,331,0,0,0.060976,523,0,0,0.0625
Run 3,Alaric Voss,23,solo,0,0,329,0,0,0.055046,576,0,0,0.035897
Run 3,Alaric Voss,23,joint,0,0,328,0,0,0.0,561,0,0,0.028409
Run 3,Alaric Voss,23,solo,0,0,388,0,0,0.241935,768,0,0,0.522581
Run 3,Alaric Voss,23,solo,0,0,365,0,0,0.505051,681,0,1,0.965812
Run 3,Alaric Voss,23,solo,0,0,422,0,0,0.034188,602,0,0,0.067308
Run 3,Alaric Voss,23,solo,0,0,378,0,0,0.061947,658,0,0,0.055276
Run 3,Alaric Voss,23,solo,0,0,371,0,0,0.078261,651,0,0,0.043062
Run 3,Alaric Voss,23,solo,0,0,567,1,0,1.0,680,1,0,1.0
Run 3,Alaric Voss,23,solo,0,0,454,0,0,0.020833,652,0,0,0.038462
Run 3,Alaric Voss,23,solo,0,0,351,0,0,0.104348,618,0,0,0.034653
Run 3,Alaric Voss,23,solo,0,0,388,0,0,0.106383,562,0,0,0.101124
Run 3,Alaric Voss,24,solo,0,0,530,1,0,1.0,981,0,0,0.431472
Run 3,Alaric Voss,24,solo,0,0,341,0,0,0.103093,758,0,0,0.117647
Run 3,Alaric Voss,24,solo,0,0,385,0,0,0.076271,700,0,0,0.074627
Run 3,Alaric Voss,24,solo,0,0,328,0,0,0.061404,817,0,0,0.031621
Run 3,Alaric Voss,24,joint,1,0,11,1,0,0.0,0,0,0,0.0
Run 3,Alaric Voss,24,solo,0,0,530,1,0,1.0,981,1,0,1.0
Run 3,Alaric Voss,24,solo,0,0,550,0,1,0.957447,981,1,0,1.0
Run 3,Alaric Voss,24,solo,0,0,404,0,0,0.062016,530,0,0,0.070588
Run 3,Alaric Voss,24,solo,0,0,375,0,0,0.095652,538,0,0,0.027624
Run 3,Alaric Voss,24,solo,0,0,364,0,0,0.153226,630,0,0,0.094527
Run 3,Alaric Voss,24,joint,1,0,11,1,0,0.0,0,0,0,0.0
Run 3,Alaric Voss,24,solo,0,0,540,0,1,0.925532,981,1,0,1.0
Run 3,Alaric Voss,24,solo,0,0,530,1,0,1.0,981,1,0,1.0
Run 3,Alaric Voss,24,solo,0,0,375,0,0,0.109091,713,0,0,0.024038
Run 3,Alaric Voss,24,solo,0,0,306,0,0,0.058252,500,0,0,0.046392
Run 3,Alaric Voss,24,solo,0,0,390,0,0,0.088235,555,0,0,0.092486
Run 3,Alaric Voss,25,solo,0,0,448,1,0,1.0,533,0,0,0.049774
Run 3,Alaric Voss,25,solo,0,0,418,0,0,0.029412,572,0,0,0.044554
Run 3,Alaric Voss,25,solo,0,0,289,0,0,0.081395,534,0,0,0.055249
Run 3,Alaric Voss,25,solo,0,0,358,0,0,0.104762,644,0,0,0.014493
Run 3,Alaric Voss,25,joint,0,0,518,0,0,0.007246,726,0,0,0.016667
Run 3,Alaric Voss,25,solo,0,0,440,0,0,0.285714,682,0,0,0.576642
Run 3,Alaric Voss,25,solo,0,0,523,0,1,0.934783,679,0,1,0.96748
Run 3,Alaric Voss,25,solo,0,0,364,0,0,0.033898,620,0,0,0.024752
Run 3,Alaric Voss,25,solo,0,0,307,0,0,0.087912,626,0,0,0.032787
Run 3,Alaric Voss,25,solo,0,0,480,0,0,0.12381,761,0,0,0.0625
Run 3,Alaric Voss,25,solo,0,0,448,1,0,1.0,679,1,0,1.0
Run 3,Alaric Voss,25,solo,0,0,430,0,0,0.066116,493,0,0,0.032787
Run 3,Alaric Voss,25,solo,0,0,375,0,0,0.066116,461,0,0,0.016129
Run 3,Alaric Voss,25,solo,0,0,330,0,0,0.052174,595,0,0,0.079096
Run 3,Alaric Voss,25,joint,1,0,11,1,0,0.0,0,0,0,0.0
Run 3,Alaric Voss,25,solo,0,0,448,1,0,1.0,679,1,0,1.0
Run 3,Alaric Voss,26,solo,0,0,358,0,0,0.19802,747,0,0,0.596154
Run 3,Alaric Voss,26,solo,0,0,338,0,0,0.095745,583,0,0,0.050251
Run 3,Alaric Voss,26,solo,0,0,334,0,0,0.086022,774,0,0,0.033654
Run 3,Alaric Voss,26,solo,0,0,366,0,0,0.077586,558,0,0,0.074866
Run 3,Alaric Voss,26,joint,1,0,11,1,0,0.0,0,0,0,0.0
Run 3,Alaric Voss,26,solo,0,0,448,1,0,1.0,830,0,0,0.481865
Run 3,Alaric Voss,26,solo,0,0,448,1,0,1.0,750,0,1,0.896296
Run 3,Alaric Voss,26,solo,0,0,306,0,0,0.103448,537,0,0,0.037037
Run 3,Alaric Voss,26,solo,0,0,477,0,0,0.094828,589,0,0,0.056338
Run 3,Alaric Voss,26,solo,0,0,356,0,0,0.01626,552,0,0,0.015306
Run 3,Alaric Voss,26,solo,0,0,448,1,0,1.0,747,0,1,0.969231
Run 3,Alaric Voss,26,solo,0,0,379,0,0,0.041322,611,0,0,0.025641
Run 3,Alaric Voss,26,solo,0,0,497,0,0,0.028777,562,0,0,0.040404
Run 3,Alaric Voss,26,solo,0,0,342,0,0,0.158537,500,0,0,0.06701
Run 3,Alaric Voss,26,joint,1,0,11,1,0,0.0,0,0,0,0.0
Run 3,Alaric Voss,26,solo,0,0,448,1,0,1.0,747,1,0,1.0
Run 3,Alaric Voss,27,solo,0,0,448,1,0,1.0,593,0,0,0.669118
Run 3,Alaric Voss,27,solo,0,0,342,0,0,0.058824,527,0,0,0.077844
Run 3,Alaric Voss,27,solo,0,0,338,0,0,0.080808,617,0,0,0.058824
Run 3,Alaric Voss,27,solo,0,0,330,0,0,0.026316,620,0,0,0.020725
Run 3,Alaric Voss,27,solo,0,0,448,1,0,1.0,593,1,0,1.0
Run 3,Alaric Voss,27,solo,0,0,400,0,0,0.062016,611,0,0,0.068421
Run 3,Alaric Voss,27,solo,0,0,415,0,0,0.063063,613,0,0,0.046154
Run 3,Alaric Voss,27,solo,0,0,356,0,0,0.2,626,0,0,0.037815
Run 3,Alaric Voss,27,joint,1,0,11,1,0,0.0,0,0,0,0.0
Run 3,Alaric Voss,27,solo,0,0,448,1,0,1.0,749,0,0,0.662069
Run 3,Alaric Voss,27,solo,0,0,514,0,1,0.955056,722,0,1,0.834646
Run 3,Alaric Voss,27,solo,0,0,432,0,0,0.078261,717,0,0,0.030702
Run 3,Alaric Voss,27,solo,0,0,524,0,0,0.062937,592,0,0,0.108374
Run 3,Alaric Voss,27,solo,0,0,343,0,0,0.055556,578,0,0,0.065217
Run 3,Alaric Voss,27,joint,1,0,11,1,0,0.0,0,0,0,0.0
Run 3,Alaric Voss,27,solo,0,0,514,1,0,1.0,722,1,0,1.0
Run 3,Alaric Voss,28,solo,0,0,523,0,1,0.977273,662,0,0,0.114286
Run 3,Alaric Voss,28,solo,0,0,312,0,0,0.067961,582,0,0,0.047393
Run 3,Alaric Voss,28,solo,0,0,517,0,0,0.081301,665,0,0,0.032653
Run 3,Alaric Voss,28,solo,0,0,359,0,0,0.070175,601,0,0,0.041237
Run 3,Alaric Voss,28,joint,1,0,11,1,0,0.0,0,0,0,0.0
Run 3,Alaric Voss,28,solo,0,0,448,1,0,1.0,662,1,0,1.0
Run 3,Alaric Voss,28,solo,0,0,448,1,0,1.0,741,0,0,0.484076
Run 3,Alaric Voss,28,solo,0,0,398,0,0,0.142857,736,0,0,0.035433
Run 3,Alaric Voss,28,solo,0,0,585,0,0,0.073333,587,0,0,0.031963
Run 3,Alaric Voss,28,solo,0,0,513,0,0,0.036496,552,0,0,0.036458
Run 3,Alaric Voss,28,solo,0,0,849,0,0,0.5,760,0,1,0.823944
Run 3,Alaric Voss,28,solo,0,0,362,0,0,0.061947,643,0,0,0.06
Run 3,Alaric Voss,28,solo,0,0,533,0,0,0.046875,735,0,0,0.051643
Run 3,Alaric Voss,28,solo,0,0,450,0,0,0.023256,581,0,0,0.048913
Run 3,Alaric Voss,28,joint,1,0,11,1,0,0.0,0,0,0,0.0
Run 3,Alaric Voss,28,solo,0,0,330,1,0,1.0,684,0,0,0.65942
Run 3,Alaric Voss,29,solo,0,0,448,1,0,1.0,527,0,0,0.730159
Run 3,Alaric Voss,29,solo,0,0,370,0,0,0.057692,518,0,0,0.022599
Run 3,Alaric Voss,29,solo,0,0,336,0,0,0.065421,645,0,0,0.061538
Run 3,Alaric Voss,29,solo,0,0,385,0,0,0.05042,531,0,0,0.028571
Run 3,Alaric Voss,29,solo,0,0,526,0,1,0.977528,903,0,0,0.568047
Run 3,Alaric Voss,29,solo,0,0,478,0,0,0.033613,558,0,0,0.051724
Run 3,Alaric Voss,29,solo,0,0,369,0,0,0.060345,694,0,0,0.025641
Run 3,Alaric Voss,29,solo,0,0,432,0,0,0.063492,711,0,0,0.044177
Run 3,Alaric Voss,29,joint,1,0,11,1,0,0.0,0,0,0,0.0
Run 3,Alaric Voss,29,solo,0,0,525,1,0,1.0,903,1,0,1.0
Run 3,Alaric Voss,29,solo,0,0,680,0,0,0.705882,903,1,0,1.0
Run 3,Alaric Voss,29,solo,0,0,381,0,0,0.07619,598,0,0,0.05102
Run 3,Alaric Voss,29,solo,0,0,372,0,0,0.037037,670,0,0,0.026042
Run 3,Alaric Voss,29,solo,0,0,341,0,0,0.109091,583,0,0,0.03125
Run 3,Alaric Voss,29,joint,1,0,11,1,0,0.0,0,0,0,0.0
Run 3,Alaric Voss,29,solo,1,0,525,1,0,1.0,11,1,0,0.0
Run 3,Alaric Voss,30,solo,0,0,448,1,0,1.0,572,0,0,0.759259
Run 3,Alaric Voss,30,solo,0,0,330,0,0,0.027778,547,0,0,0.038095
Run 3,Alaric Voss,30,solo,0,0,311,0,0,0.117021,778,0,0,0.058333
Run 3,Alaric Voss,30,solo,0,0,318,0,0,0.174757,540,0,0,0.042328
Run 3,Alaric Voss,30,joint,0,0,408,0,0,0.009091,486,0,0,0.015075
Run 3,Alaric Voss,30,solo,0,0,448,1,0,1.0,580,0,1,0.909091
Run 3,Alaric Voss,30,solo,0,0,448,1,0,1.0,580,1,0,1.0
Run 3,Alaric Voss,30,solo,0,0,361,0,0,0.144231,571,0,0,0.017699
Run 3,Alaric Voss,30,solo,0,0,473,0,0,0.022727,523,0,0,0.033708
Run 3,Alaric Voss,30,solo,0,0,385,0,0,0.046875,623,0,0,0.026178
Run 3,Alaric Voss,30,joint,1,0,11,1,0,0.0,0,0,0,0.0
Run 3,Alaric Voss,30,solo,0,0,448,1,0,1.0,573,0,1,0.96875
Run 3,Alaric Voss,30,solo,0,0,448,1,0,1.0,580,1,0,1.0
Run 3,Alaric Voss,30,solo,0,0,429,0,0,0.07377,583,0,0,0.041885
Run 3,Alaric Voss,30,solo,0,0,448,0,0,0.05,684,0,0,0.039024
Run 3,Alaric Voss,30,solo,0,0,329,0,0,0.017699,654,0,0,0.018265
Run 3,Alaric Voss,31,joint,1,0,11,1,0,0.0,0,0,0,0.0
Run 3,Alaric Voss,31,solo,0,0,345,0,0,0.073394,619,0,0,0.054795
Run 3,Alaric Voss,31,solo,0,0,448,1,0,1.0,729,0,0,0.601449
Run 3,Alaric Voss,31,solo,0,0,372,0,0,0.049587,596,0,0,0.014423
Run 3,Alaric Voss,31,solo,0,0,466,0,0,0.046154,651,0,0,0.048544
Run 3,Alaric Voss,31,solo,0,0,451,0,0,0.096,511,0,0,0.034884
Run 3,Alaric Voss,31,joint,1,0,11,1,0,0.0,0,0,0,0.0
Run 3,Alaric Voss,31,solo,0,0,489,0,1,0.928571,729,1,0,1.0
Run 3,Alaric Voss,31,solo,0,0,448,1,0,1.0,722,0,1,0.923664
Run 3,Alaric Voss,31,solo,0,0,325,0,0,0.083333,700,0,0,0.056872
Run 3,Alaric Voss,31,solo,0,0,506,0,0,0.043796,672,0,0,0.043478
Run 3,Alaric Voss,31,solo,0,0,284,0,0,0.123711,712,0,0,0.044643
Run 3,Alaric Voss,31,solo,0,0,387,0,0,0.704545,729,1,0,1.0
Run 3,Alaric Voss,31,solo,0,0,222,0,0,0.046729,632,0,0,0.089623
Run 3,Alaric Voss,31,solo,0,0,486,0,0,0.075472,617,0,0,0.034314
Run 3,Alaric Voss,31,solo,0,0,438,0,0,0.083969,538,0,0,0.03125
Run 3,Alaric Voss,32,joint,0,0,442,0,0,0.042857,705,0,0,0.015
Run 3,Alaric Voss,32,solo,0,0,451,0,0,0.573171,645,0,0,0.049261
Run 3,Alaric Voss,32,solo,0,0,448,1,0,1.0,562,0,0,0.731481
Run 3,Alaric Voss,32,solo,0,0,222,0,0,0.023529,564,0,0,0.024272
Run 3,Alaric Voss,32,solo,0,0,324,0,0,0.048,517,0,0,0.047059
Run 3,Alaric Voss,32,solo,0,0,353,0,0,0.186916,708,0,0,0.032787
Run 3,Alaric Voss,32,solo,0,0,438,0,0,0.632184,562,1,0,1.0
Run 3,Alaric Voss,32,solo,0,0,345,0,0,0.068627,580,0,0,0.025641
Run 3,Alaric Voss,32,solo,0,0,412,0,0,0.040984,591,0,0,0.037915
Run 3,Alaric Voss,32,solo,0,0,476,0,0,0.100719,572,0,0,0.048889
Run 3,Alaric Voss,32,joint,1,0,11,1,0,0.0,0,0,0,0.0
Run 3,Alaric Voss,32,solo,0,0,448,1,0,1.0,562,1,0,1.0
Run 3,Alaric Voss,32,solo,0,0,489,1,0,1.0,562,1,0,1.0
Run 3,Alaric Voss,32,solo,0,0,374,0,0,0.15,578,0,0,0.064356
Run 3,Alaric Voss,32,solo,0,0,491,0,0,0.07563,591,0,0,0.034826
Run 3,Alaric Voss,32,solo,0,0,477,0,0,0.031496,633,0,0,0.035
Run 3,Alaric Voss,33,solo,0,0,489,1,0,1.0,538,0,1,0.861386
Run 3,Alaric Voss,33,solo,0,0,354,0,0,0.018018,711,0,0,0.042453
Run 3,Alaric Voss,33,solo,0,0,372,0,0,0.042857,527,0,0,0.04918
Run 3,Alaric Voss,33,solo,0,0,412,0,0,0.053571,475,0,0,0.063953
Run 3,Alaric Voss,33,joint,1,0,11,1,0,0.0,0,0,0,0.0
Run 3,Alaric Voss,33,solo,0,0,489,1,0,1.0,728,0,0,0.107143
Run 3,Alaric Voss,33,solo,0,0,489,1,0,1.0,571,0,0,0.128205
Run 3,Alaric Voss,33,solo,0,0,413,0,0,0.071429,647,0,0,0.068783
Run 3,Alaric Voss,33,solo,0,0,384,0,0,0.196262,532,0,0,0.059211
Run 3,Alaric Voss,33,solo,0,0,354,0,0,0.091743,636,0,0,0.033708
Run 3,Alaric Voss,33,joint,1,0,11,1,0,0.0,0,0,0,0.0
Run 3,Alaric Voss,33,solo,0,0,448,1,0,1.0,756,0,0,0.570552
Run 3,Alaric Voss,33,solo,0,0,489,1,0,1.0,571,1,0,1.0
Run 3,Alaric Voss,33,solo,0,0,365,0,0,0.062016,599,0,0,0.083832
Run 3,Alaric Voss,33,solo,0,0,347,0,0,0.11,651,0,0,0.026178
Run 3,Alaric Voss,33,solo,0,0,374,0,0,0.034188,872,0,0,0.060729
Run 3,Alaric Voss,34,solo,0,0,448,1,0,1.0,589,0,0,0.119403
Run 3,Alaric Voss,34,solo,0,0,392,0,0,0.026316,661,0,0,0.014085
Run 3,Alaric Voss,34,solo,0,0,468,0,0,0.051613,756,0,0,0.045
Run 3,Alaric Voss,34,solo,0,0,313,0,0,0.05618,610,0,0,0.018779
Run 3,Alaric Voss,34,joint,1,0,11,1,0,0.0,0,0,0,0.0
Run 3,Alaric Voss,34,solo,0,0,489,1,0,1.0,662,0,0,0.677686
Run 3,Alaric Voss,34,solo,0,0,489,1,0,1.0,661,0,1,0.912281
Run 3,Alaric Voss,34,solo,0,0,457,0,0,0.08547,667,0,0,0.044554
Run 3,Alaric Voss,34,solo,0,0,525,0,0,0.073826,532,0,0,0.045918
Run 3,Alaric Voss,34,solo,0,0,306,0,0,0.212766,644,0,0,0.057692
Run 3,Alaric Voss,34,joint,1,0,11,1,0,0.0,0,0,0,0.0
Run 3,Alaric Voss,34,solo,0,0,448,1,0,1.0,661,0,1,0.912281
Run 3,Alaric Voss,34,solo,0,0,327,0,0,0.020979,640,0,0,0.027149
Run 3,Alaric Voss,34,solo,0,0,350,0,0,0.065421,638,0,0,0.028708
Run 3,Alaric Voss,34,solo,0,0,430,0,0,0.067227,626,0,0,0.059783
Run 3,Alaric Voss,34,solo,0,0,376,0,0,0.044248,661,0,0,0.021053
Run 3,Alaric Voss,35,solo,0,0,348,0,0,0.203883,554,0,0,0.02381
Run 3,Alaric Voss,35,solo,0,0,459,0,0,0.040984,694,0,0,0.028037
Run 3,Alaric Voss,35,solo,0,0,599,0,0,0.072848,552,0,0,0.047619
Run 3,Alaric Voss,35,solo,0,0,463,0,0,0.037037,707,0,0,0.054348
Run 3,Alaric Voss,35,solo,0,0,489,1,0,1.0,690,0,0,0.245509
Run 3,Alaric Voss,35,solo,0,0,362,0,0,0.067308,590,0,0,0.024155
Run 3,Alaric Voss,35,solo,0,0,399,0,0,0.057143,589,0,0,0.080214
Run 3,Alaric Voss,35,solo,0,0,398,0,0,0.090909,590,0,0,0.044643
Run 3,Alaric Voss,35,solo,0,0,288,0,0,0.042735,537,0,0,0.055249
Run 3,Alaric Voss,35,solo,0,0,290,0,0,0.04,583,0,0,0.029703
Run 3,Alaric Voss,35,solo,0,0,362,0,0,0.039216,594,0,0,0.050459
Run 3,Alaric Voss,35,solo,0,0,343,0,0,0.034014,514,0,0,0.02551
Run 3,Alaric Voss,35,joint,1,0,11,1,0,0.0,0,0,0,0.0
Run 3,Alaric Voss,35,solo,0,0,489,1,0,1.0,683,0,0,0.526316
Run 3,Alaric Voss,35,solo,0,0,448,1,0,1.0,690,1,0,1.0
Run 3,Alaric Voss,35,solo,0,0,291,0,0,0.028037,525,0,0,0.054348
Run 3,Alaric Voss,35,solo,0,0,388,0,0,0.094828,513,0,0,0.060606
Run 3,Alaric Voss,35,solo,0,0,299,0,0,0.061224,719,0,0,0.044053
Run 3,Alaric Voss,36,solo,0,0,256,0,0,0.184783,693,0,0,0.691176
Run 3,Alaric Voss,36,solo,0,0,485,0,0,0.035211,669,0,0,0.024631
Run 3,Alaric Voss,36,solo,0,0,452,0,0,0.067114,658,0,0,0.025907
Run 3,Alaric Voss,36,solo,0,0,431,0,0,0.030303,628,0,0,0.026549
Run 3,Alaric Voss,36,solo,0,0,256,1,0,1.0,693,1,0,1.0
Run 3,Alaric Voss,36,solo,0,0,479,0,0,0.016129,559,0,0,0.065728
Run 3,Alaric Voss,36,solo,0,0,462,0,0,0.033333,539,0,0,0.027174
Run 3,Alaric Voss,36,solo,0,0,344,0,0,0.019802,571,0,0,0.026178
Run 3,Alaric Voss,36,joint,1,0,11,1,0,0.0,0,0,0,0.0
Run 3,Alaric Voss,36,solo,0,0,489,1,0,1.0,665,0,0,0.320513
Run 3,Alaric Voss,36,solo,0,0,256,1,0,1.0,693,1,0,1.0
Run 3,Alaric Voss,36,solo,0,0,325,0,0,0.030534,654,0,0,0.042857
Run 3,Alaric Voss,36,solo,0,0,270,0,0,0.045113,493,0,0,0.02907
Run 3,Alaric Voss,36,solo,0,0,402,0,0,0.052288,598,0,0,0.021739
Run 3,Alaric Voss,36,joint,1,0,11,1,0,0.0,0,0,0,0.0
Run 3,Alaric Voss,36,solo,0,0,448,1,0,1.0,557,0,0,0.682927
Run 3,Alaric Voss,37,solo,0,0,256,1,0,1.0,672,0,0,0.691176
Run 3,Alaric Voss,37,solo,0,0,344,0,0,0.038095,507,0,0,0.03352
Run 3,Alaric Voss,37,solo,0,0,354,0,0,0.048544,594,0,0,0.040816
Run 3,Alaric Voss,37,solo,0,0,284,0,0,0.195122,603,0,0,0.077273
Run 3,Alaric Voss,37,joint,1,0,11,1,0,0.0,0,0,0,0.0
Run 3,Alaric Voss,37,solo,0,0,387,1,0,1.0,565,0,0,0.319444
Run 3,Alaric Voss,37,joint,0,0,370,0,0,0.0,600,0,0,0.0
Run 3,Alaric Voss,37,solo,0,0,387,1,0,1.0,574,0,1,0.950495
Run 3,Alaric Voss,37,solo,0,0,387,1,0,1.0,574,1,0,1.0
Run 3,Alaric Voss,37,solo,0,0,472,0,0,0.07563,649,0,0,0.04
Run 3,Alaric Voss,37,solo,0,0,365,0,0,0.072581,706,0,0,0.051282
Run 3,Alaric Voss,37,solo,0,0,293,0,0,0.166667,661,0,0,0.023697
Run 3,Alaric Voss,37,solo,0,0,387,1,0,1.0,569,0,1,0.901961
Run 3,Alaric Voss,37,solo,0,0,312,0,0,0.049505,612,0,0,0.059633
Run 3,Alaric Voss,37,solo,0,0,444,0,0,0.034965,699,0,0,0.074468
Run 3,Alaric Voss,37,solo,0,0,320,0,0,0.038095,636,0,0,0.039409
Run 3,Alaric Voss,38,joint,1,0,11,1,0,0.0,0,0,0,0.0
Run 3,Alaric Voss,38,solo,0,0,387,1,0,1.0,652,0,0,0.721311
Run 3,Alaric Voss,38,solo,0,0,387,1,0,1.0,652,1,0,1.0
Run 3,Alaric Voss,38,solo,0,0,465,0,0,0.061069,509,0,0,0.04
Run 3,Alaric Voss,38,solo,0,0,380,0,0,0.070707,583,0,0,0.048387
Run 3,Alaric Voss,38,solo,0,0,505,0,0,0.185484,685,0,0,0.014151
Run 3,Alaric Voss,38,joint,1,0,11,1,0,0.0,0,0,0,0.0
Run 3,Alaric Voss,38,solo,0,0,387,1,0,1.0,652,1,0,1.0
Run 3,Alaric Voss,38,solo,0,0,387,1,0,1.0,652,1,0,1.0
Run 3,Alaric Voss,38,solo,0,0,454,0,0,0.034783,585,0,0,0.053191
Run 3,Alaric Voss,38,solo,0,0,336,0,0,0.074074,535,0,0,0.028409
Run 3,Alaric Voss,38,solo,0,0,307,0,0,0.060606,534,0,0,0.025907
Run 3,Alaric Voss,38,solo,0,0,387,1,0,1.0,652,1,0,1.0
Run 3,Alaric Voss,38,solo,0,0,339,0,0,0.050847,532,0,0,0.025773
Run 3,Alaric Voss,38,solo,0,0,421,0,0,0.046512,589,0,0,0.071006
Run 3,Alaric Voss,38,solo,0,0,255,0,0,0.054945,546,0,0,0.032609
Run 3,Alaric Voss,39,joint,0,0,340,0,0,0.008696,519,0,0,0.009901
Run 3,Alaric Voss,39,solo,0,0,387,1,0,1.0,706,0,0,0.687023
Run 3,Alaric Voss,39,solo,0,0,387,1,0,1.0,569,0,1,0.857143
Run 3,Alaric Voss,39,solo,0,0,440,0,0,0.090226,666,0,0,0.086486
Run 3,Alaric Voss,39,solo,0,0,364,0,0,0.062016,570,0,0,0.047368
Run 3,Alaric Voss,39,solo,0,0,270,0,0,0.086207,651,0,0,0.0181
Run 3,Alaric Voss,39,joint,1,0,11,1,0,0.0,0,0,0,0.0
Run 3,Alaric Voss,39,solo,0,0,387,1,0,1.0,780,0,0,0.659574
Run 3,Alaric Voss,39,solo,0,0,387,1,0,1.0,862,0,0,0.644737
Run 3,Alaric Voss,39,solo,0,0,444,0,0,0.075862,644,0,0,0.030612
Run 3,Alaric Voss,39,solo,0,0,414,0,0,0.039062,537,0,0,0.021858
Run 3,Alaric Voss,39,solo,0,0,330,0,0,0.046729,576,0,0,0.03211
Run 3,Alaric Voss,39,solo,0,0,387,1,0,1.0,855,0,1,0.936306
Run 3,Alaric Voss,39,solo,0,0,433,0,0,0.02521,573,0,0,0.032864
Run 3,Alaric Voss,39,solo,0,0,384,0,0,0.070866,576,0,0,0.037634
Run 3,Alaric Voss,39,solo,0,0,334,0,0,0.170213,621,0,0,0.04721
Run 3,Alaric Voss,40,solo,0,0,492,0,0,0.712644,956,0,0,0.475676
Run 3,Alaric Voss,40,solo,0,0,403,0,0,0.046154,697,0,0,0.062802
Run 3,Alaric Voss,40,solo,0,0,368,0,0,0.074766,529,0,0,0.064706
Run 3,Alaric Voss,40,solo,0,0,378,0,0,0.204082,665,0,0,0.025253
Run 3,Alaric Voss,40,solo,0,0,492,1,0,1.0,956,1,0,1.0
Run 3,Alaric Voss,40,solo,0,0,371,0,0,0.076087,732,0,0,0.038095
Run 3,Alaric Voss,40,solo,0,0,369,0,0,0.051852,675,0,0,0.023697
Run 3,Alaric Voss,40,solo,0,0,371,0,0,0.06422,464,0,0,0.042424
Run 3,Alaric Voss,40,joint,1,0,11,1,0,0.0,0,0,0,0.0
Run 3,Alaric Voss,40,solo,0,0,387,1,0,1.0,956,1,0,1.0
Run 3,Alaric Voss,40,joint,1,0,11,1,0,0.0,0,0,0,0.0
Run 3,Alaric Voss,40,solo,0,0,453,0,0,0.04065,565,0,0,0.022124
Run 3,Alaric Voss,40,solo,0,0,387,1,0,1.0,956,1,0,1.0
Run 3,Alaric Voss,40,solo,0,0,393,0,0,0.032,625,0,0,0.067708
Run 3,Alaric Voss,40,solo,0,0,424,0,0,0.053571,658,0,0,0.046875
Run 3,Alaric Voss,40,solo,0,0,308,0,0,0.163265,642,0,0,0.029703
Run 3,Alaric Voss,41,joint,0,0,322,0,0,0.010417,461,0,0,0.0
Run 3,Alaric Voss,41,solo,0,0,387,1,0,1.0,609,0,0,0.745763
Run 3,Alaric Voss,41,solo,0,0,492,1,0,1.0,424,0,0,0.385185
Run 3,Alaric Voss,41,solo,0,0,379,0,0,0.049505,621,0,0,0.078652
Run 3,Alaric Voss,41,solo,0,0,365,0,0,0.039216,625,0,0,0.031746
Run 3,Alaric Voss,41,solo,0,0,351,0,0,0.16129,701,0,0,0.067568
Run 3,Alaric Voss,41,joint,1,0,11,1,0,0.0,0,0,0,0.0
Run 3,Alaric Voss,41,solo,0,0,387,1,0,1.0,424,1,0,1.0
Run 3,Alaric Voss,41,solo,0,0,389,1,0,1.0,609,1,0,1.0
Run 3,Alaric Voss,41,solo,0,0,490,0,0,0.056604,594,0,0,0.064356
Run 3,Alaric Voss,41,solo,0,0,520,0,0,0.129032,719,0,0,0.035088
Run 3,Alaric Voss,41,solo,0,0,406,0,0,0.024,684,0,0,0.053398
Run 3,Alaric Voss,41,joint,1,0,11,1,0,0.0,0,0,0,0.0
Run 3,Alaric Voss,41,solo,0,0,403,0,0,0.227642,579,0,0,0.165746
Run 3,Alaric Voss,42,solo,0,0,454,0,0,0.413462,609,1,0,1.0
Run 3,Alaric Voss,42,solo,0,0,314,0,0,0.080645,553,0,0,0.062147
Run 3,Alaric Voss,42,solo,0,0,368,0,0,0.054545,572,0,0,0.108108
Run 3,Alaric Voss,42,solo,0,0,423,0,0,0.151786,671,0,0,0.05641
Run 3,Alaric Voss,42,joint,0,0,312,0,0,0.0,463,0,0,0.012579
Run 3,Alaric Voss,42,solo,0,0,413,0,1,0.924051,618,0,0,0.683761
Run 3,Alaric Voss,42,solo,0,0,454,1,0,1.0,609,1,0,1.0
Run 3,Alaric Voss,42,solo,0,0,409,0,0,0.12931,722,0,0,0.025751
Run 3,Alaric Voss,42,solo,0,0,305,0,0,0.032967,551,0,0,0.020408
Run 3,Alaric Voss,42,solo,0,0,402,0,0,0.0,639,0,0,0.00939
Run 3,Alaric Voss,42,joint,1,0,11,1,0,0.0,0,0,0,0.0
Run 3,Alaric Voss,42,solo,0,0,454,1,0,1.0,609,1,0,1.0
Run 3,Alaric Voss,42,solo,0,0,454,1,0,1.0,609,1,0,1.0
Run 3,Alaric Voss,42,solo,0,0,361,0,0,0.096491,742,0,0,0.037037
Run 3,Alaric Voss,42,solo,0,0,444,0,0,0.08871,530,0,0,0.023669
Run 3,Alaric Voss,42,solo,0,0,361,0,0,0.058252,706,0,0,0.042194
Run 3,Alaric Voss,43,solo,0,0,402,1,0,1.0,745,0,0,0.029915
Run 3,Alaric Voss,43,solo,0,0,381,0,0,0.02963,615,0,0,0.030928
Run 3,Alaric Voss,43,solo,0,0,425,0,0,0.053435,446,0,0,0.035928
Run 3,Alaric Voss,43,solo,0,0,375,0,0,0.120968,566,0,0,0.017241
Run 3,Alaric Voss,43,joint,0,0,288,0,0,0.7,463,1,0,1.0
Run 3,Alaric Voss,43,solo,0,0,454,1,0,1.0,712,0,1,0.834646
Run 3,Alaric Voss,43,solo,0,0,449,0,0,0.612903,639,0,0,0.118943
Run 3,Alaric Voss,43,solo,0,0,442,0,0,0.047619,520,0,0,0.036458
Run 3,Alaric Voss,43,solo,0,0,499,0,0,0.095652,652,0,0,0.058824
Run 3,Alaric Voss,43,solo,0,0,460,0,0,0.041667,602,0,0,0.036269
Run 3,Alaric Voss,43,solo,0,0,449,0,1,0.880952,581,0,0,0.713043
Run 3,Alaric Voss,43,solo,0,0,450,0,0,0.014085,592,0,0,0.032258
Run 3,Alaric Voss,43,solo,0,0,510,0,0,0.023077,620,0,0,0.055866
Run 3,Alaric Voss,43,solo,0,0,407,0,0,0.043103,590,0,0,0.043716
Run 3,Alaric Voss,43,solo,1,0,454,1,0,1.0,11,1,0,0.0
Run 3,Alaric Voss,43,solo,0,0,372,0,0,0.046729,627,0,0,0.075377
Run 3,Alaric Voss,43,solo,0,0,440,0,0,0.066116,644,0,0,0.064677
Run 3,Alaric Voss,43,solo,0,0,433,0,0,0.092308,559,0,0,0.01005
Run 3,Alaric Voss,44,joint,0,0,423,0,0,0.0,506,0,0,0.049689
Run 3,Alaric Voss,44,solo,0,0,1005,0,0,0.519737,624,0,0,0.725
Run 3,Alaric Voss,44,joint,1,0,11,1,0,0.0,0,0,0,0.0
Run 3,Alaric Voss,44,solo,0,0,400,0,0,0.136,570,0,0,0.790909
Run 3,Alaric Voss,44,solo,0,0,454,1,0,1.0,561,0,1,0.950495
Run 3,Alaric Voss,44,solo,0,0,343,0,0,0.198113,583,0,0,0.032558
Run 3,Alaric Voss,44,solo,0,0,369,0,0,0.1,639,0,0,0.032407
Run 3,Alaric Voss,44,solo,0,0,313,0,0,0.039683,537,0,0,0.052356
Run 3,Alaric Voss,44,joint,1,0,11,1,0,0.0,0,0,0,0.0
Run 3,Alaric Voss,44,solo,0,0,454,1,0,1.0,570,1,0,1.0
Run 3,Alaric Voss,44,solo,0,0,454,1,0,1.0,562,0,1,0.969697
Run 3,Alaric Voss,44,solo,0,0,267,0,0,0.068182,718,0,0,0.06
Run 3,Alaric Voss,44,solo,0,0,403,0,0,0.121951,704,0,0,0.033981
Run 3,Alaric Voss,44,solo,0,0,444,0,0,0.090226,625,0,0,0.024631
Run 3,Alaric Voss,45,solo,0,0,454,1,0,1.0,565,0,1,0.818182
Run 3,Alaric Voss,45,solo,0,0,352,0,0,0.09375,628,0,0,0.040201
Run 3,Alaric Voss,45,solo,0,0,457,0,0,0.062992,708,0,0,0.030435
Run 3,Alaric Voss,45,solo,0,0,413,0,0,0.088235,481,0,0,0.047059
Run 3,Alaric Voss,45,solo,0,0,454,1,0,1.0,565,1,0,1.0
Run 3,Alaric Voss,45,solo,0,0,530,0,0,0.06015,762,0,0,0.021645
Run 3,Alaric Voss,45,solo,0,0,276,0,0,0.072165,643,0,0,0.020833
Run 3,Alaric Voss,45,solo,0,0,261,0,0,0.045977,532,0,0,0.044776
Run 3,Alaric Voss,45,joint,1,0,11,1,0,0.0,0,0,0,0.0
Run 3,Alaric Voss,45,solo,0,0,454,1,0,1.0,565,1,0,1.0
Run 3,Alaric Voss,45,solo,0,0,454,1,0,1.0,565,1,0,1.0
Run 3,Alaric Voss,45,solo,0,0,421,0,0,0.019737,593,0,0,0.028249
Run 3,Alaric Voss,45,solo,0,0,464,0,0,0.058333,607,0,0,0.057692
Run 3,Alaric Voss,45,solo,0,0,313,0,0,0.072727,574,0,0,0.065657
Run 3,Alaric Voss,45,joint,1,0,11,1,0,0.0,0,0,0,0.0
Run 3,Alaric Voss,45,solo,0,0,413,1,0,1.0,565,1,0,1.0
Run 3,Alaric Voss,46,solo,0,0,454,1,0,1.0,599,0,0,0.760684
Run 3,Alaric Voss,46,solo,0,0,333,0,0,0.2,633,0,0,0.038961
Run 3,Alaric Voss,46,solo,0,0,313,0,0,0.069767,642,0,0,0.059459
Run 3,Alaric Voss,46,solo,0,0,391,0,0,0.06422,638,0,0,0.019512
Run 3,Alaric Voss,46,joint,0,0,432,0,0,0.0,733,0,0,0.015464
Run 3,Alaric Voss,46,solo,0,0,454,1,0,1.0,599,1,0,1.0
Run 3,Alaric Voss,46,solo,0,0,454,1,0,1.0,599,1,0,1.0
Run 3,Alaric Voss,46,solo,0,0,361,0,0,0.089109,639,0,0,0.098446
Run 3,Alaric Voss,46,solo,0,0,430,0,0,0.058824,663,0,0,0.056277
Run 3,Alaric Voss,46,solo,0,0,312,0,0,0.03125,605,0,0,0.035176
Run 3,Alaric Voss,46,joint,1,0,11,1,0,0.0,0,0,0,0.0
Run 3,Alaric Voss,46,solo,0,0,454,1,0,1.0,599,1,0,1.0
Run 3,Alaric Voss,46,solo,0,0,413,1,0,1.0,599,1,0,1.0
Run 3,Alaric Voss,46,solo,0,0,462,0,0,0.131783,594,0,0,0.024752
Run 3,Alaric Voss,46,solo,0,0,432,0,0,0.09901,689,0,0,0.066964
Run 3,Alaric Voss,46,solo,0,0,337,0,0,0.036232,539,0,0,0.009302
Run 3,Alaric Voss,47,solo,0,0,283,0,0,0.211111,538,0,0,0.068063
Run 3,Alaric Voss,47,solo,0,0,426,0,0,0.042017,615,0,0,0.027778
Run 3,Alaric Voss,47,solo,0,0,407,0,0,0.050505,508,0,0,0.045455
Run 3,Alaric Voss,47,solo,0,0,321,0,0,0.168539,651,0,0,0.009524
Run 3,Alaric Voss,47,joint,1,0,11,1,0,0.0,0,0,0,0.0
Run 3,Alaric Voss,47,solo,0,0,456,1,0,1.0,686,0,0,0.706349
Run 3,Alaric Voss,47,solo,0,0,454,1,0,1.0,816,0,0,0.753425
Run 3,Alaric Voss,47,solo,0,0,369,0,0,0.069307,581,0,0,0.050505
Run 3,Alaric Voss,47,solo,0,0,363,0,0,0.045455,568,0,0,0.022989
Run 3,Alaric Voss,47,solo,0,0,440,0,0,0.095238,626,0,0,0.03
Run 3,Alaric Voss,47,joint,1,0,11,1,0,0.0,0,0,0,0.0
Run 3,Alaric Voss,47,solo,0,0,454,1,0,1.0,687,0,1,0.975
Run 3,Alaric Voss,47,solo,0,0,454,1,0,1.0,687,1,0,1.0
Run 3,Alaric Voss,47,solo,0,0,323,0,0,0.052632,499,0,0,0.052356
Run 3,Alaric Voss,47,solo,0,0,426,0,0,0.084746,628,0,0,0.076923
Run 3,Alaric Voss,47,solo,0,0,301,0,0,0.067797,483,0,0,0.043478
Run 3,Alaric Voss,48,solo,0,0,454,1,0,1.0,731,0,0,0.671533
Run 3,Alaric Voss,48,solo,0,0,400,0,0,0.030769,616,0,0,0.024155
Run 3,Alaric Voss,48,solo,0,0,414,0,0,0.070175,631,0,0,0.057692
Run 3,Alaric Voss,48,solo,0,0,375,0,0,0.051095,613,0,0,0.068421
Run 3,Alaric Voss,48,joint,0,0,330,0,0,0.035714,450,0,0,0.012422
Run 3,Alaric Voss,48,solo,0,0,456,1,0,1.0,730,0,1,0.976562
Run 3,Alaric Voss,48,solo,0,0,456,1,0,1.0,730,1,0,1.0
Run 3,Alaric Voss,48,solo,0,0,488,0,0,0.055172,559,0,0,0.045455
Run 3,Alaric Voss,48,solo,0,0,482,0,0,0.043165,591,0,0,0.068182
Run 3,Alaric Voss,48,solo,0,0,426,0,0,0.02069,563,0,0,0.03125
Run 3,Alaric Voss,48,joint,1,0,11,1,0,0.0,0,0,0,0.0
Run 3,Alaric Voss,48,solo,0,0,454,1,0,1.0,731,1,0,1.0
Run 3,Alaric Voss,48,solo,0,0,456,1,0,1.0,731,1,0,1.0
Run 3,Alaric Voss,48,solo,0,0,431,0,0,0.201493,581,0,0,0.068063
Run 3,Alaric Voss,48,solo,0,0,438,0,0,0.059829,537,0,0,0.067358
Run 3,Alaric Voss,48,solo,0,0,382,0,0,0.051724,501,0,0,0.019231
Run 3,Alaric Voss,49,solo,0,0,454,1,0,1.0,567,0,0,0.772727
Run 3,Alaric Voss,49,solo,0,0,336,0,0,0.181818,592,0,0,0.046083
Run 3,Alaric Voss,49,solo,0,0,494,0,0,0.06087,657,0,0,0.053922
Run 3,Alaric Voss,49,solo,0,0,530,0,0,0.037879,712,0,0,0.018519
Run 3,Alaric Voss,49,joint,0,0,313,0,0,0.0,573,0,0,0.718182
Run 3,Alaric Voss,49,solo,0,0,454,1,0,1.0,623,0,0,0.030151
Run 3,Alaric Voss,49,solo,0,0,454,1,0,1.0,568,0,1,0.969697
Run 3,Alaric Voss,49,solo,0,0,355,0,0,0.081633,596,0,0,0.053191
Run 3,Alaric Voss,49,solo,0,0,509,0,0,0.041096,858,0,0,0.048035
Run 3,Alaric Voss,49,solo,0,0,327,0,0,0.179245,627,0,0,0.052133
Run 3,Alaric Voss,49,solo,0,0,456,1,0,1.0,787,0,0,0.713235
Run 3,Alaric Voss,49,solo,0,0,423,0,0,0.097015,627,0,0,0.056122
Run 3,Alaric Voss,49,solo,0,0,304,0,0,0.067961,595,0,0,0.056701
Run 3,Alaric Voss,49,solo,0,0,302,0,0,0.102041,475,0,0,0.062857
Run 3,Alaric Voss,49,solo,0,0,413,1,0,1.0,627,1,0,1.0
Run 3,Alaric Voss,49,solo,0,0,327,0,0,0.136364,583,0,0,0.068783
Run 3,Alaric Voss,49,solo,0,0,384,0,0,0.071429,652,0,0,0.089623
Run 3,Alaric Voss,49,solo,0,0,312,0,0,0.07,586,0,0,0.026178
Run 3,Alaric Voss,50,solo,0,0,454,1,0,1.0,511,0,1,0.823009
Run 3,Alaric Voss,50,solo,0,0,353,0,0,0.114035,762,0,0,0.049774
Run 3,Alaric Voss,50,solo,0,0,449,0,0,0.153846,605,0,0,0.027273
Run 3,Alaric Voss,50,solo,0,0,484,0,0,0.044776,709,0,0,0.055556
Run 3,Alaric Voss,50,solo,0,0,413,1,0,1.0,521,0,1,0.908163
Run 3,Alaric Voss,50,solo,0,0,445,0,0,0.168224,559,0,0,0.122222
Run 3,Alaric Voss,50,solo,0,0,396,0,0,0.052239,479,0,0,0.036082
Run 3,Alaric Voss,50,solo,0,0,441,0,0,0.02459,635,0,0,0.102041
Run 3,Alaric Voss,50,joint,1,0,11,1,0,0.0,0,0,0,0.0
Run 3,Alaric Voss,50,solo,0,0,275,0,0,0.055556,694,0,0,0.043103
Run 3,Alaric Voss,50,solo,0,0,454,1,0,1.0,647,0,1,0.801724
Run 3,Alaric Voss,50,solo,0,0,331,0,0,0.029126,727,0,0,0.10628
Run 3,Alaric Voss,50,solo,0,0,372,0,0,0.054688,599,0,0,0.035897
Run 3,Alaric Voss,50,solo,0,0,342,0,0,0.154639,660,0,0,0.061674
Run 3,Alaric Voss,50,joint,1,0,11,1,0,0.0,0,0,0,0.0
Run 3,Alaric Voss,50,solo,1,0,11,1,0,0.0,11,1,0,0.0
Run 3,Alaric Voss,51,solo,0,1,454,1,0,1.0,713,0,0,0.734375
Run 3,Alaric Voss,51,solo,0,1,345,0,0,0.131868,707,0,0,0.054545
Run 3,Alaric Voss,51,solo,0,1,435,0,0,0.072072,603,0,0,0.060773
Run 3,Alaric Voss,51,solo,0,1,302,0,0,0.058824,802,0,0,0.028
Run 3,Alessandro Vieri,1,joint,0,0,338,0,0,0.0,624,0,0,0.0
Run 3,Alessandro Vieri,1,solo,0,0,272,0,0,0.0,537,0,0,0.0
Run 3,Alessandro Vieri,1,solo,0,0,452,0,0,0.106557,760,0,0,0.0
Run 3,Alessandro Vieri,1,solo,0,0,365,0,0,0.108696,473,0,0,0.0
Run 3,Alessandro Vieri,1,solo,0,0,327,0,0,0.12963,549,0,0,0.0
Run 3,Alessandro Vieri,1,solo,0,0,355,0,0,0.009091,616,0,0,0.016393
Run 3,Alessandro Vieri,1,joint,0,0,549,0,0,0.0,666,0,0,0.004444
Run 3,Alessandro Vieri,1,solo,0,0,461,0,0,0.464912,726,0,0,0.622047
Run 3,Alessandro Vieri,1,solo,0,0,425,0,0,0.758242,726,1,0,1.0
Run 3,Alessandro Vieri,1,solo,0,0,388,0,0,0.115385,623,0,0,0.046875
Run 3,Alessandro Vieri,1,solo,0,0,399,0,0,0.014493,730,0,0,0.008621
Run 3,Alessandro Vieri,1,solo,0,0,333,0,0,0.0,602,0,0,0.03125
Run 3,Alessandro Vieri,1,solo,0,0,409,0,0,0.006369,609,0,0,0.017316
Run 3,Alessandro Vieri,1,solo,0,0,403,0,0,0.006579,680,0,0,0.029557
Run 3,Alessandro Vieri,1,solo,0,0,335,0,0,0.0,725,0,0,0.008163
Run 3,Alessandro Vieri,1,solo,0,0,502,0,0,0.0,603,0,0,0.00565
Run 3,Alessandro Vieri,2,solo,0,0,344,0,0,0.065217,649,0,0,0.68
Run 3,Alessandro Vieri,2,solo,0,0,466,0,0,0.011905,647,0,0,0.052885
Run 3,Alessandro Vieri,2,solo,0,0,414,0,0,0.008197,780,0,0,0.013636
Run 3,Alessandro Vieri,2,solo,0,0,184,0,0,0.0,811,0,0,0.012712
Run 3,Alessandro Vieri,2,solo,0,0,445,0,1,0.892857,677,0,0,0.669492
Run 3,Alessandro Vieri,2,solo,0,0,381,0,0,0.00813,724,0,0,0.012821
Run 3,Alessandro Vieri,2,solo,0,0,376,0,0,0.0,602,0,0,0.017143
Run 3,Alessandro Vieri,2,solo,0,0,363,0,0,0.008475,628,0,0,0.017021
Run 3,Alessandro Vieri,2,joint,1,0,11,0,0,0.0,0,0,0,0.0
Run 3,Alessandro Vieri,2,solo,0,0,447,0,1,0.892857,654,0,1,0.892562
Run 3,Alessandro Vieri,2,solo,0,0,445,1,0,1.0,705,0,0,0.652893
Run 3,Alessandro Vieri,2,solo,0,0,428,0,0,0.033784,891,0,0,0.05668
Run 3,Alessandro Vieri,2,solo,0,0,343,0,0,0.008403,615,0,0,0.018939
Run 3,Alessandro Vieri,2,solo,0,0,423,0,0,0.007353,552,0,0,0.018349
Run 3,Alessandro Vieri,2,joint,1,0,11,1,0,0.0,0,0,0,0.0
Run 3,Alessandro Vieri,2,solo,0,0,413,0,0,0.692308,648,0,1,0.908333
Run 3,Alessandro Vieri,3,joint,0,0,442,0,0,0.0,548,0,0,0.0
Run 3,Alessandro Vieri,3,solo,0,0,413,1,0,1.0,666,0,0,0.642857
Run 3,Alessandro Vieri,3,solo,0,0,411,0,1,0.871795,666,1,0,1.0
Run 3,Alessandro Vieri,3,solo,0,0,335,0,0,0.048,578,0,0,0.028169
Run 3,Alessandro Vieri,3,solo,0,0,466,0,0,0.0,970,0,0,0.010345
Run 3,Alessandro Vieri,3,solo,0,0,332,0,0,0.0,471,0,0,0.031915
Run 3,Alessandro Vieri,3,joint,1,0,11,1,0,0.0,0,0,0,0.0
Run 3,Alessandro Vieri,3,solo,0,0,413,1,0,1.0,634,0,0,0.413333
Run 3,Alessandro Vieri,3,solo,0,0,411,1,0,1.0,666,1,0,1.0
Run 3,Alessandro Vieri,3,solo,0,0,337,0,0,0.006849,473,0,0,0.010526
Run 3,Alessandro Vieri,3,solo,0,0,502,0,0,0.006711,780,0,0,0.026201
Run 3,Alessandro Vieri,3,solo,0,0,271,0,0,0.009709,495,0,0,0.034091
Run 3,Alessandro Vieri,3,solo,0,0,411,1,0,1.0,666,1,0,1.0
Run 3,Alessandro Vieri,3,solo,0,0,342,0,0,0.0,615,0,0,0.043636
Run 3,Alessandro Vieri,3,solo,0,0,366,0,0,0.008621,592,0,0,0.058201
Run 3,Alessandro Vieri,3,solo,0,0,369,0,0,0.035088,683,0,0,0.029915
Run 3,Alessandro Vieri,4,solo,0,0,411,1,0,1.0,787,0,0,0.565217
Run 3,Alessandro Vieri,4,solo,0,0,460,0,0,0.126984,488,0,0,0.010471
Run 3,Alessandro Vieri,4,solo,0,0,499,0,0,0.024845,564,0,0,0.036458
Run 3,Alessandro Vieri,4,solo,0,0,326,0,0,0.026549,706,0,0,0.027027
Run 3,Alessandro Vieri,4,solo,0,0,411,1,0,1.0,787,1,0,1.0
Run 3,Alessandro Vieri,4,solo,0,0,500,0,0,0.028777,529,0,0,0.004464
Run 3,Alessandro Vieri,4,solo,0,0,449,0,0,0.040323,713,0,0,0.028807
Run 3,Alessandro Vieri,4,solo,0,0,501,0,0,0.020979,717,0,0,0.030973
Run 3,Alessandro Vieri,4,solo,0,0,411,1,0,1.0,787,1,0,1.0
Run 3,Alessandro Vieri,4,solo,0,0,284,0,0,0.009615,523,0,0,0.020725
Run 3,Alessandro Vieri,4,solo,0,0,306,0,0,0.027273,561,0,0,0.039409
Run 3,Alessandro Vieri,4,solo,0,0,355,0,0,0.054545,602,0,0,0.037037
Run 3,Alessandro Vieri,4,joint,1,0,11,1,0,0.0,0,0,0,0.0
Run 3,Alessandro Vieri,4,solo,1,0,11,0,0,0.0,11,0,0,0.0
Run 3,Alessandro Vieri,4,joint,1,0,11,1,0,0.0,0,0,0,0.0
Run 3,Alessandro Vieri,4,solo,1,0,11,1,0,0.0,11,1,0,0.0
Run 3,Alessandro Vieri,5,solo,0,0,411,1,0,1.0,611,0,0,0.707692
Run 3,Alessandro Vieri,5,solo,0,0,426,0,0,0.033557,656,0,0,0.037634
Run 3,Alessandro Vieri,5,solo,0,0,660,0,0,0.021622,799,0,0,0.023585
Run 3,Alessandro Vieri,5,solo,0,0,339,0,0,0.033898,531,0,0,0.021978
Run 3,Alessandro Vieri,5,solo,0,0,411,1,0,1.0,611,1,0,1.0
Run 3,Alessandro Vieri,5,solo,0,0,386,0,0,0.007812,692,0,0,0.021164
Run 3,Alessandro Vieri,5,solo,0,0,317,0,0,0.0,693,0,0,0.015306
Run 3,Alessandro Vieri,5,solo,0,0,364,0,0,0.034483,535,0,0,0.039106
Run 3,Alessandro Vieri,5,joint,1,0,11,1,0,0.0,0,0,0,0.0
Run 3,Alessandro Vieri,5,solo,0,0,413,1,0,1.0,611,1,0,1.0
Run 3,Alessandro Vieri,5,solo,0,0,411,1,0,1.0,611,1,0,1.0
Run 3,Alessandro Vieri,5,solo,0,0,313,0,0,0.026316,708,0,0,0.048544
Run 3,Alessandro Vieri,5,solo,0,0,403,0,0,0.032258,699,0,0,0.048458
Run 3,Alessandro Vieri,5,solo,0,0,280,0,0,0.038835,606,0,0,0.021277
Run 3,Alessandro Vieri,5,solo,1,0,11,1,0,0.0,11,1,0,0.0
Run 3,Alessandro Vieri,5,solo,0,0,487,0,0,0.069444,692,0,0,0.04712
Run 3,Alessandro Vieri,5,solo,0,0,488,0,0,0.007042,596,0,0,0.054745
Run 3,Alessandro Vieri,5,solo,0,0,333,0,0,0.014388,599,0,0,0.018433
Run 3,Alessandro Vieri,6,solo,0,0,353,0,1,0.876712,633,0,0,0.201087
Run 3,Alessandro Vieri,6,solo,0,0,247,0,0,0.025,656,0,0,0.073394
Run 3,Alessandro Vieri,6,solo,0,0,519,0,0,0.020833,543,0,0,0.010256
Run 3,Alessandro Vieri,6,solo,0,0,302,0,0,0.039216,599,0,0,0.034483
Run 3,Alessandro Vieri,6,joint,1,0,11,1,0,0.0,0,0,0,0.0
Run 3,Alessandro Vieri,6,solo,0,0,413,1,0,1.0,656,1,0,1.0
Run 3,Alessandro Vieri,6,solo,0,0,411,1,0,1.0,656,1,0,1.0
Run 3,Alessandro Vieri,6,solo,0,0,363,0,0,0.07971,654,0,0,0.022599
Run 3,Alessandro Vieri,6,solo,0,0,513,0,0,0.054795,713,0,0,0.085714
Run 3,Alessandro Vieri,6,solo,0,0,263,0,0,0.136842,642,0,0,0.014634
Run 3,Alessandro Vieri,6,joint,1,0,11,1,0,0.0,0,0,0,0.0
Run 3,Alessandro Vieri,6,solo,0,0,413,1,0,1.0,735,0,0,0.166667
Run 3,Alessandro Vieri,6,solo,0,0,411,1,0,1.0,828,0,0,0.726667
Run 3,Alessandro Vieri,6,solo,0,0,375,0,0,0.033898,665,0,0,0.12093
Run 3,Alessandro Vieri,6,solo,0,0,390,0,0,0.033058,668,0,0,0.026549
Run 3,Alessandro Vieri,6,solo,0,0,269,0,0,0.034483,576,0,0,0.025641
Run 3,Alessandro Vieri,7,solo,0,0,432,0,1,0.810811,664,0,0,0.640845
Run 3,Alessandro Vieri,7,solo,0,0,330,0,0,0.008696,623,0,0,0.037433
Run 3,Alessandro Vieri,7,solo,0,0,345,0,0,0.009091,604,0,0,0.031746
Run 3,Alessandro Vieri,7,solo,0,0,544,0,0,0.092391,545,0,0,0.020305
Run 3,Alessandro Vieri,7,joint,1,0,11,1,0,0.0,0,0,0,0.0
Run 3,Alessandro Vieri,7,solo,0,0,434,0,1,0.866667,645,0,0,0.18
Run 3,Alessandro Vieri,7,solo,0,0,490,0,1,0.886076,775,0,1,0.857143
Run 3,Alessandro Vieri,7,solo,0,0,357,0,0,0.028302,619,0,0,0.037433
Run 3,Alessandro Vieri,7,solo,0,0,443,0,0,0.019481,621,0,0,0.027027
Run 3,Alessandro Vieri,7,solo,0,0,463,0,0,0.090909,562,0,0,0.109005
Run 3,Alessandro Vieri,7,solo,0,0,490,1,0,1.0,775,1,0,1.0
Run 3,Alessandro Vieri,7,solo,0,0,958,0,0,0.028169,731,0,0,0.028846
Run 3,Alessandro Vieri,7,solo,0,0,498,0,0,0.020833,574,0,0,0.037915
Run 3,Alessandro Vieri,7,solo,0,0,354,0,0,0.094017,655,0,0,0.072464
Run 3,Alessandro Vieri,7,solo,1,0,11,1,0,0.0,11,1,0,0.0
Run 3,Alessandro Vieri,7,solo,0,0,511,0,0,0.082803,676,0,0,0.107692
Run 3,Alessandro Vieri,7,solo,0,0,522,0,0,0.019608,608,0,0,0.036269
Run 3,Alessandro Vieri,7,solo,0,0,345,0,0,0.008403,544,0,0,0.011429
Run 3,Alessandro Vieri,8,solo,0,0,748,0,0,0.456954,840,0,0,0.453552
Run 3,Alessandro Vieri,8,solo,0,0,332,0,0,0.022989,693,0,0,0.022124
Run 3,Alessandro Vieri,8,solo,0,0,529,0,0,0.069182,569,0,0,0.031746
Run 3,Alessandro Vieri,8,solo,0,0,292,0,0,0.028302,566,0,0,0.018868
Run 3,Alessandro Vieri,8,joint,1,0,11,1,0,0.0,0,0,0,0.0
Run 3,Alessandro Vieri,8,solo,0,0,407,0,1,0.90625,634,0,0,0.06
Run 3,Alessandro Vieri,8,solo,0,0,411,1,0,1.0,797,0,0,0.463277
Run 3,Alessandro Vieri,8,solo,0,0,279,0,0,0.03,634,0,0,0.020576
Run 3,Alessandro Vieri,8,solo,0,0,561,0,0,0.048276,840,0,0,0.027778
Run 3,Alessandro Vieri,8,solo,0,0,321,0,0,0.066038,609,0,0,0.025751
Run 3,Alessandro Vieri,8,solo,1,0,11,1,0,0.0,11,1,0,0.0
Run 3,Alessandro Vieri,8,solo,0,0,323,0,0,0.019802,596,0,0,0.040359
Run 3,Alessandro Vieri,8,solo,0,0,468,0,0,0.013072,718,0,0,0.01992
Run 3,Alessandro Vieri,8,solo,0,0,278,0,0,0.13,480,0,0,0.021978
Run 3,Alessandro Vieri,8,solo,1,0,11,1,0,0.0,11,1,0,0.0
Run 3,Alessandro Vieri,8,solo,0,0,369,0,0,0.015748,634,0,0,0.027149
Run 3,Alessandro Vieri,8,solo,0,0,273,0,0,0.033333,728,0,0,0.034188
Run 3,Alessandro Vieri,8,solo,0,0,413,0,0,0.023077,593,0,0,0.044118
Run 3,Alessandro Vieri,9,solo,0,0,504,0,0,0.181208,664,0,0,0.535032
Run 3,Alessandro Vieri,9,solo,0,0,317,0,0,0.056604,723,0,0,0.067633
Run 3,Alessandro Vieri,9,solo,0,0,375,0,0,0.018868,652,0,0,0.050459
Run 3,Alessandro Vieri,9,solo,0,0,293,0,0,0.054945,524,0,0,0.050279
Run 3,Alessandro Vieri,9,solo,0,0,504,1,0,1.0,654,0,0,0.643357
Run 3,Alessandro Vieri,9,solo,0,0,328,0,0,0.046296,1017,0,0,0.044776
Run 3,Alessandro Vieri,9,solo,0,0,554,0,0,0.052023,594,0,0,0.035874
Run 3,Alessandro Vieri,9,solo,0,0,357,0,0,0.033058,556,0,0,0.114583
Run 3,Alessandro Vieri,9,solo,0,0,263,0,0,0.024,663,0,0,0.069307
Run 3,Alessandro Vieri,9,solo,0,0,470,0,0,0.040541,759,0,0,0.151832
Run 3,Alessandro Vieri,9,solo,0,0,430,0,0,0.022388,679,0,0,0.004505
Run 3,Alessandro Vieri,9,solo,0,0,461,0,0,0.037313,620,0,0,0.049505
Run 3,Alessandro Vieri,9,solo,1,0,473,0,0,0.69,11,1,0,0.0
Run 3,Alessandro Vieri,9,solo,0,0,541,0,0,0.042857,642,0,0,0.043243
Run 3,Alessandro Vieri,9,solo,0,0,333,0,0,0.067227,656,0,0,0.033613
Run 3,Alessandro Vieri,9,solo,0,0,368,0,0,0.09,791,0,0,0.015444
Run 3,Alessandro Vieri,9,solo,1,0,11,1,0,0.0,11,1,0,0.0
Run 3,Alessandro Vieri,9,solo,0,0,461,0,0,0.041667,486,0,0,0.027027
Run 3,Alessandro Vieri,9,solo,0,0,259,0,0,0.055556,589,0,0,0.058252
Run 3,Alessandro Vieri,9,solo,0,0,306,0,0,0.047244,753,0,0,0.062992
Run 3,Alessandro Vieri,10,joint,1,0,11,1,0,0.0,0,0,0,0.0
Run 3,Alessandro Vieri,10,solo,0,0,260,0,0,0.261538,698,0,0,0.401198
Run 3,Alessandro Vieri,10,solo,0,0,504,1,0,1.0,722,0,0,0.521472
Run 3,Alessandro Vieri,10,solo,0,0,380,0,0,0.022222,564,0,0,0.032258
Run 3,Alessandro Vieri,10,solo,0,0,658,0,0,0.012903,1122,0,0,0.023077
Run 3,Alessandro Vieri,10,solo,0,0,425,0,0,0.072,519,0,0,0.037037
Run 3,Alessandro Vieri,10,solo,0,0,394,0,0,0.415584,698,1,0,1.0
Run 3,Alessandro Vieri,10,solo,0,0,552,0,0,0.068493,1164,0,0,0.031949
Run 3,Alessandro Vieri,10,solo,0,0,260,0,0,0.045977,565,0,0,0.071823
Run 3,Alessandro Vieri,10,solo,0,0,369,0,0,0.033333,582,0,0,0.023474
Run 3,Alessandro Vieri,10,solo,1,0,11,1,0,0.0,11,1,0,0.0
Run 3,Alessandro Vieri,10,solo,0,0,390,0,0,0.036496,587,0,0,0.026455
Run 3,Alessandro Vieri,10,solo,0,0,531,0,0,0.039735,673,0,0,0.028369
Run 3,Alessandro Vieri,10,solo,0,0,315,0,0,0.034783,713,0,0,0.032407
Run 3,Alessandro Vieri,10,solo,1,0,11,1,0,0.0,11,1,0,0.0
Run 3,Alessandro Vieri,10,solo,0,0,361,0,0,0.007407,664,0,0,0.018182
Run 3,Alessandro Vieri,10,solo,0,0,453,0,0,0.019481,669,0,0,0.059701
Run 3,Alessandro Vieri,10,solo,0,0,308,0,0,0.056604,648,0,0,0.028807
Run 3,Alessandro Vieri,11,solo,0,0,398,0,1,0.863014,622,0,0,0.631206
Run 3,Alessandro Vieri,11,solo,0,0,389,0,0,0.040404,623,0,0,0.023697
Run 3,Alessandro Vieri,11,solo,0,0,447,0,0,0.02649,872,0,0,0.059829
Run 3,Alessandro Vieri,11,solo,0,0,279,0,0,0.032258,677,0,0,0.029536
Run 3,Alessandro Vieri,11,joint,1,0,11,1,0,0.0,0,0,0,0.0
Run 3,Alessandro Vieri,11,solo,0,0,440,0,0,0.568421,836,0,0,0.315556
Run 3,Alessandro Vieri,11,solo,0,0,462,0,0,0.707865,836,1,0,1.0
Run 3,Alessandro Vieri,11,solo,0,0,462,0,0,0.014184,591,0,0,0.049724
Run 3,Alessandro Vieri,11,solo,0,0,577,0,0,0.050633,1080,0,0,0.015244
Run 3,Alessandro Vieri,11,solo,0,0,371,0,0,0.025,704,0,0,0.095436
Run 3,Alessandro Vieri,11,solo,1,0,489,0,0,0.217054,11,1,0,0.0
Run 3,Alessandro Vieri,11,solo,0,0,354,0,0,0.027273,610,0,0,0.044444
Run 3,Alessandro Vieri,11,solo,0,0,358,0,0,0.034965,654,0,0,0.05914
Run 3,Alessandro Vieri,11,solo,0,0,274,0,0,0.071429,756,0,0,0.028455
Run 3,Alessandro Vieri,11,solo,1,0,11,1,0,0.0,11,1,0,0.0
Run 3,Alessandro Vieri,11,solo,0,0,332,0,0,0.017544,623,0,0,0.079439
Run 3,Alessandro Vieri,11,solo,0,0,488,0,0,0.006667,710,0,0,0.034364
Run 3,Alessandro Vieri,11,solo,0,0,267,0,0,0.070707,514,0,0,0.060606
Run 3,Alessandro Vieri,12,solo,0,0,485,0,0,0.604651,591,0,0,0.466216
Run 3,Alessandro Vieri,12,solo,0,0,327,0,0,0.053435,523,0,0,0.052632
Run 3,Alessandro Vieri,12,solo,0,0,397,0,0,0.072727,655,0,0,0.055556
Run 3,Alessandro Vieri,12,solo,0,0,291,0,0,0.055556,569,0,0,0.043011
Run 3,Alessandro Vieri,12,joint,1,0,11,1,0,0.0,0,0,0,0.0
Run 3,Alessandro Vieri,12,solo,0,0,438,0,1,0.811765,850,0,0,0.6125
Run 3,Alessandro Vieri,12,solo,0,0,483,0,1,0.952941,855,0,1,0.90625
Run 3,Alessandro Vieri,12,solo,0,0,520,0,0,0.028571,762,0,0,0.039823
Run 3,Alessandro Vieri,12,solo,0,0,492,0,0,0.030303,651,0,0,0.031111
Run 3,Alessandro Vieri,12,solo,0,0,353,0,0,0.026316,574,0,0,0.030457
Run 3,Alessandro Vieri,12,solo,1,0,11,1,0,0.0,11,1,0,0.0
Run 3,Alessandro Vieri,12,solo,0,0,552,0,0,0.052941,861,0,0,0.049242
Run 3,Alessandro Vieri,12,solo,0,0,463,0,0,0.024793,699,0,0,0.041475
Run 3,Alessandro Vieri,12,solo,0,0,359,0,0,0.052632,546,0,0,0.046083
Run 3,Alessandro Vieri,12,solo,1,0,11,1,0,0.0,11,1,0,0.0
Run 3,Alessandro Vieri,12,solo,0,0,446,0,0,0.20438,582,0,0,0.063218
Run 3,Alessandro Vieri,12,solo,0,0,486,0,0,0.017857,612,0,0,0.015625
Run 3,Alessandro Vieri,12,solo,0,0,262,0,0,0.019802,553,0,0,0.02907
Run 3,Alessandro Vieri,13,joint,1,0,11,1,0,0.0,0,0,0,0.0
Run 3,Alessandro Vieri,13,solo,0,0,491,0,0,0.575472,584,0,0,0.672566
Run 3,Alessandro Vieri,13,solo,0,0,483,1,0,1.0,786,0,0,0.5
Run 3,Alessandro Vieri,13,solo,0,0,394,0,0,0.018182,604,0,0,0.028846
Run 3,Alessandro Vieri,13,solo,0,0,296,0,0,0.06,640,0,0,0.041451
Run 3,Alessandro Vieri,13,solo,0,0,294,0,0,0.036364,764,0,0,0.040724
Run 3,Alessandro Vieri,13,solo,0,0,483,1,0,1.0,739,0,0,0.380117
Run 3,Alessandro Vieri,13,solo,0,0,446,0,0,0.014085,512,0,0,0.035
Run 3,Alessandro Vieri,13,solo,0,0,588,0,0,0.007246,725,0,0,0.033654
Run 3,Alessandro Vieri,13,solo,0,0,340,0,0,0.028846,619,0,0,0.025862
Run 3,Alessandro Vieri,13,solo,1,0,11,1,0,0.0,11,1,0,0.0
Run 3,Alessandro Vieri,13,solo,0,0,431,0,0,0.081481,623,0,0,0.020619
Run 3,Alessandro Vieri,13,solo,0,0,386,0,0,0.026846,910,0,0,0.028112
Run 3,Alessandro Vieri,13,solo,0,0,399,0,0,0.045045,600,0,0,0.054726
Run 3,Alessandro Vieri,13,solo,1,0,11,1,0,0.0,11,1,0,0.0
Run 3,Alessandro Vieri,13,solo,0,0,382,0,0,0.086207,623,0,0,0.042328
Run 3,Alessandro Vieri,13,solo,0,0,507,0,0,0.097403,595,0,0,0.055814
Run 3,Alessandro Vieri,13,solo,0,0,432,0,0,0.056338,568,0,0,0.042781
Run 3,Alessandro Vieri,14,solo,0,0,483,1,0,1.0,674,0,0,0.491018
Run 3,Alessandro Vieri,14,solo,0,0,272,0,0,0.070707,666,0,0,0.042328
Run 3,Alessandro Vieri,14,solo,0,0,583,0,0,0.012422,534,0,0,0.042105
Run 3,Alessandro Vieri,14,solo,0,0,379,0,0,0.022727,503,0,0,0.033654
Run 3,Alessandro Vieri,14,solo,0,0,483,1,0,1.0,674,1,0,1.0
Run 3,Alessandro Vieri,14,solo,0,0,435,0,0,0.100775,583,0,0,0.032609
Run 3,Alessandro Vieri,14,solo,0,0,387,0,0,0.01,518,0,0,0.018519
Run 3,Alessandro Vieri,14,solo,0,0,384,0,0,0.03125,917,0,0,0.089219
Run 3,Alessandro Vieri,14,solo,0,0,483,1,0,1.0,665,0,1,0.926829
Run 3,Alessandro Vieri,14,solo,0,0,560,0,0,0.060976,997,0,0,0.092527
Run 3,Alessandro Vieri,14,solo,0,0,383,0,0,0.016949,585,0,0,0.042553
Run 3,Alessandro Vieri,14,solo,0,0,332,0,0,0.010417,591,0,0,0.031088
Run 3,Alessandro Vieri,14,joint,1,0,11,1,0,0.0,0,0,0,0.0
Run 3,Alessandro Vieri,14,solo,1,0,11,1,0,0.0,11,1,0,0.0
Run 3,Alessandro Vieri,14,solo,1,0,11,1,0,0.0,11,1,0,0.0
Run 3,Alessandro Vieri,14,solo,0,0,389,0,0,0.050847,672,0,0,0.029851
Run 3,Alessandro Vieri,14,solo,0,0,476,0,0,0.028169,680,0,0,0.027907
Run 3,Alessandro Vieri,14,solo,0,0,375,0,0,0.014925,628,0,0,0.101382
Run 3,Alessandro Vieri,15,solo,0,0,490,0,0,0.223022,683,0,0,0.337079
Run 3,Alessandro Vieri,15,solo,0,0,439,0,0,0.019481,601,0,0,0.035714
Run 3,Alessandro Vieri,15,solo,0,0,301,0,0,0.121212,667,0,0,0.040359
Run 3,Alessandro Vieri,15,solo,0,0,287,0,0,0.032609,751,0,0,0.033019
Run 3,Alessandro Vieri,15,solo,0,0,392,0,0,0.793103,683,1,0,1.0
Run 3,Alessandro Vieri,15,solo,0,0,328,0,0,0.054945,576,0,0,0.038674
Run 3,Alessandro Vieri,15,solo,0,0,436,0,0,0.052288,712,0,0,0.042918
Run 3,Alessandro Vieri,15,solo,0,0,488,0,0,0.077419,559,0,0,0.104167
Run 3,Alessandro Vieri,15,solo,0,0,474,0,1,0.851852,834,0,1,0.826389
Run 3,Alessandro Vieri,15,solo,0,0,608,0,0,0.019608,1033,0,0,0.020979
Run 3,Alessandro Vieri,15,solo,0,0,570,0,0,0.033708,604,0,0,0.060109
Run 3,Alessandro Vieri,15,solo,0,0,385,0,0,0.033613,780,0,0,0.056034
Run 3,Alessandro Vieri,15,solo,1,0,11,1,0,0.0,11,1,0,0.0
Run 3,Alessandro Vieri,15,solo,0,0,429,0,0,0.038168,656,0,0,0.042857
Run 3,Alessandro Vieri,15,solo,0,0,398,0,0,0.008696,583,0,0,0.034146
Run 3,Alessandro Vieri,15,solo,0,0,229,0,0,0.010101,527,0,0,0.0625
Run 3,Alessandro Vieri,15,solo,1,0,11,1,0,0.0,11,1,0,0.0
Run 3,Alessandro Vieri,15,solo,0,0,336,0,0,0.053097,521,0,0,0.134146
Run 3,Alessandro Vieri,15,solo,0,0,331,0,0,0.067308,578,0,0,0.02451
Run 3,Alessandro Vieri,15,solo,0,0,265,0,0,0.072917,612,0,0,0.070423
Run 3,Alessandro Vieri,16,solo,0,0,392,1,0,1.0,725,0,0,0.556962
Run 3,Alessandro Vieri,16,solo,0,0,454,0,0,0.017964,581,0,0,0.015707
Run 3,Alessandro Vieri,16,solo,0,0,670,0,0,0.024691,679,0,0,0.04386
Run 3,Alessandro Vieri,16,solo,0,0,449,0,0,0.008,707,0,0,0.02439
Run 3,Alessandro Vieri,16,solo,0,0,474,1,0,1.0,725,1,0,1.0
Run 3,Alessandro Vieri,16,solo,0,0,422,0,0,0.021127,617,0,0,0.025641
Run 3,Alessandro Vieri,16,solo,0,0,374,0,0,0.064516,725,0,0,0.03139
Run 3,Alessandro Vieri,16,solo,0,0,325,0,0,0.020619,677,0,0,0.119565
Run 3,Alessandro Vieri,16,solo,0,0,474,1,0,1.0,725,1,0,1.0
Run 3,Alessandro Vieri,16,solo,0,0,347,0,0,0.008333,606,0,0,0.028708
Run 3,Alessandro Vieri,16,solo,0,0,419,0,0,0.007937,593,0,0,0.030457
Run 3,Alessandro Vieri,16,solo,0,0,355,0,0,0.055046,550,0,0,0.046154
Run 3,Alessandro Vieri,16,joint,1,0,11,1,0,0.0,0,0,0,0.0
Run 3,Alessandro Vieri,16,solo,1,0,11,1,0,0.0,11,1,0,0.0
Run 3,Alessandro Vieri,16,joint,1,0,11,1,0,0.0,0,0,0,0.0
Run 3,Alessandro Vieri,16,solo,1,0,11,1,0,0.0,11,1,0,0.0
Run 3,Alessandro Vieri,17,solo,0,0,474,1,0,1.0,701,0,0,0.528662
Run 3,Alessandro Vieri,17,solo,0,0,398,0,0,0.042017,644,0,0,0.015544
Run 3,Alessandro Vieri,17,solo,0,0,426,0,0,0.03,658,0,0,0.014563
Run 3,Alessandro Vieri,17,solo,0,0,320,0,0,0.030303,587,0,0,0.028169
Run 3,Alessandro Vieri,17,joint,1,0,11,1,0,0.0,0,0,0,0.0
Run 3,Alessandro Vieri,17,solo,0,0,457,0,1,0.818182,557,0,0,0.214689
Run 3,Alessandro Vieri,17,solo,0,0,474,1,0,1.0,557,1,0,1.0
Run 3,Alessandro Vieri,17,solo,0,0,343,0,0,0.068702,630,0,0,0.102564
Run 3,Alessandro Vieri,17,solo,0,0,442,0,0,0.041958,741,0,0,0.053571
Run 3,Alessandro Vieri,17,solo,0,0,373,0,0,0.015267,563,0,0,0.087629
Run 3,Alessandro Vieri,17,joint,1,0,11,1,0,0.0,0,0,0,0.0
Run 3,Alessandro Vieri,17,solo,0,0,400,0,0,0.394231,557,1,0,1.0
Run 3,Alessandro Vieri,17,solo,0,0,474,1,0,1.0,801,0,0,0.251185
Run 3,Alessandro Vieri,17,solo,0,0,465,0,0,0.008065,520,0,0,0.037234
Run 3,Alessandro Vieri,17,solo,0,0,363,0,0,0.053191,888,0,0,0.032922
Run 3,Alessandro Vieri,17,solo,0,0,365,0,0,0.051724,615,0,0,0.016667
Run 3,Alessandro Vieri,18,joint,1,0,11,1,0,0.0,0,0,0,0.0
Run 3,Alessandro Vieri,18,solo,0,0,400,1,0,1.0,533,0,0,0.02809
Run 3,Alessandro Vieri,18,solo,0,0,474,1,0,1.0,761,0,0,0.39196
Run 3,Alessandro Vieri,18,solo,0,0,530,0,0,0.011628,560,0,0,0.011299
Run 3,Alessandro Vieri,18,solo,0,0,559,0,0,0.030151,616,0,0,0.017065
Run 3,Alessandro Vieri,18,solo,0,0,320,0,0,0.0625,619,0,0,0.086486
Run 3,Alessandro Vieri,18,solo,0,0,474,1,0,1.0,597,0,0,0.765766
Run 3,Alessandro Vieri,18,solo,0,0,562,0,0,0.074074,572,0,0,0.046392
Run 3,Alessandro Vieri,18,solo,0,0,303,0,0,0.031579,573,0,0,0.068182
Run 3,Alessandro Vieri,18,solo,0,0,340,0,0,0.068627,645,0,0,0.044118
Run 3,Alessandro Vieri,18,joint,1,0,11,1,0,0.0,0,0,0,0.0
Run 3,Alessandro Vieri,18,solo,0,0,436,0,0,0.691358,676,0,0,0.630769
Run 3,Alessandro Vieri,18,solo,0,0,474,1,0,1.0,597,1,0,1.0
Run 3,Alessandro Vieri,18,solo,0,0,366,0,0,0.026549,569,0,0,0.028302
Run 3,Alessandro Vieri,18,solo,0,0,569,0,0,0.013605,624,0,0,0.031579
Run 3,Alessandro Vieri,18,solo,0,0,380,0,0,0.032787,642,0,0,0.026596
Run 3,Alessandro Vieri,19,solo,0,0,434,0,1,0.868421,585,0,0,0.649254
Run 3,Alessandro Vieri,19,solo,0,0,375,0,0,0.131944,624,0,0,0.112903
Run 3,Alessandro Vieri,19,solo,0,0,505,0,0,0.020134,545,0,0,0.015306
Run 3,Alessandro Vieri,19,solo,0,0,355,0,0,0.060345,566,0,0,0.016667
Run 3,Alessandro Vieri,19,joint,1,0,11,1,0,0.0,0,0,0,0.0
Run 3,Alessandro Vieri,19,solo,0,0,436,1,0,1.0,585,1,0,1.0
Run 3,Alessandro Vieri,19,solo,0,0,434,1,0,1.0,585,1,0,1.0
Run 3,Alessandro Vieri,19,solo,0,0,483,0,0,0.020408,677,0,0,0.073298
Run 3,Alessandro Vieri,19,solo,0,0,435,0,0,0.043796,628,0,0,0.043478
Run 3,Alessandro Vieri,19,solo,0,0,374,0,0,0.032787,715,0,0,0.045627
Run 3,Alessandro Vieri,19,solo,0,0,434,1,0,1.0,585,1,0,1.0
Run 3,Alessandro Vieri,19,solo,0,0,303,0,0,0.054545,626,0,0,0.043011
Run 3,Alessandro Vieri,19,solo,0,0,450,0,0,0.019481,651,0,0,0.014423
Run 3,Alessandro Vieri,19,solo,0,0,305,0,0,0.020408,543,0,0,0.016949
Run 3,Alessandro Vieri,19,solo,1,0,11,1,0,0.0,11,1,0,0.0
Run 3,Alessandro Vieri,19,solo,0,0,365,0,0,0.084615,689,0,0,0.090047
Run 3,Alessandro Vieri,19,solo,0,0,359,0,0,0.114286,614,0,0,0.035714
Run 3,Alessandro Vieri,19,solo,0,0,460,0,0,0.008,572,0,0,0.017778
Run 3,Alessandro Vieri,20,joint,1,0,11,1,0,0.0,0,0,0,0.0
Run 3,Alessandro Vieri,20,solo,0,0,436,1,0,1.0,560,0,0,0.756522
Run 3,Alessandro Vieri,20,solo,0,0,434,1,0,1.0,560,1,0,1.0
Run 3,Alessandro Vieri,20,solo,0,0,375,0,0,0.02439,572,0,0,0.068627
Run 3,Alessandro Vieri,20,solo,0,0,366,0,0,0.018018,617,0,0,0.074627
Run 3,Alessandro Vieri,20,solo,0,0,454,0,0,0.007463,735,0,0,0.013514
Run 3,Alessandro Vieri,20,solo,0,0,434,1,0,1.0,560,1,0,1.0
Run 3,Alessandro Vieri,20,solo,0,0,322,0,0,0.04,653,0,0,0.015075
Run 3,Alessandro Vieri,20,solo,0,0,451,0,0,0.033613,613,0,0,0.014493
Run 3,Alessandro Vieri,20,solo,0,0,344,0,0,0.036036,550,0,0,0.02551
Run 3,Alessandro Vieri,20,joint,1,0,11,1,0,0.0,0,0,0,0.0
Run 3,Alessandro Vieri,20,solo,1,0,436,1,0,1.0,11,1,0,0.0
Run 3,Alessandro Vieri,20,solo,1,0,11,1,0,0.0,11,1,0,0.0
Run 3,Alessandro Vieri,20,solo,0,0,356,0,0,0.034188,705,0,0,0.102222
Run 3,Alessandro Vieri,20,solo,0,0,411,0,0,0.026846,724,0,0,0.03125
Run 3,Alessandro Vieri,20,solo,0,0,299,0,0,0.026549,659,0,0,0.008658
Run 3,Alessandro Vieri,21,solo,0,0,436,1,0,1.0,559,0,0,0.047368
Run 3,Alessandro Vieri,21,solo,0,0,402,0,0,0.040541,478,0,0,0.016667
Run 3,Alessandro Vieri,21,solo,0,0,547,0,0,0.031496,734,0,0,0.018349
Run 3,Alessandro Vieri,21,solo,0,0,298,0,0,0.076923,616,0,0,0.039216
Run 3,Alessandro Vieri,21,solo,0,0,434,1,0,1.0,667,0,0,0.357576
Run 3,Alessandro Vieri,21,solo,0,0,426,0,0,0.0,569,0,0,0.034091
Run 3,Alessandro Vieri,21,solo,0,0,598,0,0,0.051852,816,0,0,0.038095
Run 3,Alessandro Vieri,21,solo,0,0,441,0,0,0.043478,711,0,0,0.049669
Run 3,Alessandro Vieri,21,solo,0,0,552,0,0,0.705263,503,0,1,0.878788
Run 3,Alessandro Vieri,21,solo,0,0,374,0,0,0.014493,662,0,0,0.031674
Run 3,Alessandro Vieri,21,solo,0,0,526,0,0,0.012048,759,0,0,0.017544
Run 3,Alessandro Vieri,21,solo,0,0,340,0,0,0.052632,531,0,0,0.028902
Run 3,Alessandro Vieri,21,joint,1,0,11,1,0,0.0,0,0,0,0.0
Run 3,Alessandro Vieri,21,solo,1,0,470,0,1,0.868132,11,1,0,0.0
Run 3,Alessandro Vieri,21,solo,1,0,11,1,0,0.0,11,1,0,0.0
Run 3,Alessandro Vieri,21,solo,0,0,443,0,0,0.038168,946,0,0,0.056911
Run 3,Alessandro Vieri,21,solo,0,0,352,0,0,0.010417,712,0,0,0.023256
Run 3,Alessandro Vieri,21,solo,0,0,298,0,0,0.084211,632,0,0,0.038627
Run 3,Alessandro Vieri,22,joint,1,0,11,1,0,0.0,0,0,0,0.0
Run 3,Alessandro Vieri,22,solo,0,0,436,0,1,0.855263,648,0,0,0.729927
Run 3,Alessandro Vieri,22,solo,0,0,434,0,1,0.866667,648,1,0,1.0
Run 3,Alessandro Vieri,22,solo,0,0,424,0,0,0.026316,505,0,0,0.005348
Run 3,Alessandro Vieri,22,solo,0,0,375,0,0,0.038462,615,0,0,0.066667
Run 3,Alessandro Vieri,22,solo,0,0,407,0,0,0.026316,625,0,0,0.030457
Run 3,Alessandro Vieri,22,solo,0,0,434,1,0,1.0,648,1,0,1.0
Run 3,Alessandro Vieri,22,solo,0,0,431,0,0,0.067073,513,0,0,0.026316
Run 3,Alessandro Vieri,22,solo,0,0,377,0,0,0.021127,807,0,0,0.035088
Run 3,Alessandro Vieri,22,solo,0,0,275,0,0,0.044944,569,0,0,0.027027
Run 3,Alessandro Vieri,22,joint,1,0,11,1,0,0.0,0,0,0,0.0
Run 3,Alessandro Vieri,22,solo,0,0,436,1,0,1.0,648,1,0,1.0
Run 3,Alessandro Vieri,22,solo,1,0,434,1,0,1.0,11,1,0,0.0
Run 3,Alessandro Vieri,22,solo,0,0,416,0,0,0.055556,629,0,0,0.049505
Run 3,Alessandro Vieri,22,solo,0,0,490,0,0,0.032895,738,0,0,0.044053
Run 3,Alessandro Vieri,22,solo,0,0,562,0,0,0.033113,690,0,0,0.048035
Run 3,Alessandro Vieri,23,solo,0,0,434,1,0,1.0,706,0,0,0.594771
Run 3,Alessandro Vieri,23,solo,0,0,424,0,0,0.022901,586,0,0,0.010695
Run 3,Alessandro Vieri,23,solo,0,0,550,0,0,0.020833,544,0,0,0.020101
Run 3,Alessandro Vieri,23,solo,0,0,443,0,0,0.021739,686,0,0,0.037736
Run 3,Alessandro Vieri,23,joint,1,0,11,1,0,0.0,0,0,0,0.0
Run 3,Alessandro Vieri,23,solo,0,0,436,1,0,1.0,706,1,0,1.0
Run 3,Alessandro Vieri,23,solo,0,0,434,1,0,1.0,706,1,0,1.0
Run 3,Alessandro Vieri,23,solo,0,0,623,0,0,0.013889,695,0,0,0.017391
Run 3,Alessandro Vieri,23,solo,0,0,569,0,0,0.015385,886,0,0,0.027344
Run 3,Alessandro Vieri,23,solo,0,0,457,0,0,0.04878,589,0,0,0.033019
Run 3,Alessandro Vieri,23,joint,1,0,11,1,0,0.0,0,0,0,0.0
Run 3,Alessandro Vieri,23,solo,0,0,436,1,0,1.0,743,0,0,0.465909
Run 3,Alessandro Vieri,23,solo,1,0,434,0,1,0.891892,11,1,0,0.0
Run 3,Alessandro Vieri,23,solo,0,0,504,0,0,0.04,557,0,0,0.026316
Run 3,Alessandro Vieri,23,solo,0,0,700,0,0,0.013575,672,0,0,0.034314
Run 3,Alessandro Vieri,23,solo,0,0,317,0,0,0.051546,596,0,0,0.023474
Run 3,Alessandro Vieri,24,joint,1,0,11,1,0,0.0,0,0,0,0.0
Run 3,Alessandro Vieri,24,solo,0,0,436,1,0,1.0,689,0,0,0.512048
Run 3,Alessandro Vieri,24,solo,0,0,434,1,0,1.0,666,0,0,0.597315
Run 3,Alessandro Vieri,24,solo,0,0,417,0,0,0.017544,570,0,0,0.041237
Run 3,Alessandro Vieri,24,solo,0,0,333,0,0,0.021127,625,0,0,0.044444
Run 3,Alessandro Vieri,24,solo,0,0,376,0,0,0.078431,565,0,0,0.052356
Run 3,Alessandro Vieri,24,solo,0,0,434,1,0,1.0,824,0,1,0.836879
Run 3,Alessandro Vieri,24,solo,0,0,330,0,0,0.025,620,0,0,0.010363
Run 3,Alessandro Vieri,24,solo,0,0,408,0,0,0.026316,665,0,0,0.025532
Run 3,Alessandro Vieri,24,solo,0,0,374,0,0,0.026316,524,0,0,0.028571
Run 3,Alessandro Vieri,24,joint,1,0,11,1,0,0.0,0,0,0,0.0
Run 3,Alessandro Vieri,24,solo,0,0,434,0,1,0.891892,824,1,0,1.0
Run 3,Alessandro Vieri,24,solo,0,0,434,1,0,1.0,824,1,0,1.0
Run 3,Alessandro Vieri,24,solo,0,0,534,0,0,0.008,753,0,0,0.024096
Run 3,Alessandro Vieri,24,solo,0,0,451,0,0,0.024,593,0,0,0.026738
Run 3,Alessandro Vieri,24,solo,0,0,404,0,0,0.008621,1013,0,0,0.017794
Run 3,Alessandro Vieri,25,solo,0,0,548,0,0,0.709677,744,0,0,0.545977
Run 3,Alessandro Vieri,25,solo,0,0,325,0,0,0.038095,597,0,0,0.010256
Run 3,Alessandro Vieri,25,solo,0,0,374,0,0,0.018018,761,0,0,0.024691
Run 3,Alessandro Vieri,25,solo,0,0,293,0,0,0.086022,606,0,0,0.044554
Run 3,Alessandro Vieri,25,solo,0,0,436,1,0,1.0,739,0,0,0.535294
Run 3,Alessandro Vieri,25,solo,0,0,508,0,0,0.126437,593,0,0,0.02139
Run 3,Alessandro Vieri,25,solo,0,0,349,0,0,0.043103,585,0,0,0.065089
Run 3,Alessandro Vieri,25,solo,0,0,258,0,0,0.037736,600,0,0,0.027273
Run 3,Alessandro Vieri,25,joint,1,0,11,1,0,0.0,0,0,0,0.0
Run 3,Alessandro Vieri,25,solo,0,0,436,1,0,1.0,744,1,0,1.0
Run 3,Alessandro Vieri,25,solo,0,0,434,1,0,1.0,744,1,0,1.0
Run 3,Alessandro Vieri,25,solo,0,0,619,0,0,0.018519,786,0,0,0.017467
Run 3,Alessandro Vieri,25,solo,0,0,381,0,0,0.019417,621,0,0,0.022099
Run 3,Alessandro Vieri,25,solo,0,0,269,0,0,0.112245,534,0,0,0.058824
Run 3,Alessandro Vieri,25,joint,1,0,11,1,0,0.0,0,0,0,0.0
Run 3,Alessandro Vieri,25,solo,1,0,11,1,0,0.0,11,1,0,0.0
Run 3,Alessandro Vieri,26,solo,0,0,436,1,0,1.0,771,0,0,0.488764
Run 3,Alessandro Vieri,26,solo,0,0,497,0,0,0.039062,637,0,0,0.021858
Run 3,Alessandro Vieri,26,solo,0,0,591,0,0,0.051282,715,0,0,0.029787
Run 3,Alessandro Vieri,26,solo,0,0,398,0,0,0.030769,612,0,0,0.0625
Run 3,Alessandro Vieri,26,solo,0,0,436,1,0,1.0,771,1,0,1.0
Run 3,Alessandro Vieri,26,solo,0,0,426,0,0,0.03252,621,0,0,0.061224
Run 3,Alessandro Vieri,26,solo,0,0,430,0,0,0.053097,858,0,0,0.04721
Run 3,Alessandro Vieri,26,solo,0,0,471,0,0,0.034247,689,0,0,0.023697
Run 3,Alessandro Vieri,26,joint,1,0,11,1,0,0.0,0,0,0,0.0
Run 3,Alessandro Vieri,26,solo,0,0,436,1,0,1.0,771,1,0,1.0
Run 3,Alessandro Vieri,26,solo,0,0,443,0,1,0.985915,771,1,0,1.0
Run 3,Alessandro Vieri,26,solo,0,0,498,0,0,0.042857,896,0,0,0.020906
Run 3,Alessandro Vieri,26,solo,0,0,363,0,0,0.048077,581,0,0,0.026316
Run 3,Alessandro Vieri,26,solo,0,0,316,0,0,0.031496,646,0,0,0.063725
Run 3,Alessandro Vieri,26,joint,1,0,11,1,0,0.0,0,0,0,0.0
Run 3,Alessandro Vieri,26,solo,1,0,11,1,0,0.0,11,1,0,0.0
Run 3,Alessandro Vieri,27,solo,0,0,443,1,0,1.0,687,0,0,0.515152
Run 3,Alessandro Vieri,27,solo,0,0,536,0,0,0.025478,566,0,0,0.029557
Run 3,Alessandro Vieri,27,solo,0,0,322,0,0,0.047244,557,0,0,0.033654
Run 3,Alessandro Vieri,27,solo,0,0,239,0,0,0.061728,580,0,0,0.039823
Run 3,Alessandro Vieri,27,joint,1,0,11,1,0,0.0,0,0,0,0.0
Run 3,Alessandro Vieri,27,solo,0,0,436,1,0,1.0,687,1,0,1.0
Run 3,Alessandro Vieri,27,solo,0,0,441,1,0,1.0,557,0,0,0.05102
Run 3,Alessandro Vieri,27,solo,0,0,514,0,0,0.02381,646,0,0,0.014423
Run 3,Alessandro Vieri,27,solo,0,0,499,0,0,0.013333,891,0,0,0.06367
Run 3,Alessandro Vieri,27,solo,0,0,459,0,0,0.090323,698,0,0,0.048246
Run 3,Alessandro Vieri,27,joint,1,0,11,1,0,0.0,0,0,0,0.0
Run 3,Alessandro Vieri,27,solo,0,0,537,0,0,0.563107,591,0,0,0.309091
Run 3,Alessandro Vieri,27,solo,0,0,434,1,0,1.0,591,1,0,1.0
Run 3,Alessandro Vieri,27,solo,0,0,450,0,0,0.01626,750,0,0,0.022026
Run 3,Alessandro Vieri,27,solo,0,0,376,0,0,0.008772,593,0,0,0.076142
Run 3,Alessandro Vieri,27,solo,0,0,315,0,0,0.057554,637,0,0,0.036842
Run 3,Alessandro Vieri,28,solo,0,0,432,1,0,1.0,777,0,0,0.433155
Run 3,Alessandro Vieri,28,solo,0,0,379,0,0,0.068376,568,0,0,0.023529
Run 3,Alessandro Vieri,28,solo,0,0,424,0,0,0.028986,674,0,0,0.035714
Run 3,Alessandro Vieri,28,solo,0,0,366,0,0,0.087379,650,0,0,0.035176
Run 3,Alessandro Vieri,28,solo,0,0,436,1,0,1.0,800,0,0,0.668831
Run 3,Alessandro Vieri,28,solo,0,0,424,0,0,0.04065,568,0,0,0.022831
Run 3,Alessandro Vieri,28,solo,0,0,511,0,0,0.054795,713,0,0,0.011765
Run 3,Alessandro Vieri,28,solo,0,0,395,0,0,0.015152,632,0,0,0.036082
Run 3,Alessandro Vieri,28,joint,1,0,11,1,0,0.0,0,0,0,0.0
Run 3,Alessandro Vieri,28,solo,0,0,642,0,0,0.594595,795,0,1,0.959184
Run 3,Alessandro Vieri,28,solo,0,0,642,1,0,1.0,837,0,1,0.855346
Run 3,Alessandro Vieri,28,solo,0,0,414,0,0,0.028169,544,0,0,0.01105
Run 3,Alessandro Vieri,28,solo,0,0,346,0,0,0.018182,688,0,0,0.015075
Run 3,Alessandro Vieri,28,solo,0,0,354,0,0,0.228571,645,0,0,0.071429
Run 3,Alessandro Vieri,28,joint,1,0,11,1,0,0.0,0,0,0,0.0
Run 3,Alessandro Vieri,28,solo,1,0,11,1,0,0.0,11,1,0,0.0
Run 3,Alessandro Vieri,29,solo,0,0,432,1,0,1.0,633,0,0,0.373057
Run 3,Alessandro Vieri,29,solo,0,0,537,0,0,0.017143,939,0,0,0.036545
Run 3,Alessandro Vieri,29,solo,0,0,534,0,0,0.038217,632,0,0,0.029703
Run 3,Alessandro Vieri,29,solo,0,0,306,0,0,0.040984,687,0,0,0.095455
Run 3,Alessandro Vieri,29,joint,1,0,11,1,0,0.0,0,0,0,0.0
Run 3,Alessandro Vieri,29,solo,0,0,436,0,1,0.830986,631,0,1,0.957265
Run 3,Alessandro Vieri,29,solo,0,0,436,0,1,0.868421,631,1,0,1.0
Run 3,Alessandro Vieri,29,solo,0,0,367,0,0,0.008,579,0,0,0.019531
Run 3,Alessandro Vieri,29,solo,0,0,368,0,0,0.027027,737,0,0,0.023041
Run 3,Alessandro Vieri,29,solo,0,0,452,0,0,0.0,679,0,0,0.036458
Run 3,Alessandro Vieri,29,solo,0,0,432,1,0,1.0,748,0,1,0.864662
Run 3,Alessandro Vieri,29,solo,0,0,417,0,0,0.1,711,0,0,0.024155
Run 3,Alessandro Vieri,29,solo,0,0,531,0,0,0.028369,678,0,0,0.025126
Run 3,Alessandro Vieri,29,solo,0,0,247,0,0,0.074468,796,0,0,0.034043
Run 3,Alessandro Vieri,29,joint,1,0,11,1,0,0.0,0,0,0,0.0
Run 3,Alessandro Vieri,29,solo,1,0,11,1,0,0.0,11,1,0,0.0
Run 3,Alessandro Vieri,30,joint,1,0,11,1,0,0.0,0,0,0,0.0
Run 3,Alessandro Vieri,30,solo,0,0,436,1,0,1.0,833,0,0,0.540698
Run 3,Alessandro Vieri,30,solo,0,0,432,1,0,1.0,833,1,0,1.0
Run 3,Alessandro Vieri,30,solo,0,0,285,0,0,0.076923,675,0,0,0.019324
Run 3,Alessandro Vieri,30,solo,0,0,480,0,0,0.10084,707,0,0,0.038627
Run 3,Alessandro Vieri,30,solo,0,0,312,0,0,0.032967,655,0,0,0.025532
Run 3,Alessandro Vieri,30,solo,0,0,432,1,0,1.0,833,1,0,1.0
Run 3,Alessandro Vieri,30,solo,0,0,311,0,0,0.021277,702,0,0,0.057778
Run 3,Alessandro Vieri,30,solo,0,0,338,0,0,0.038095,514,0,0,0.042105
Run 3,Alessandro Vieri,30,solo,0,0,314,0,0,0.040984,589,0,0,0.018779
Run 3,Alessandro Vieri,30,joint,1,0,11,1,0,0.0,0,0,0,0.0
Run 3,Alessandro Vieri,30,solo,0,0,434,1,0,1.0,833,1,0,1.0
Run 3,Alessandro Vieri,30,solo,0,0,434,1,0,1.0,833,1,0,1.0
Run 3,Alessandro Vieri,30,solo,0,0,222,0,0,0.011111,578,0,0,0.025773
Run 3,Alessandro Vieri,30,solo,0,0,472,0,0,0.014493,608,0,0,0.052632
Run 3,Alessandro Vieri,30,solo,0,0,321,0,0,0.055556,1027,0,0,0.054167
Run 3,Alessandro Vieri,31,joint,1,0,11,1,0,0.0,0,0,0,0.0
Run 3,Alessandro Vieri,31,solo,0,0,424,0,1,0.853333,671,0,0,0.65035
Run 3,Alessandro Vieri,31,solo,0,0,422,0,1,0.864865,671,1,0,1.0
Run 3,Alessandro Vieri,31,solo,0,0,349,0,0,0.04902,565,0,0,0.041885
Run 3,Alessandro Vieri,31,solo,0,0,398,0,0,0.051724,681,0,0,0.013514
Run 3,Alessandro Vieri,31,solo,0,0,298,0,0,0.018692,584,0,0,0.025253
Run 3,Alessandro Vieri,31,solo,0,0,422,1,0,1.0,671,1,0,1.0
Run 3,Alessandro Vieri,31,solo,0,0,318,0,0,0.085106,681,0,0,0.106977
Run 3,Alessandro Vieri,31,solo,0,0,393,0,0,0.100917,532,0,0,0.028736
Run 3,Alessandro Vieri,31,solo,0,0,242,0,0,0.018519,533,0,0,0.02924
Run 3,Alessandro Vieri,31,joint,1,0,11,1,0,0.0,0,0,0,0.0
Run 3,Alessandro Vieri,31,solo,0,0,424,1,0,1.0,671,1,0,1.0
Run 3,Alessandro Vieri,31,solo,0,0,422,1,0,1.0,671,1,0,1.0
Run 3,Alessandro Vieri,31,solo,0,0,417,0,0,0.039474,486,0,0,0.032258
Run 3,Alessandro Vieri,31,solo,0,0,350,0,0,0.078571,567,0,0,0.055
Run 3,Alessandro Vieri,31,solo,0,0,383,0,0,0.029703,648,0,0,0.033493
Run 3,Alessandro Vieri,32,solo,0,0,422,1,0,1.0,686,0,0,0.624161
Run 3,Alessandro Vieri,32,solo,0,0,468,0,0,0.028571,597,0,0,0.010929
Run 3,Alessandro Vieri,32,solo,0,0,394,0,0,0.028302,688,0,0,0.03125
Run 3,Alessandro Vieri,32,solo,0,0,432,0,0,0.019108,628,0,0,0.032967
Run 3,Alessandro Vieri,32,joint,1,0,11,1,0,0.0,0,0,0,0.0
Run 3,Alessandro Vieri,32,solo,0,0,424,1,0,1.0,686,1,0,1.0
Run 3,Alessandro Vieri,32,solo,0,0,422,1,0,1.0,645,0,0,0.191257
Run 3,Alessandro Vieri,32,solo,0,0,445,0,0,0.056911,756,0,0,0.028455
Run 3,Alessandro Vieri,32,solo,0,0,473,0,0,0.066667,1165,0,0,0.026846
Run 3,Alessandro Vieri,32,solo,0,0,321,0,0,0.043478,629,0,0,0.026786
Run 3,Alessandro Vieri,32,joint,1,0,11,1,0,0.0,0,0,0,0.0
Run 3,Alessandro Vieri,32,solo,0,0,424,1,0,1.0,686,1,0,1.0
Run 3,Alessandro Vieri,32,solo,1,0,422,1,0,1.0,11,1,0,0.0
Run 3,Alessandro Vieri,32,solo,0,0,438,0,0,0.1,628,0,0,0.046948
Run 3,Alessandro Vieri,32,solo,0,0,420,0,0,0.035398,529,0,0,0.033175
Run 3,Alessandro Vieri,32,solo,0,0,384,0,0,0.03876,565,0,0,0.026201
Run 3,Alessandro Vieri,33,solo,0,0,422,1,0,1.0,724,0,0,0.607843
Run 3,Alessandro Vieri,33,solo,0,0,351,0,0,0.077519,578,0,0,0.042105
Run 3,Alessandro Vieri,33,solo,0,0,595,0,0,0.041379,632,0,0,0.0
Run 3,Alessandro Vieri,33,solo,0,0,327,0,0,0.028571,559,0,0,0.014423
Run 3,Alessandro Vieri,33,solo,0,0,422,1,0,1.0,724,1,0,1.0
Run 3,Alessandro Vieri,33,solo,0,0,323,0,0,0.067227,536,0,0,0.015385
Run 3,Alessandro Vieri,33,solo,0,0,457,0,0,0.036765,671,0,0,0.07173
Run 3,Alessandro Vieri,33,solo,0,0,318,0,0,0.0,654,0,0,0.032558
Run 3,Alessandro Vieri,33,solo,0,0,422,1,0,1.0,724,1,0,1.0
Run 3,Alessandro Vieri,33,solo,0,0,399,0,0,0.070312,611,0,0,0.027473
Run 3,Alessandro Vieri,33,solo,0,0,369,0,0,0.035398,589,0,0,0.035294
Run 3,Alessandro Vieri,33,solo,0,0,418,0,0,0.037313,618,0,0,0.10396
Run 3,Alessandro Vieri,33,joint,1,0,11,1,0,0.0,0,0,0,0.0
Run 3,Alessandro Vieri,33,solo,1,0,11,1,0,0.0,11,1,0,0.0
Run 3,Alessandro Vieri,33,solo,1,0,11,1,0,0.0,11,1,0,0.0
Run 3,Alessandro Vieri,33,solo,0,0,559,0,0,0.047904,667,0,0,0.049751
Run 3,Alessandro Vieri,33,solo,0,0,467,0,0,0.041667,613,0,0,0.036765
Run 3,Alessandro Vieri,33,solo,0,0,253,0,0,0.04902,512,0,0,0.139073
Run 3,Alessandro Vieri,34,solo,0,0,422,1,0,1.0,765,0,0,0.518072
Run 3,Alessandro Vieri,34,solo,0,0,435,0,0,0.067669,696,0,0,0.04329
Run 3,Alessandro Vieri,34,solo,0,0,428,0,0,0.084746,712,0,0,0.045
Run 3,Alessandro Vieri,34,solo,0,0,318,0,0,0.164948,544,0,0,0.046632
Run 3,Alessandro Vieri,34,solo,0,0,422,1,0,1.0,657,0,0,0.473988
Run 3,Alessandro Vieri,34,solo,0,0,419,0,0,0.030769,625,0,0,0.039773
Run 3,Alessandro Vieri,34,solo,0,0,406,0,0,0.037736,674,0,0,0.049505
Run 3,Alessandro Vieri,34,solo,0,0,328,0,0,0.12381,689,0,0,0.023346
Run 3,Alessandro Vieri,34,joint,1,0,11,1,0,0.0,0,0,0,0.0
Run 3,Alessandro Vieri,34,solo,0,0,424,1,0,1.0,657,1,0,1.0
Run 3,Alessandro Vieri,34,solo,0,0,422,1,0,1.0,657,1,0,1.0
Run 3,Alessandro Vieri,34,solo,0,0,490,0,0,0.030864,642,0,0,0.014851
Run 3,Alessandro Vieri,34,solo,0,0,493,0,0,0.036496,700,0,0,0.05291
Run 3,Alessandro Vieri,34,solo,0,0,493,0,0,0.047297,659,0,0,0.061856
Run 3,Alessandro Vieri,34,solo,1,0,11,1,0,0.0,11,1,0,0.0
Run 3,Alessandro Vieri,34,solo,0,0,407,0,0,0.03125,578,0,0,0.108808
Run 3,Alessandro Vieri,34,solo,0,0,376,0,0,0.022727,601,0,0,0.05
Run 3,Alessandro Vieri,34,solo,0,0,356,0,0,0.018868,537,0,0,0.015957
Run 3,Alessandro Vieri,35,solo,0,0,422,1,0,1.0,733,0,0,0.573248
Run 3,Alessandro Vieri,35,solo,0,0,357,0,0,0.038835,618,0,0,0.034314
Run 3,Alessandro Vieri,35,solo,0,0,329,0,0,0.038462,646,0,0,0.042254
Run 3,Alessandro Vieri,35,solo,0,0,304,0,0,0.052632,648,0,0,0.055838
Run 3,Alessandro Vieri,35,joint,1,0,11,1,0,0.0,0,0,0,0.0
Run 3,Alessandro Vieri,35,solo,0,0,424,1,0,1.0,607,0,0,0.169231
Run 3,Alessandro Vieri,35,solo,0,0,422,1,0,1.0,607,1,0,1.0
Run 3,Alessandro Vieri,35,solo,0,0,322,0,0,0.04902,586,0,0,0.02381
Run 3,Alessandro Vieri,35,solo,0,0,420,0,0,0.089431,832,0,0,0.028455
Run 3,Alessandro Vieri,35,solo,0,0,420,0,0,0.06,762,0,0,0.040179
Run 3,Alessandro Vieri,35,solo,0,0,422,1,0,1.0,607,1,0,1.0
Run 3,Alessandro Vieri,35,solo,0,0,356,0,0,0.016807,440,0,0,0.034884
Run 3,Alessandro Vieri,35,solo,0,0,507,0,0,0.049689,615,0,0,0.074866
Run 3,Alessandro Vieri,35,solo,0,0,275,0,0,0.038462,572,0,0,0.066298
Run 3,Alessandro Vieri,35,solo,1,0,11,1,0,0.0,11,1,0,0.0
Run 3,Alessandro Vieri,35,solo,0,0,367,0,0,0.119048,595,0,0,0.050761
Run 3,Alessandro Vieri,35,solo,0,0,355,0,0,0.075188,599,0,0,0.020725
Run 3,Alessandro Vieri,35,solo,0,0,271,0,0,0.033333,622,0,0,0.035242
Run 3,Alessandro Vieri,36,joint,1,0,11,1,0,0.0,0,0,0,0.0
Run 3,Alessandro Vieri,36,solo,0,0,424,1,0,1.0,686,0,0,0.146341
Run 3,Alessandro Vieri,36,solo,0,0,422,1,0,1.0,651,0,0,0.690141
Run 3,Alessandro Vieri,36,solo,0,0,432,0,0,0.104348,774,0,0,0.034335
Run 3,Alessandro Vieri,36,solo,0,0,476,0,0,0.045113,678,0,0,0.014563
Run 3,Alessandro Vieri,36,solo,0,0,364,0,0,0.009804,603,0,0,0.04712
Run 3,Alessandro Vieri,36,joint,1,0,11,1,0,0.0,0,0,0,0.0
Run 3,Alessandro Vieri,36,solo,0,0,424,1,0,1.0,686,1,0,1.0
Run 3,Alessandro Vieri,36,solo,0,0,422,1,0,1.0,551,0,0,0.722222
Run 3,Alessandro Vieri,36,solo,0,0,368,0,0,0.010204,721,0,0,0.021645
Run 3,Alessandro Vieri,36,solo,0,0,416,0,0,0.009524,663,0,0,0.028302
Run 3,Alessandro Vieri,36,solo,0,0,271,0,0,0.028571,491,0,0,0.026316
Run 3,Alessandro Vieri,36,solo,0,0,422,1,0,1.0,551,1,0,1.0
Run 3,Alessandro Vieri,36,solo,0,0,448,0,0,0.096491,725,0,0,0.022831
Run 3,Alessandro Vieri,36,solo,0,0,402,0,0,0.057851,649,0,0,0.046296
Run 3,Alessandro Vieri,36,solo,0,0,385,0,0,0.063492,639,0,0,0.026596
Run 3,Alessandro Vieri,37,joint,1,0,11,1,0,0.0,0,0,0,0.0
Run 3,Alessandro Vieri,37,solo,0,0,424,1,0,1.0,705,0,1,0.819549
Run 3,Alessandro Vieri,37,solo,0,0,422,1,0,1.0,710,0,1,0.952756
Run 3,Alessandro Vieri,37,solo,0,0,339,0,0,0.034188,626,0,0,0.086957
Run 3,Alessandro Vieri,37,solo,0,0,405,0,0,0.056075,778,0,0,0.053942
Run 3,Alessandro Vieri,37,solo,0,0,333,0,0,0.033333,609,0,0,0.022222
Run 3,Alessandro Vieri,37,solo,0,0,422,1,0,1.0,710,1,0,1.0
Run 3,Alessandro Vieri,37,solo,0,0,438,0,0,0.122807,662,0,0,0.034483
Run 3,Alessandro Vieri,37,solo,0,0,270,0,0,0.039216,714,0,0,0.040541
Run 3,Alessandro Vieri,37,solo,0,0,392,0,0,0.074074,537,0,0,0.046632
Run 3,Alessandro Vieri,37,joint,1,0,11,1,0,0.0,0,0,0,0.0
Run 3,Alessandro Vieri,37,solo,1,0,424,1,0,1.0,11,1,0,0.0
Run 3,Alessandro Vieri,37,solo,1,0,11,1,0,0.0,11,1,0,0.0
Run 3,Alessandro Vieri,37,solo,0,0,321,0,0,0.035398,514,0,0,0.010152
Run 3,Alessandro Vieri,37,solo,0,0,412,0,0,0.022059,709,0,0,0.069652
Run 3,Alessandro Vieri,37,solo,0,0,308,0,0,0.020833,610,0,0,0.023923
Run 3,Alessandro Vieri,38,solo,0,0,422,1,0,1.0,574,0,0,0.661765
Run 3,Alessandro Vieri,38,solo,0,0,526,0,0,0.039474,565,0,0,0.047872
Run 3,Alessandro Vieri,38,solo,0,0,341,0,0,0.019608,711,0,0,0.025862
Run 3,Alessandro Vieri,38,solo,0,0,358,0,0,0.03,746,0,0,0.012048
Run 3,Alessandro Vieri,38,joint,0,0,413,0,0,0.0,461,0,0,0.0
Run 3,Alessandro Vieri,38,solo,0,0,424,1,0,1.0,572,0,1,0.951456
Run 3,Alessandro Vieri,38,solo,0,0,422,1,0,1.0,784,0,0,0.742647
Run 3,Alessandro Vieri,38,solo,0,0,255,0,0,0.020202,510,0,0,0.037433
Run 3,Alessandro Vieri,38,solo,0,0,414,0,0,0.019737,692,0,0,0.044643
Run 3,Alessandro Vieri,38,solo,0,0,444,0,0,0.042254,825,0,0,0.036145
Run 3,Alessandro Vieri,38,joint,1,0,11,1,0,0.0,0,0,0,0.0
Run 3,Alessandro Vieri,38,solo,0,0,424,1,0,1.0,784,1,0,1.0
Run 3,Alessandro Vieri,38,solo,1,0,422,1,0,1.0,11,1,0,0.0
Run 3,Alessandro Vieri,38,solo,0,0,365,0,0,0.056075,564,0,0,0.017391
Run 3,Alessandro Vieri,38,solo,0,0,270,0,0,0.031915,548,0,0,0.050279
Run 3,Alessandro Vieri,38,solo,0,0,297,0,0,0.109091,749,0,0,0.060606
Run 3,Alessandro Vieri,39,solo,0,0,422,1,0,1.0,780,0,0,0.6
Run 3,Alessandro Vieri,39,solo,0,0,712,0,0,0.015957,642,0,0,0.018868
Run 3,Alessandro Vieri,39,solo,0,0,310,0,0,0.038835,601,0,0,0.022124
Run 3,Alessandro Vieri,39,solo,0,0,227,0,0,0.031915,598,0,0,0.010638
Run 3,Alessandro Vieri,39,joint,1,0,11,1,0,0.0,0,0,0,0.0
Run 3,Alessandro Vieri,39,solo,0,0,424,1,0,1.0,780,1,0,1.0
Run 3,Alessandro Vieri,39,solo,0,0,422,1,0,1.0,780,1,0,1.0
Run 3,Alessandro Vieri,39,solo,0,0,386,0,0,0.02381,584,0,0,0.016949
Run 3,Alessandro Vieri,39,solo,0,0,399,0,0,0.027778,691,0,0,0.017021
Run 3,Alessandro Vieri,39,solo,0,0,472,0,0,0.022901,677,0,0,0.009569
Run 3,Alessandro Vieri,39,solo,0,0,422,1,0,1.0,780,1,0,1.0
Run 3,Alessandro Vieri,39,solo,0,0,338,0,0,0.072072,595,0,0,0.042781
Run 3,Alessandro Vieri,39,solo,0,0,335,0,0,0.04717,912,0,0,0.047009
Run 3,Alessandro Vieri,39,solo,0,0,220,0,0,0.061224,608,0,0,0.027933
Run 3,Alessandro Vieri,39,solo,1,0,11,1,0,0.0,11,1,0,0.0
Run 3,Alessandro Vieri,39,solo,0,0,398,0,0,0.023622,499,0,0,0.022099
Run 3,Alessandro Vieri,39,solo,0,0,445,0,0,0.043478,688,0,0,0.079812
Run 3,Alessandro Vieri,39,solo,0,0,157,0,0,0.097222,673,0,0,0.005025
Run 3,Alessandro Vieri,40,solo,0,0,422,1,0,1.0,621,0,0,0.793103
Run 3,Alessandro Vieri,40,solo,0,0,493,0,0,0.045113,765,0,0,0.039409
Run 3,Alessandro Vieri,40,solo,0,0,439,0,0,0.06087,828,0,0,0.029787
Run 3,Alessandro Vieri,40,solo,0,0,422,0,0,0.055556,641,0,0,0.108374
Run 3,Alessandro Vieri,40,joint,1,0,11,1,0,0.0,0,0,0,0.0
Run 3,Alessandro Vieri,40,solo,0,0,424,1,0,1.0,621,1,0,1.0
Run 3,Alessandro Vieri,40,solo,0,0,422,1,0,1.0,621,1,0,1.0
Run 3,Alessandro Vieri,40,solo,0,0,458,0,0,0.021739,561,0,0,0.029126
Run 3,Alessandro Vieri,40,solo,0,0,507,0,0,0.018519,652,0,0,0.063063
Run 3,Alessandro Vieri,40,solo,0,0,326,0,0,0.005208,570,0,0,0.074468
Run 3,Alessandro Vieri,40,joint,1,0,11,1,0,0.0,0,0,0,0.0
Run 3,Alessandro Vieri,40,solo,1,0,11,1,0,0.0,11,1,0,0.0
Run 3,Alessandro Vieri,40,solo,1,0,11,1,0,0.0,11,1,0,0.0
Run 3,Alessandro Vieri,40,solo,0,0,514,0,0,0.039735,754,0,0,0.079295
Run 3,Alessandro Vieri,40,solo,0,0,618,0,0,0.016484,773,0,0,0.036199
Run 3,Alessandro Vieri,40,solo,0,0,450,0,0,0.025641,608,0,0,0.031579
Run 3,Alessandro Vieri,41,joint,1,0,11,1,0,0.0,0,0,0,0.0
Run 3,Alessandro Vieri,41,solo,0,0,424,1,0,1.0,628,0,1,0.911504
Run 3,Alessandro Vieri,41,solo,0,0,422,1,0,1.0,628,1,0,1.0
Run 3,Alessandro Vieri,41,solo,0,0,471,0,0,0.042945,711,0,0,0.048246
Run 3,Alessandro Vieri,41,solo,0,0,402,0,0,0.010204,614,0,0,0.019704
Run 3,Alessandro Vieri,41,solo,0,0,458,0,0,0.052288,643,0,0,0.061611
Run 3,Alessandro Vieri,41,solo,0,0,422,1,0,1.0,628,1,0,1.0
Run 3,Alessandro Vieri,41,solo,0,0,313,0,0,0.064748,528,0,0,0.031447
Run 3,Alessandro Vieri,41,solo,0,0,285,0,0,0.044444,644,0,0,0.009346
Run 3,Alessandro Vieri,41,solo,0,0,264,0,0,0.044444,676,0,0,0.019324
Run 3,Alessandro Vieri,41,joint,1,0,11,1,0,0.0,0,0,0,0.0
Run 3,Alessandro Vieri,41,solo,0,0,424,1,0,1.0,628,1,0,1.0
Run 3,Alessandro Vieri,41,solo,0,0,422,1,0,1.0,628,1,0,1.0
Run 3,Alessandro Vieri,41,solo,0,0,506,0,0,0.059172,508,0,0,0.030769
Run 3,Alessandro Vieri,41,solo,0,0,939,0,0,0.005208,813,0,0,0.037037
Run 3,Alessandro Vieri,41,solo,0,0,330,0,0,0.039216,634,0,0,0.023585
Run 3,Alessandro Vieri,42,joint,1,0,11,1,0,0.0,0,0,0,0.0
Run 3,Alessandro Vieri,42,solo,0,0,424,1,0,1.0,623,0,0,0.392157
Run 3,Alessandro Vieri,42,solo,0,0,422,1,0,1.0,623,1,0,1.0
Run 3,Alessandro Vieri,42,solo,0,0,491,0,0,0.038462,587,0,0,0.011765
Run 3,Alessandro Vieri,42,solo,0,0,573,0,0,0.021127,810,0,0,0.02008
Run 3,Alessandro Vieri,42,solo,0,0,409,0,0,0.065574,557,0,0,0.037234
Run 3,Alessandro Vieri,42,solo,0,0,422,1,0,1.0,743,0,0,0.642384
Run 3,Alessandro Vieri,42,solo,0,0,325,0,0,0.061538,540,0,0,0.06135
Run 3,Alessandro Vieri,42,solo,0,0,518,0,0,0.046875,581,0,0,0.033755
Run 3,Alessandro Vieri,42,solo,0,0,346,0,0,0.103774,604,0,0,0.046083
Run 3,Alessandro Vieri,42,joint,1,0,11,1,0,0.0,0,0,0,0.0
Run 3,Alessandro Vieri,42,solo,0,0,426,1,0,1.0,631,0,1,0.925
Run 3,Alessandro Vieri,42,joint,1,0,11,1,0,0.0,0,0,0,0.0
Run 3,Alessandro Vieri,42,solo,1,0,426,1,0,1.0,11,1,0,0.0
Run 3,Alessandro Vieri,43,solo,0,0,424,1,0,1.0,600,0,0,0.573427
Run 3,Alessandro Vieri,43,solo,0,0,394,0,0,0.018182,667,0,0,0.07177
Run 3,Alessandro Vieri,43,solo,0,0,420,0,0,0.02963,754,0,0,0.017391
Run 3,Alessandro Vieri,43,solo,0,0,339,0,0,0.035714,590,0,0,0.020942
Run 3,Alessandro Vieri,43,solo,0,0,422,1,0,1.0,600,1,0,1.0
Run 3,Alessandro Vieri,43,solo,0,0,520,0,0,0.061728,533,0,0,0.038462
Run 3,Alessandro Vieri,43,solo,0,0,549,0,0,0.052326,653,0,0,0.014493
Run 3,Alessandro Vieri,43,solo,0,0,373,0,0,0.222222,662,0,0,0.079439
Run 3,Alessandro Vieri,43,joint,1,0,11,1,0,0.0,0,0,0,0.0
Run 3,Alessandro Vieri,43,solo,0,0,424,1,0,1.0,600,1,0,1.0
Run 3,Alessandro Vieri,43,solo,0,0,422,1,0,1.0,600,1,0,1.0
Run 3,Alessandro Vieri,43,solo,0,0,770,0,0,0.016393,702,0,0,0.03211
Run 3,Alessandro Vieri,43,solo,0,0,465,0,0,0.038168,658,0,0,0.020202
Run 3,Alessandro Vieri,43,solo,0,0,367,0,0,0.031746,571,0,0,0.038251
Run 3,Alessandro Vieri,43,solo,1,0,11,1,0,0.0,11,1,0,0.0
Run 3,Alessandro Vieri,43,solo,0,0,274,0,0,0.04,691,0,0,0.042254
Run 3,Alessandro Vieri,43,solo,0,0,357,0,0,0.020979,653,0,0,0.023585
Run 3,Alessandro Vieri,43,solo,0,0,354,0,0,0.018182,842,0,0,0.052
Run 3,Alessandro Vieri,44,solo,0,0,422,1,0,1.0,601,0,0,0.692308
Run 3,Alessandro Vieri,44,solo,0,0,459,0,0,0.038168,631,0,0,0.030457
Run 3,Alessandro Vieri,44,solo,0,0,585,0,0,0.056497,759,0,0,0.027027
Run 3,Alessandro Vieri,44,solo,0,0,258,0,0,0.018018,623,0,0,0.036199
Run 3,Alessandro Vieri,44,solo,0,0,422,1,0,1.0,601,1,0,1.0
Run 3,Alessandro Vieri,44,solo,0,0,372,0,0,0.02521,709,0,0,0.033058
Run 3,Alessandro Vieri,44,solo,0,0,432,0,0,0.021429,957,0,0,0.037736
Run 3,Alessandro Vieri,44,solo,0,0,409,0,0,0.023256,684,0,0,0.017937
Run 3,Alessandro Vieri,44,joint,1,0,11,1,0,0.0,0,0,0,0.0
Run 3,Alessandro Vieri,44,solo,1,0,424,1,0,1.0,11,1,0,0.0
Run 3,Alessandro Vieri,44,solo,1,0,11,1,0,0.0,11,1,0,0.0
Run 3,Alessandro Vieri,44,solo,0,0,479,0,0,0.037267,532,0,0,0.011696
Run 3,Alessandro Vieri,44,solo,0,0,517,0,0,0.042735,759,0,0,0.027523
Run 3,Alessandro Vieri,44,solo,0,0,328,0,0,0.028037,715,0,0,0.056818
Run 3,Alessandro Vieri,44,joint,1,0,11,1,0,0.0,0,0,0,0.0
Run 3,Alessandro Vieri,44,solo,1,0,11,1,0,0.0,11,1,0,0.0
Run 3,Alessandro Vieri,45,solo,0,0,422,1,0,1.0,576,0,1,0.846154
Run 3,Alessandro Vieri,45,solo,0,0,453,0,0,0.030769,523,0,0,0.039024
Run 3,Alessandro Vieri,45,solo,0,0,458,0,0,0.028571,714,0,0,0.02521
Run 3,Alessandro Vieri,45,solo,0,0,292,0,0,0.040404,527,0,0,0.021739
Run 3,Alessandro Vieri,45,joint,1,0,11,1,0,0.0,0,0,0,0.0
Run 3,Alessandro Vieri,45,solo,0,0,443,0,0,0.216667,776,0,0,0.739437
Run 3,Alessandro Vieri,45,solo,0,0,422,1,0,1.0,576,1,0,1.0
Run 3,Alessandro Vieri,45,solo,0,0,607,0,0,0.011628,611,0,0,0.05102
Run 3,Alessandro Vieri,45,solo,0,0,427,0,0,0.036364,668,0,0,0.040404
Run 3,Alessandro Vieri,45,solo,0,0,495,0,0,0.025641,516,0,0,0.03
Run 3,Alessandro Vieri,45,joint,1,0,11,1,0,0.0,0,0,0,0.0
Run 3,Alessandro Vieri,45,solo,0,0,424,1,0,1.0,649,0,1,0.882353
Run 3,Alessandro Vieri,45,solo,0,0,422,1,0,1.0,646,0,1,0.897436
Run 3,Alessandro Vieri,45,solo,0,0,384,0,0,0.04,747,0,0,0.016
Run 3,Alessandro Vieri,45,solo,0,0,407,0,0,0.034783,641,0,0,0.0625
Run 3,Alessandro Vieri,45,solo,0,0,232,0,0,0.022222,602,0,0,0.045
Run 3,Alessandro Vieri,46,joint,1,0,11,1,0,0.0,0,0,0,0.0
Run 3,Alessandro Vieri,46,solo,0,0,424,1,0,1.0,572,0,1,0.875
Run 3,Alessandro Vieri,46,solo,0,0,422,1,0,1.0,572,1,0,1.0
Run 3,Alessandro Vieri,46,solo,0,0,302,0,0,0.05303,597,0,0,0.021053
Run 3,Alessandro Vieri,46,solo,0,0,321,0,0,0.067961,677,0,0,0.027149
Run 3,Alessandro Vieri,46,solo,0,0,315,0,0,0.072072,666,0,0,0.026906
Run 3,Alessandro Vieri,46,solo,0,0,422,1,0,1.0,572,1,0,1.0
Run 3,Alessandro Vieri,46,solo,0,0,411,0,0,0.030534,546,0,0,0.035533
Run 3,Alessandro Vieri,46,solo,0,0,326,0,0,0.032258,612,0,0,0.067308
Run 3,Alessandro Vieri,46,solo,0,0,283,0,0,0.058252,567,0,0,0.045685
Run 3,Alessandro Vieri,46,joint,1,0,11,1,0,0.0,0,0,0,0.0
Run 3,Alessandro Vieri,46,solo,1,0,11,1,0,0.0,11,1,0,0.0
Run 3,Alessandro Vieri,46,solo,1,0,11,1,0,0.0,11,1,0,0.0
Run 3,Alessandro Vieri,46,solo,0,0,358,0,0,0.035971,784,0,0,0.077253
Run 3,Alessandro Vieri,46,solo,0,0,318,0,0,0.015385,559,0,0,0.037234
Run 3,Alessandro Vieri,46,solo,0,0,389,0,0,0.040323,641,0,0,0.04955
Run 3,Alessandro Vieri,47,joint,1,0,11,1,0,0.0,0,0,0,0.0
Run 3,Alessandro Vieri,47,solo,0,0,424,1,0,1.0,638,0,0,0.76
Run 3,Alessandro Vieri,47,solo,0,0,422,1,0,1.0,638,1,0,1.0
Run 3,Alessandro Vieri,47,solo,0,0,454,0,0,0.016393,668,0,0,0.078603
Run 3,Alessandro Vieri,47,solo,0,0,401,0,0,0.02963,660,0,0,0.043716
Run 3,Alessandro Vieri,47,solo,0,0,257,0,0,0.095745,588,0,0,0.050691
Run 3,Alessandro Vieri,47,joint,1,0,11,1,0,0.0,0,0,0,0.0
Run 3,Alessandro Vieri,47,solo,0,0,424,1,0,1.0,638,1,0,1.0
Run 3,Alessandro Vieri,47,solo,0,0,422,1,0,1.0,638,1,0,1.0
Run 3,Alessandro Vieri,47,solo,0,0,304,0,0,0.011111,579,0,0,0.009901
Run 3,Alessandro Vieri,47,solo,0,0,465,0,0,0.046667,670,0,0,0.044335
Run 3,Alessandro Vieri,47,solo,0,0,364,0,0,0.07377,659,0,0,0.082969
Run 3,Alessandro Vieri,47,solo,0,0,422,1,0,1.0,638,1,0,1.0
Run 3,Alessandro Vieri,47,solo,0,0,333,0,0,0.022388,637,0,0,0.020408
Run 3,Alessandro Vieri,47,solo,0,0,499,0,0,0.028571,691,0,0,0.013761
Run 3,Alessandro Vieri,47,solo,0,0,243,0,0,0.02521,626,0,0,0.079439
Run 3,Alessandro Vieri,48,joint,1,0,11,1,0,0.0,0,0,0,0.0
Run 3,Alessandro Vieri,48,solo,0,0,424,1,0,1.0,580,0,1,0.826087
Run 3,Alessandro Vieri,48,solo,0,0,422,1,0,1.0,580,1,0,1.0
Run 3,Alessandro Vieri,48,solo,0,0,447,0,0,0.046512,663,0,0,0.031818
Run 3,Alessandro Vieri,48,solo,0,0,701,0,0,0.023392,658,0,0,0.058511
Run 3,Alessandro Vieri,48,solo,0,0,342,0,0,0.053846,726,0,0,0.044444
Run 3,Alessandro Vieri,48,solo,0,0,422,1,0,1.0,663,0,1,0.905172
Run 3,Alessandro Vieri,48,solo,0,0,316,0,0,0.022727,691,0,0,0.034632
Run 3,Alessandro Vieri,48,solo,0,0,592,0,0,0.032468,734,0,0,0.022222
Run 3,Alessandro Vieri,48,solo,0,0,361,0,0,0.016949,633,0,0,0.018433
Run 3,Alessandro Vieri,48,joint,1,0,11,1,0,0.0,0,0,0,0.0
Run 3,Alessandro Vieri,48,solo,0,0,424,1,0,1.0,663,1,0,1.0
Run 3,Alessandro Vieri,48,solo,0,0,424,1,0,1.0,663,1,0,1.0
Run 3,Alessandro Vieri,48,solo,0,0,601,0,0,0.010753,601,0,0,0.024752
Run 3,Alessandro Vieri,48,solo,0,0,527,0,0,0.042683,638,0,0,0.030303
Run 3,Alessandro Vieri,48,solo,0,0,354,0,0,0.083333,1344,0,0,0.019553
Run 3,Alessandro Vieri,49,joint,1,0,11,1,0,0.0,0,0,0,0.0
Run 3,Alessandro Vieri,49,solo,0,0,424,1,0,1.0,561,0,1,0.927928
Run 3,Alessandro Vieri,49,solo,0,0,422,1,0,1.0,561,1,0,1.0
Run 3,Alessandro Vieri,49,solo,0,0,263,0,0,0.041667,429,0,0,0.006098
Run 3,Alessandro Vieri,49,solo,0,0,304,0,0,0.041667,584,0,0,0.036199
Run 3,Alessandro Vieri,49,solo,0,0,414,0,0,0.018868,763,0,0,0.016878
Run 3,Alessandro Vieri,49,solo,0,0,422,1,0,1.0,561,1,0,1.0
Run 3,Alessandro Vieri,49,solo,0,0,449,0,0,0.082278,556,0,0,0.055556
Run 3,Alessandro Vieri,49,solo,0,0,514,0,0,0.026667,782,0,0,0.046414
Run 3,Alessandro Vieri,49,solo,0,0,235,0,0,0.067416,598,0,0,0.030928
Run 3,Alessandro Vieri,49,solo,1,0,422,1,0,1.0,11,1,0,0.0
Run 3,Alessandro Vieri,49,solo,0,0,338,0,0,0.060606,734,0,0,0.046083
Run 3,Alessandro Vieri,49,solo,0,0,375,0,0,0.084906,529,0,0,0.032086
Run 3,Alessandro Vieri,49,solo,0,0,311,0,0,0.06422,696,0,0,0.044643
Run 3,Alessandro Vieri,49,solo,1,0,11,1,0,0.0,11,1,0,0.0
Run 3,Alessandro Vieri,49,solo,0,0,412,0,0,0.034247,551,0,0,0.047368
Run 3,Alessandro Vieri,49,solo,0,0,317,0,0,0.03125,704,0,0,0.014706
Run 3,Alessandro Vieri,49,solo,0,0,395,0,0,0.0625,685,0,0,0.034783
Run 3,Alessandro Vieri,50,solo,0,0,422,1,0,1.0,567,0,1,0.882883
Run 3,Alessandro Vieri,50,solo,0,0,502,0,0,0.011299,650,0,0,0.031414
Run 3,Alessandro Vieri,50,solo,0,0,631,0,0,0.019737,746,0,0,0.012987
Run 3,Alessandro Vieri,50,solo,0,0,331,0,0,0.021505,560,0,0,0.023474
Run 3,Alessandro Vieri,50,solo,0,0,440,0,0,0.162602,811,0,0,0.037313
Run 3,Alessandro Vieri,50,solo,0,0,527,0,0,0.018519,706,0,0,0.028926
Run 3,Alessandro Vieri,50,solo,0,0,591,0,0,0.034091,665,0,0,0.029046
Run 3,Alessandro Vieri,50,solo,0,0,331,0,0,0.034188,580,0,0,0.039024
Run 3,Alessandro Vieri,50,solo,0,0,422,1,0,1.0,671,0,0,0.778523
Run 3,Alessandro Vieri,50,solo,0,0,359,0,0,0.057143,577,0,0,0.04717
Run 3,Alessandro Vieri,50,solo,0,0,325,0,0,0.112245,649,0,0,0.050505
Run 3,Alessandro Vieri,50,solo,0,0,292,0,0,0.066038,664,0,0,0.031532
Run 3,Alessandro Vieri,50,joint,1,0,11,1,0,0.0,0,0,0,0.0
Run 3,Alessandro Vieri,50,solo,1,0,11,1,0,0.0,11,1,0,0.0
Run 3,Alessandro Vieri,50,joint,1,0,11,1,0,0.0,0,0,0,0.0
Run 3,Alessandro Vieri,50,solo,1,0,11,1,0,0.0,11,1,0,0.0
Run 3,Alessandro Vieri,51,solo,0,1,422,1,0,1.0,650,0,0,0.636364
Run 3,Alessandro Vieri,51,solo,0,1,467,0,0,0.007812,680,0,0,0.025424
Run 3,Alessandro Vieri,51,solo,0,1,483,0,0,0.041667,703,0,0,0.03211
Run 3,Alessandro Vieri,51,solo,0,1,304,0,0,0.024793,604,0,0,0.044118
